{"type": "FeatureCollection", "features": [{"type": "Feature", "properties": {"NAMOBJ": "PT Inhutani Lampung", "ORGANISASI": null}, "geometry": {"type": "MultiPolygon", "coordinates": [[[[105.14086059720326, -5.191540983439719], [105.14091523409114, -5.191502912325552], [105.14076404190436, -5.191608263248049], [105.14086059720326, -5.191540983439719]]], [[[105.14386110040954, -5.194972213596717], [105.14395816386497, -5.194827018143804], [105.14383383365973, -5.195046911118819], [105.14386110040954, -5.194972213596717]]], [[[105.14326603297711, -5.196359440798536], [105.143265091309, -5.196520700071037], [105.14313058740674, -5.196412439182666], [105.14326603297711, -5.196359440798536]]], [[[105.14541164126922, -5.203475345325283], [105.14541409079665, -5.204153371869677], [105.14548180323773, -5.204667623025125], [105.14527780332804, -5.204055548824496], [105.14541164126922, -5.203475345325283]]], [[[105.14552882119818, -5.2060054157172955], [105.14552865123463, -5.205894881617965], [105.14558329772565, -5.206499976110341], [105.14552882119818, -5.2060054157172955]]], [[[105.14558329988738, -5.206500000046818], [105.14558329993702, -5.206500001717576], [105.14558329981122, -5.206499999203565], [105.14558329988738, -5.206500000046818]]], [[[105.14562329853246, -5.207256661702707], [105.14570520006414, -5.207993000336964], [105.14575639742233, -5.208465692287689], [105.14562329853246, -5.207256661702707]]], [[[105.14345945773016, -5.210589125630201], [105.14317084665005, -5.21076050220063], [105.14286104459025, -5.210944475963875], [105.14345945773016, -5.210589125630201]]], [[[105.1390482235123, -5.2134314398446815], [105.13836499998382, -5.2139519999162545], [105.13629257686269, -5.2157253986616405], [105.13830560142242, -5.213972215645183], [105.1390482235123, -5.2134314398446815]]], [[[105.13519829694663, -5.216588259294722], [105.13312899968159, -5.218362000313464], [105.1319903458823, -5.219176425417755], [105.13100361692686, -5.220065958326634], [105.1319903461776, -5.2191764187566605], [105.13308330035409, -5.2183888824409275], [105.13448529306186, -5.217106966313394], [105.13519829694663, -5.216588259294722]]], [[[105.13081431376435, -5.220221179400366], [105.12789220453728, -5.222223069876932], [105.12024123867339, -5.222958057372387], [105.12856110171356, -5.221514352105601], [105.13081431376435, -5.220221179400366]]], [[[105.11694867173358, -5.222798773023654], [105.11883799689939, -5.223096638656884], [105.1174769969963, -5.222937638582751], [105.11694867173358, -5.222798773023654]]], [[[105.11558330002936, -5.221888882865577], [105.11546999749966, -5.221869538373186], [105.11500103155048, -5.2213793455835855], [105.11558330002936, -5.221888882865577]]], [[[105.1111111009966, -5.221138880654784], [105.11109064383199, -5.221139840660778], [105.11109058637693, -5.221139834892577], [105.1111111009966, -5.221138880654784]]], [[[105.10936109943526, -5.2212499918935595], [105.10927578771934, -5.221395829679401], [105.10697341963642, -5.22191632132855], [105.10936109943526, -5.2212499918935595]]], [[[105.1061986199051, -5.221221798174868], [105.10619854728428, -5.221221723369145], [105.10620204754713, -5.221224870690299], [105.1061986199051, -5.221221798174868]]], [[[105.10497227693605, -5.220285752895947], [105.10443169965195, -5.219893799957681], [105.10352901925575, -5.219338448980279], [105.10352900750175, -5.219338429449731], [105.10436109998483, -5.219805550285863], [105.10497227693605, -5.220285752895947]]], [[[105.10024935536269, -5.21629881493923], [105.09800075161246, -5.214621503826592], [105.0979673183992, -5.213983848820709], [105.09806182119615, -5.214456360272785], [105.10024935536269, -5.21629881493923]]], [[[105.09791554196875, -5.213724966833695], [105.0976298189711, -5.213641279168716], [105.09767389933891, -5.213483321527575], [105.09791554196875, -5.213724966833695]]], [[[105.0982918191581, -5.212208293817257], [105.10103850391307, -5.209639692286817], [105.1045548624734, -5.206351271130806], [105.09954707223966, -5.211151288800866], [105.0982918191581, -5.212208293817257]]], [[[105.10594873907563, -5.205047733634664], [105.10618535399864, -5.204826454042163], [105.10710027897552, -5.202858548677962], [105.10724464427064, -5.203183471041043], [105.10650000077449, -5.204555550298375], [105.10594873907563, -5.205047733634664]]], [[[105.10833850426526, -5.203036986221066], [105.10932347747983, -5.202533630233519], [105.1093621989728, -5.202533623515921], [105.10833850426526, -5.203036986221066]]], [[[105.11015883034037, -5.202132086956012], [105.11193189281035, -5.200066195426467], [105.1132450923337, -5.198961809301984], [105.11046166187623, -5.202132086926216], [105.11015883034037, -5.202132086956012]]], [[[105.11354415629899, -5.198672305101954], [105.11706912866251, -5.194429278337346], [105.11836014184888, -5.193588869993842], [105.11354415629899, -5.198672305101954]]], [[[105.1199309789124, -5.19261292112577], [105.1195324407696, -5.1929065805741725], [105.1195122775586, -5.1929178254804595], [105.1199309789124, -5.19261292112577]]], [[[105.12019185250409, -5.192420698528666], [105.12084828347164, -5.191234829291604], [105.12108580172485, -5.190404716716576], [105.12019185250409, -5.192420698528666]]], [[[105.12111574692302, -5.190303949696706], [105.12529655318231, -5.188742134233834], [105.1289705847945, -5.18754824079796], [105.12111574692302, -5.190303949696706]]], [[[105.130888899703, -5.186805547438042], [105.13090289851772, -5.186794561506241], [105.1311796175278, -5.186872710938359], [105.130888899703, -5.186805547438042]]], [[[104.86111065812392, -4.510130771936042], [104.86112907741234, -4.5101311619932245], [104.86107161832471, -4.510240189140461], [104.86111065812392, -4.510130771936042]]], [[[104.84702035215355, -4.547724128662224], [104.8435496361226, -4.558374879878744], [104.842457394197, -4.558358635478304], [104.84659436643693, -4.548830077146304], [104.84702035215355, -4.547724128662224]]], [[[104.82836876843548, -4.558243945480466], [104.82815855341245, -4.5582174358886975], [104.82893359182304, -4.558244080202377], [104.82836876843548, -4.558243945480466]]], [[[104.82684212976828, -4.558156716349199], [104.82376157981128, -4.558224012923703], [104.8236041463522, -4.58210604719221], [104.82354356968006, -4.5589890959699355], [104.823829214147, -4.557951563413889], [104.82684212976828, -4.558156716349199]]], [[[104.82269963996941, -4.584252074490731], [104.80099247367644, -4.58452011951258], [104.78297478843817, -4.584318701297078], [104.82269963996941, -4.584252074490731]]], [[[104.78099619990431, -4.582773342158357], [104.78257308162435, -4.584417137056194], [104.78195050445827, -4.584345207214048], [104.78151878633886, -4.584259041496187], [104.78127559420543, -4.584241018315506], [104.78099619990431, -4.582773342158357]]], [[[104.7801568813013, -4.582324519351424], [104.78013208366247, -4.582308348969554], [104.78019649704277, -4.582329831982128], [104.7801568813013, -4.582324519351424]]], [[[104.77924234517081, -4.581504827357073], [104.7785944680764, -4.580529041843559], [104.77752889335164, -4.580338568155155], [104.7787094132089, -4.580177302340594], [104.77924234517081, -4.581504827357073]]], [[[104.77857208223588, -4.579020015161521], [104.77702378636339, -4.57885302138285], [104.77636379418102, -4.578017789109796], [104.77789595852929, -4.578149708514749], [104.77857208223588, -4.579020015161521]]], [[[104.76840180471501, -4.57947055229668], [104.7674767841425, -4.578391506454569], [104.7680056291238, -4.57709644078225], [104.7689743024222, -4.577590460930992], [104.76840180471501, -4.57947055229668]]], [[[104.76693183776108, -4.575994306065202], [104.76686950616487, -4.575474510718782], [104.76660025535983, -4.574724999085957], [104.76697250867437, -4.574953956260013], [104.76693183776108, -4.575994306065202]]], [[[104.76660283102605, -4.57411217204894], [104.76662118312117, -4.574130594551265], [104.7665960931434, -4.574185539461214], [104.76660283102605, -4.57411217204894]]], [[[104.76399806036228, -4.573234112564192], [104.76383493793415, -4.57314351447108], [104.76412434586194, -4.572998945245107], [104.76399806036228, -4.573234112564192]]], [[[104.76241231817403, -4.570411032742923], [104.76225445796327, -4.570252913663174], [104.76226813706495, -4.570230052275061], [104.76241231817403, -4.570411032742923]]], [[[104.74984545540349, -4.569746345617315], [104.74969118839766, -4.569606227645231], [104.74982745907006, -4.5696558774167695], [104.74984545540349, -4.569746345617315]]], [[[104.74919662684702, -4.569005264443605], [104.7491744891789, -4.568125904251071], [104.74955458613222, -4.56772312229274], [104.74999003041563, -4.568778405299092], [104.74919662684702, -4.569005264443605]]], [[[104.7478733626656, -4.563403952430412], [104.74737492624088, -4.565531851034577], [104.7474088609825, -4.564391849252233], [104.7478733626656, -4.563403952430412]]], [[[104.74712538303004, -4.562643771692651], [104.747151620903, -4.5627553551577895], [104.7470414549798, -4.562649003930828], [104.74712538303004, -4.562643771692651]]], [[[104.74539506403102, -4.561032853883041], [104.74530137618814, -4.561290772059682], [104.74501112088072, -4.561126094617374], [104.74539506403102, -4.561032853883041]]], [[[104.73927537535832, -4.556860154272667], [104.73846594681442, -4.556599954338164], [104.73859996358897, -4.555957841770377], [104.73927537535832, -4.556860154272667]]], [[[104.7368497400905, -4.555389218148989], [104.73639710408541, -4.553456013141656], [104.7365040544339, -4.55269107305525], [104.73654014581115, -4.553683543760478], [104.7368497400905, -4.555389218148989]]], [[[104.73655194858904, -4.551560345152019], [104.73657661013065, -4.5513386631257635], [104.73654377795117, -4.551853033157069], [104.73655194858904, -4.551560345152019]]], [[[104.73669220156103, -4.549446200449723], [104.73669304300938, -4.549296021081678], [104.73672209395127, -4.548943018383314], [104.73669220156103, -4.549446200449723]]], [[[104.7371958989425, -4.542911354918607], [104.73723827203514, -4.542366595241225], [104.73725236241026, -4.542253916500972], [104.7371958989425, -4.542911354918607]]], [[[104.73708893214167, -4.531235977058181], [104.73653004846354, -4.522944154527821], [104.73648033540013, -4.5093239445404905], [104.73670897823683, -4.52393768917295], [104.73755638691779, -4.528868085593621], [104.73708893214167, -4.531235977058181]]], [[[104.59768973733797, -4.509622961322739], [104.59729253377982, -4.511247706820762], [104.58834799858144, -4.515163993245197], [104.58923554401223, -4.517813294106126], [104.5878728874239, -4.514352355976425], [104.59768973733797, -4.509622961322739]]], [[[104.58932851862822, -4.518049431615141], [104.59278395505919, -4.526118036442512], [104.59377250528398, -4.5288520002835], [104.59315965009785, -4.527779805193805], [104.58932851862822, -4.518049431615141]]], [[[104.59341295742321, -4.5310354641571795], [104.59339696030358, -4.53108202628461], [104.59337252929406, -4.531141199969806], [104.59341295742321, -4.5310354641571795]]], [[[104.59288675311028, -4.532341290380583], [104.5924080295113, -4.5335660051385025], [104.59198850045182, -4.534282540245092], [104.59260101642383, -4.533008002217462], [104.59288675311028, -4.532341290380583]]], [[[104.59149456702075, -4.535435052985241], [104.59126200264144, -4.53630799005024], [104.59087529180613, -4.536861725857688], [104.59149456702075, -4.535435052985241]]], [[[104.58811260293194, -4.543474057184138], [104.58740699146158, -4.545230994330833], [104.58702798264653, -4.545944649491884], [104.58755333042194, -4.544779028829051], [104.58811260293194, -4.543474057184138]]], [[[104.58605620023349, -4.548100807006563], [104.58607539753491, -4.548151466394411], [104.58604290138263, -4.548264822045351], [104.58605620023349, -4.548100807006563]]], [[[104.58597073124835, -4.549154918746156], [104.58595503641864, -4.549426022152096], [104.58594639911504, -4.549455017767949], [104.58597073124835, -4.549154918746156]]], [[[104.58565790491667, -4.550508977535927], [104.58555454867663, -4.5510610826576325], [104.58554156409195, -4.550814370087045], [104.58565790491667, -4.550508977535927]]], [[[104.58254700333733, -4.559798047619971], [104.58229801981315, -4.560541969441724], [104.58207810976694, -4.561054281441155], [104.58217302476532, -4.560826483755199], [104.58254700333733, -4.559798047619971]]], [[[104.58091921599836, -4.563878814786471], [104.58029696692255, -4.565551024295228], [104.58010157030763, -4.56595214523196], [104.58091921599836, -4.563878814786471]]], [[[104.57933361801535, -4.567903010135282], [104.57896196653809, -4.568918975651611], [104.5787208026694, -4.56945988911334], [104.5788044854387, -4.569247891876671], [104.57933361801535, -4.567903010135282]]], [[[104.57711482603455, -4.5734734910856165], [104.5769109862782, -4.573967971759747], [104.5768840788262, -4.574013779304208], [104.57711482603455, -4.5734734910856165]]], [[[104.57578724510694, -4.576582001784321], [104.57556295440284, -4.5772089831638105], [104.57523316721667, -4.57789846923035], [104.5754827279456, -4.577295013853757], [104.57578724510694, -4.576582001784321]]], [[[104.57453266982616, -4.579592317162697], [104.5744719604581, -4.579788031301514], [104.57442635813628, -4.579849385691944], [104.57453266982616, -4.579592317162697]]], [[[104.57335593293006, -4.5805758063283335], [104.57341500261897, -4.580587441026629], [104.57333739164649, -4.580583568041292], [104.57335593293006, -4.5805758063283335]]], [[[104.57258499180398, -4.580518700277768], [104.57265520027495, -4.580579271377306], [104.57257618721825, -4.580519218214417], [104.57258499180398, -4.580518700277768]]], [[[104.56618739524778, -4.585062348748946], [104.56617371394859, -4.585084370383262], [104.56614053258488, -4.585069906962503], [104.56618739524778, -4.585062348748946]]], [[[104.56419144018287, -4.586365037316559], [104.56434737583199, -4.586449825300111], [104.56468451525126, -4.586573800738176], [104.5645899990293, -4.586573241162113], [104.56425092943692, -4.586412625841949], [104.56419144018287, -4.586365037316559]]], [[[104.56495881369835, -4.586781439611677], [104.56497394844808, -4.586803421285355], [104.56489728625667, -4.586898908163537], [104.56495881369835, -4.586781439611677]]], [[[104.56389995641791, -4.587655895403202], [104.56399917118146, -4.588204079260499], [104.56373052564375, -4.588360490329276], [104.56389995641791, -4.587655895403202]]], [[[104.56336412948197, -4.587671573003379], [104.56297998931797, -4.586745979024103], [104.56231909314718, -4.585952221209373], [104.56271666803987, -4.586084655682277], [104.56336412948197, -4.587671573003379]]], [[[104.56005950774016, -4.584820767364474], [104.55969300988983, -4.5844720296986505], [104.55871950950159, -4.582699104699414], [104.56005950774016, -4.584820767364474]]], [[[104.55737500026281, -4.58166670705978], [104.55724004277779, -4.581606040775573], [104.55712199060154, -4.581494112830018], [104.55737500026281, -4.58166670705978]]], [[[104.55393078889168, -4.579298994549533], [104.55374797984538, -4.578222030352345], [104.55344678928485, -4.577957846223152], [104.55384316532985, -4.578247505617858], [104.55393078889168, -4.579298994549533]]], [[[104.55173139438841, -4.576284450167171], [104.55161201658613, -4.576238977133903], [104.55143273365236, -4.576085343639147], [104.55173139438841, -4.576284450167171]]], [[[104.54884629731885, -4.574083447593006], [104.54885096853015, -4.574106982118828], [104.54812704797612, -4.573515621498001], [104.54884629731885, -4.574083447593006]]], [[[104.54807509395127, -4.573474611339819], [104.54733603392832, -4.57290302823913], [104.54708898508078, -4.5727155036575455], [104.54715093137042, -4.572745001880256], [104.54807509395127, -4.573474611339819]]], [[[104.54420470926927, -4.571657370314657], [104.54316697254932, -4.570194044643246], [104.54260414794557, -4.570089915387998], [104.54328430882384, -4.57018708176839], [104.54420470926927, -4.571657370314657]]], [[[104.54176739894638, -4.570068106857608], [104.54128845156605, -4.570350608329092], [104.54121278434258, -4.5703016347126155], [104.54176739894638, -4.570068106857608]]], [[[104.54126181217246, -4.570362642882614], [104.54070995660135, -4.570611957762511], [104.54076999784222, -4.570135704505438], [104.54126181217246, -4.570362642882614]]], [[[104.54084262098588, -4.569489686757584], [104.54102701199342, -4.567634974679595], [104.54140101653235, -4.564264959090128], [104.54172170229342, -4.561828535851882], [104.54084262098588, -4.569489686757584]]], [[[104.5418329651007, -4.560635979705198], [104.54190656078488, -4.560289258209988], [104.5417591146821, -4.561517008610865], [104.5418329651007, -4.560635979705198]]], [[[104.54207075836237, -4.558922042256155], [104.54216513028497, -4.558130711293765], [104.542175631982, -4.55804878092166], [104.54207075836237, -4.558922042256155]]], [[[104.54240295383647, -4.556155921675641], [104.5425999665291, -4.5543280147878695], [104.54271977466276, -4.553548653043551], [104.54240295383647, -4.556155921675641]]], [[[104.54294503597573, -4.551637004288996], [104.54299554251551, -4.551310075652148], [104.54292396932242, -4.551891073994923], [104.54294503597573, -4.551637004288996]]], [[[104.54334132706546, -4.548503207841233], [104.54352998652128, -4.546074980731636], [104.54369901745163, -4.545401725544523], [104.54334132706546, -4.548503207841233]]], [[[104.54373515880341, -4.545035807267734], [104.5437900192644, -4.5435569733660195], [104.54394804780587, -4.542880381329221], [104.54373515880341, -4.545035807267734]]], [[[104.54405939311252, -4.541753076072512], [104.54390603849058, -4.540972021144716], [104.54441347346294, -4.538160959845981], [104.54405939311252, -4.541753076072512]]], [[[104.54591042542586, -4.522557132705465], [104.54587500585504, -4.519144959226821], [104.54594834733163, -4.518581657767785], [104.54591042542586, -4.522557132705465]]], [[[104.54595343114701, -4.518087906902821], [104.54587797086062, -4.517421970907458], [104.54591952239312, -4.516187682691787], [104.54595343114701, -4.518087906902821]]], [[[104.54666295017232, -4.513222462750363], [104.54591598604094, -4.514707963864905], [104.54631700398986, -4.513879015482571], [104.54666295017232, -4.513222462750363]]], [[[104.54678144670646, -4.512984988966021], [104.54638603485132, -4.512311034128766], [104.54638391283491, -4.512305788840004], [104.54678144670646, -4.512984988966021]]], [[[104.54606069805615, -4.51150693604409], [104.5459389731864, -4.508757029967282], [104.54597811092206, -4.507976066481393], [104.54606069805615, -4.51150693604409]]], [[[104.54594055748062, -4.506370527663002], [104.54585502018196, -4.505176022727916], [104.54580730516665, -4.50475435959187], [104.54594055748062, -4.506370527663002]]], [[[104.54571381294217, -4.503936704815027], [104.54559895851025, -4.5033850233826715], [104.54548357406239, -4.502777632807402], [104.54571381294217, -4.503936704815027]]], [[[104.5452448240459, -4.501658465825513], [104.54528585076145, -4.5017822430560335], [104.54540347905302, -4.502374415400059], [104.5452448240459, -4.501658465825513]]], [[[104.5440773525878, -4.498202575288583], [104.54434995707723, -4.49904700230544], [104.54407392973376, -4.498194262671865], [104.5440773525878, -4.498202575288583]]], [[[104.5434779131467, -4.496746790637657], [104.54337603912163, -4.496504967277846], [104.54290671301811, -4.4953595917006375], [104.5434779131467, -4.496746790637657]]], [[[104.54263947333311, -4.494710577930795], [104.54230501277713, -4.494016968345212], [104.5420311654145, -4.49344028843907], [104.54263947333311, -4.494710577930795]]], [[[104.54185721265303, -4.4930770370143565], [104.54152199338603, -4.492388021311609], [104.54125389927884, -4.491817179118515], [104.54185721265303, -4.4930770370143565]]], [[[104.54044741484182, -4.4901193665954], [104.54036000506092, -4.4899359682410545], [104.54025493863568, -4.48970691864362], [104.54044741484182, -4.4901193665954]]], [[[104.5398983343407, -4.488942765196384], [104.53906503478676, -4.487538018286717], [104.53878445630784, -4.486993475254698], [104.5398983343407, -4.488942765196384]]], [[[104.53871042697365, -4.486849800446119], [104.5378359827422, -4.485109983749336], [104.53751851201375, -4.484411549708818], [104.53778537269689, -4.484945269708363], [104.53871042697365, -4.486849800446119]]], [[[104.53704327507833, -4.483461081692759], [104.53564303800974, -4.480903976985517], [104.53496198835073, -4.4817049700023], [104.53428103362181, -4.482496011165834], [104.53365902154226, -4.483155010840368], [104.53282873460992, -4.483161611752359], [104.53561530500241, -4.480833562119123], [104.53704327507833, -4.483461081692759]]], [[[104.53256929549477, -4.483163673625445], [104.53253201466202, -4.483163970061367], [104.5319593901861, -4.482807896730525], [104.53256929549477, -4.483163673625445]]], [[[104.53094690116369, -4.479269730580456], [104.53085897075704, -4.477481993217774], [104.53085889584695, -4.477412873912225], [104.53094690116369, -4.479269730580456]]], [[[104.53072899854271, -4.474782989364498], [104.53014958490559, -4.474683698068435], [104.53076239416278, -4.475376765364049], [104.53072899854271, -4.474782989364498]]], [[[104.52838045710493, -4.473756130338607], [104.52799795955711, -4.473040966059883], [104.52801521841609, -4.472998593996869], [104.52838045710493, -4.473756130338607]]], [[[104.52811867169794, -4.472744600910074], [104.52869103817964, -4.470198020725762], [104.52857471385049, -4.469671702293886], [104.52811867169794, -4.472744600910074]]], [[[104.5290340743631, -4.468603245443381], [104.52907103271643, -4.467973017360103], [104.52903931031315, -4.4672166092991805], [104.5290863744367, -4.467714128903877], [104.5290340743631, -4.468603245443381]]], [[[104.52890331833356, -4.46577899560412], [104.52812599400673, -4.465367029654335], [104.52812591797515, -4.465364383871165], [104.52890331833356, -4.46577899560412]]], [[[104.52809998200945, -4.464462005260146], [104.52810000051304, -4.464007036242571], [104.52811225004949, -4.464888846839653], [104.52809998200945, -4.464462005260146]]], [[[104.52797916235885, -4.463074255109111], [104.5280926487568, -4.463477757292594], [104.5280933810923, -4.463530482270059], [104.52797916235885, -4.463074255109111]]], [[[104.52787858044744, -4.462594282262937], [104.52845299818657, -4.458601031389961], [104.528776730854, -4.457878186868342], [104.52787858044744, -4.462594282262937]]], [[[104.52875648420475, -4.457007667356883], [104.52851996677823, -4.456058023922174], [104.52851623682123, -4.456041025714528], [104.52875648420475, -4.457007667356883]]], [[[104.52835100348207, -4.455287971224565], [104.52822297505874, -4.454496956996783], [104.52895830156201, -4.453276278592], [104.52890330034711, -4.454743501111643], [104.52835100348207, -4.455287971224565]]], [[[104.52882295355111, -4.451883004880498], [104.52874895955102, -4.451305974121097], [104.5287253840057, -4.4510798513014045], [104.52895559232678, -4.451291644094061], [104.52882295355111, -4.451883004880498]]], [[[104.52848035138615, -4.450268680244549], [104.52818999031842, -4.44967797640777], [104.52925738762283, -4.447675279565702], [104.52848035138615, -4.450268680244549]]], [[[104.52934601635191, -4.44348595982168], [104.52949551486034, -4.442831243591428], [104.52941237773602, -4.444201217823918], [104.52934601635191, -4.44348595982168]]], [[[104.52950184483788, -4.441390722498053], [104.52942800516112, -4.43998204477739], [104.5298768685604, -4.438226643593459], [104.53000158930195, -4.439183977858256], [104.52950184483788, -4.441390722498053]]], [[[104.5296730598167, -4.4372211601543965], [104.52974095665608, -4.434554002481543], [104.52990543382602, -4.43047327466867], [104.5296730598167, -4.4372211601543965]]], [[[104.52993211992657, -4.4301432652475405], [104.5299049848356, -4.428153006793873], [104.53038992208519, -4.4224511306859835], [104.53026307887802, -4.428488440589036], [104.52993211992657, -4.4301432652475405]]], [[[104.53057100627187, -4.419647033177081], [104.53056087190593, -4.41963206654783], [104.53054159714407, -4.420086985571086], [104.53057100627187, -4.419647033177081]]], [[[104.53005492674943, -4.418884841444279], [104.53005098509557, -4.4188790198686645], [104.53007632341131, -4.418756456836352], [104.53005492674943, -4.418884841444279]]], [[[104.55487446296253, -4.407683952776596], [104.5568449609637, -4.408560983115212], [104.55748147609738, -4.4089632736163], [104.55487446296253, -4.407683952776596]]], [[[104.56048163587316, -4.410407884876037], [104.56328199597812, -4.411699956855935], [104.56564111989253, -4.41294952618038], [104.56048163587316, -4.410407884876037]]], [[[104.56699205220252, -4.413610918554317], [104.5706129641282, -4.4152229705564565], [104.5712973429433, -4.415627214109918], [104.56699205220252, -4.413610918554317]]], [[[104.57314052943828, -4.416512783070125], [104.57389098141098, -4.416864996767634], [104.57455849779178, -4.4172386491734255], [104.57314052943828, -4.416512783070125]]], [[[104.57549099383667, -4.417715995749067], [104.57904102957451, -4.419320997056422], [104.58004601745972, -4.419990560183178], [104.57549099383667, -4.417715995749067]]], [[[104.58053413508375, -4.420251807280221], [104.58189000424706, -4.420902044940821], [104.58288480667069, -4.421477334250465], [104.58053413508375, -4.420251807280221]]], [[[104.58441697097028, -4.422124026122354], [104.58477718564262, -4.422378466489121], [104.58357255935002, -4.421804836539593], [104.58441697097028, -4.422124026122354]]], [[[104.58649991818237, -4.423194526816669], [104.58767101078294, -4.423561983876218], [104.59315587045126, -4.426414438670648], [104.58649991818237, -4.423194526816669]]], [[[104.59495496610528, -4.427145001386856], [104.59566275828162, -4.427612451204423], [104.59414641048231, -4.426873816705084], [104.59495496610528, -4.427145001386856]]], [[[104.5967803118559, -4.428161422939128], [104.61695803027361, -4.437807976141436], [104.6175009978135, -4.438442635813678], [104.5967803118559, -4.428161422939128]]], [[[105.03438902362574, -4.199909003788461], [105.03424206510682, -4.204209056324969], [105.0330770810873, -4.206972006627655], [105.03280504176881, -4.209093045813828], [105.03232600947078, -4.210950016692724], [105.03211301109407, -4.211277260337411], [105.03438902362574, -4.199909003788461]]], [[[105.03201346335443, -4.211564976481112], [105.03138504204931, -4.216488971948176], [105.03092265169549, -4.217482113659324], [105.03201346335443, -4.211564976481112]]], [[[105.03054231442287, -4.219963709157779], [105.03032699991252, -4.221813972668605], [105.03005380844607, -4.222185854956011], [105.03054231442287, -4.219963709157779]]], [[[105.0298710740231, -4.223813496338928], [105.02594478714782, -4.247175165552781], [105.02394755572398, -4.257939116348857], [105.0298710740231, -4.223813496338928]]], [[[105.02395269765269, -4.258168851257855], [105.02300009693788, -4.263428310568854], [105.02259042847977, -4.266346642882019], [105.01973540662276, -4.281143410438624], [105.01940906901324, -4.282248925648541], [105.02395269765269, -4.258168851257855]]], [[[105.0117450000318, -4.298889987782673], [105.01179400722332, -4.2989360163076755], [105.01163869491452, -4.298994185584447], [105.0117450000318, -4.298889987782673]]], [[[105.01095977497368, -4.299312691627399], [105.00618600420874, -4.303017999891228], [105.00468094339793, -4.303677070218051], [105.01095977497368, -4.299312691627399]]], [[[105.00449823294683, -4.303799321135958], [105.00356406549596, -4.304550002153458], [105.003210423895, -4.304773323112131], [105.00449823294683, -4.303799321135958]]], [[[105.00299593807209, -4.304941106017587], [104.99810900208908, -4.3086369911524445], [104.99707928419987, -4.308991170145166], [104.99635831727582, -4.309579209079213], [104.99300671019469, -4.312044710108628], [104.99260720184367, -4.312304711354982], [104.99201915901494, -4.312680509468252], [104.99051845148439, -4.313767827060671], [104.99011083064114, -4.314016066036921], [104.98913057081914, -4.314898658374058], [104.98809425575294, -4.315622296281323], [104.98676945909057, -4.316409345835237], [104.98612083909819, -4.316156121239165], [104.988094000238, -4.315621987764467], [104.99011078298628, -4.314016074682054], [104.99635800002176, -4.309578986980622], [104.99707899999589, -4.308990987743867], [104.99736713198763, -4.308815515623506], [104.9983597344143, -4.307971089993763], [105.00299593807209, -4.304941106017587]]], [[[104.98612055824235, -4.3161560496073195], [104.9844082567794, -4.3174858699982215], [104.98402811985113, -4.3176955668729615], [104.98376513758734, -4.318053904969779], [104.98341187587732, -4.318414858788237], [104.98612055824235, -4.3161560496073195]]], [[[104.98332968143754, -4.318497806975769], [104.98265535557755, -4.319149176239646], [104.98233163138076, -4.319452507896948], [104.9807402306735, -4.320679305356859], [104.98031322808879, -4.320876152694716], [104.97995616501795, -4.320878314563002], [104.97750650192752, -4.322894595919061], [104.97709932161165, -4.323176120029528], [104.97679289986611, -4.323384187023563], [104.97636030458904, -4.323664624335096], [104.97527046251672, -4.323474697261613], [104.97472973371964, -4.32333897745891], [104.97414964340417, -4.323123467888572], [104.97636025142452, -4.323664569064594], [104.97995599996949, -4.320877987329191], [104.98074000015094, -4.320678987145471], [104.98332968143754, -4.318497806975769]]], [[[104.97362884678866, -4.322991177952223], [104.97271101103699, -4.322931801550873], [104.97228654098059, -4.32278676598699], [104.97180078936618, -4.322606083527784], [104.97053168977195, -4.322472865732383], [104.97180099981638, -4.322605986976668], [104.9727110094056, -4.322931750200033], [104.97362884678866, -4.322991177952223]]], [[[104.97045565531032, -4.322463629510006], [104.9687792826722, -4.322184112872769], [104.96842123236682, -4.322072189157063], [104.96773748177533, -4.321945414722543], [104.96716367949725, -4.321836647571339], [104.96555537793081, -4.321484022489936], [104.9652130966303, -4.321441215501733], [104.96478880567385, -4.321370449951162], [104.9632933421173, -4.32095015528065], [104.96254451968636, -4.320940076683314], [104.96191393847802, -4.320904762738903], [104.95685484464566, -4.319780902146213], [104.96191392968417, -4.32090473406618], [104.96329299957233, -4.3209499870521935], [104.97045565531032, -4.322463629510006]]], [[[104.95663204789919, -4.319782857068656], [104.9566320474978, -4.319782856939047], [104.95663628420331, -4.319782819897955], [104.95663204789919, -4.319782857068656]]], [[[104.95630593607615, -4.319677550999259], [104.95560377310277, -4.319533377366329], [104.95403747945393, -4.319167341108569], [104.95298993378405, -4.318998210432215], [104.95630593607615, -4.319677550999259]]], [[[104.95092163519405, -4.31855241730002], [104.95184862862023, -4.318776293175525], [104.95136134771629, -4.318669690813665], [104.95092163519405, -4.31855241730002]]], [[[104.95005631724386, -4.318352244371002], [104.94999163189627, -4.318314617848606], [104.95035685942958, -4.31841976134719], [104.95005631724386, -4.318352244371002]]], [[[104.94962203912588, -4.318099594820417], [104.9496220379869, -4.318099629112039], [104.94899280648865, -4.318141654631], [104.94868035341162, -4.318048999252176], [104.94962203912588, -4.318099594820417]]], [[[104.94797415785273, -4.317857074565918], [104.94722482593701, -4.317791874983376], [104.9450459671026, -4.317293185620575], [104.9472248242663, -4.317791863003996], [104.94759399956348, -4.31776698775621], [104.94797415785273, -4.317857074565918]]], [[[104.94442123151025, -4.317135020777992], [104.94351926839434, -4.316996485200852], [104.94276808571136, -4.316795585446727], [104.94410667868033, -4.3170226422810725], [104.94442123151025, -4.317135020777992]]], [[[104.94205031416196, -4.316669151804918], [104.94188763497272, -4.316631433881062], [104.94237605599034, -4.31672480941017], [104.94205031416196, -4.316669151804918]]], [[[104.94174073055126, -4.316597373366557], [104.94113271293037, -4.316479641253952], [104.94054278837869, -4.316353573386796], [104.94022250145197, -4.3162986341670235], [104.93993974875222, -4.316243490934407], [104.94054279041751, -4.316353510705874], [104.94113271330411, -4.316479593858107], [104.94163534259708, -4.316572926399369], [104.94174073055126, -4.316597373366557]]], [[[104.93967214245656, -4.31617989942584], [104.93899137715646, -4.316008586376718], [104.93870596449378, -4.3159816036907745], [104.93967214245656, -4.31617989942584]]], [[[104.93830952444341, -4.315856743336051], [104.93833899994496, -4.315861987140921], [104.93833906621886, -4.315862013388028], [104.93830952444341, -4.315856743336051]]], [[[104.93602875027139, -4.315382235045156], [104.9356545175341, -4.315279862792871], [104.93541053684727, -4.315234678912236], [104.93565450744961, -4.315279798423886], [104.93602875027139, -4.315382235045156]]], [[[104.9351316135979, -4.315177526657553], [104.93468753522086, -4.315067361437749], [104.93425630614982, -4.315058729733228], [104.93340043879482, -4.314904859588618], [104.9325711599264, -4.314723850467141], [104.93193825185817, -4.3145821211688995], [104.93169719109461, -4.3144342749048015], [104.93099406796777, -4.314416117692546], [104.93077660908102, -4.314379639307032], [104.93018032826528, -4.314261854450863], [104.93169700031638, -4.3144339878382425], [104.93340043768012, -4.314904821600187], [104.93468799975147, -4.31506698735155], [104.9351316135979, -4.315177526657553]]], [[[104.92892150273235, -4.313990727098774], [104.92876675037785, -4.313953718725843], [104.92918814880005, -4.314051608697617], [104.92892150273235, -4.313990727098774]]], [[[104.92842990348854, -4.313873163051988], [104.9282332706899, -4.313847834713393], [104.92871003968135, -4.3139401565902755], [104.92842990348854, -4.313873163051988]]], [[[104.92821862867632, -4.3138459486680745], [104.9278669243146, -4.313800644933702], [104.92738249636994, -4.313704212463257], [104.92821862867632, -4.3138459486680745]]], [[[104.92690138132548, -4.313582196323104], [104.9261188015628, -4.313339090334667], [104.92546997214586, -4.312913827655399], [104.9248932054893, -4.312841396459802], [104.92443357732503, -4.312958959133059], [104.92360429200036, -4.31288650177489], [104.92318163521333, -4.312784863641058], [104.92273923891047, -4.312714525163868], [104.92211958092595, -4.312585545052346], [104.92156940119615, -4.3125066003779295], [104.92095488027554, -4.312379610146394], [104.92055286441565, -4.3122529130957545], [104.92041211740563, -4.312151812181706], [104.92546997485954, -4.312913784643399], [104.92690138132548, -4.313582196323104]]], [[[104.91953218434719, -4.3119842968181725], [104.91834197119228, -4.3118721704477245], [104.91708508014813, -4.311657806202315], [104.916539762376, -4.311503579013412], [104.91953218434719, -4.3119842968181725]]], [[[104.91620187101095, -4.311390290380744], [104.91534054336871, -4.3110335713026195], [104.91503746556796, -4.310901543828262], [104.91620187101095, -4.311390290380744]]], [[[104.91450022271768, -4.310683054262567], [104.91383852919452, -4.3104274430904574], [104.91347703495605, -4.310707965962374], [104.91383899967015, -4.3104269874154895], [104.91450022271768, -4.310683054262567]]], [[[104.91342213971748, -4.310693673825612], [104.91222249451945, -4.31036121644639], [104.90975020011652, -4.309927190138802], [104.91342213971748, -4.310693673825612]]], [[[104.90891540416794, -4.309838274342005], [104.9086025988667, -4.309797626779846], [104.90851608507899, -4.309770595717688], [104.90891540416794, -4.309838274342005]]], [[[104.90771952883419, -4.309625902411613], [104.90699560622991, -4.30950114936203], [104.90639694209435, -4.309451589887484], [104.9057570102245, -4.309342406486963], [104.90523997426286, -4.309169651462947], [104.90771952883419, -4.309625902411613]]], [[[104.90523767396911, -4.309168882874216], [104.90364330435806, -4.308795082017431], [104.9031927174102, -4.3086774164870585], [104.90143705972865, -4.308157362318213], [104.90093784231374, -4.308088595933207], [104.90143699971782, -4.308156987055272], [104.90319299975721, -4.308676987652803], [104.90410200030715, -4.308873987744272], [104.90504004266388, -4.309102841822657], [104.90523767396911, -4.309168882874216]]], [[[104.90002956653287, -4.3081161060133795], [104.89967225995022, -4.308061124714934], [104.9006783975822, -4.308052867805691], [104.90002956653287, -4.3081161060133795]]], [[[104.89958828890191, -4.308048203463003], [104.8989145021328, -4.308163363643393], [104.89792071647038, -4.308314854153879], [104.89954054356127, -4.308040855800819], [104.89958828890191, -4.308048203463003]]], [[[104.89709981871101, -4.3083236100338596], [104.89653286338245, -4.308387041474549], [104.89578620934287, -4.308441220139738], [104.89522620179659, -4.30844114311644], [104.89499544820025, -4.308409690957637], [104.89709981871101, -4.3083236100338596]]], [[[104.89261780930292, -4.30808894944385], [104.89227096451874, -4.308030223315719], [104.89324325674764, -4.3081744149482315], [104.89261780930292, -4.30808894944385]]], [[[104.89200448071493, -4.307988173206109], [104.89171158069053, -4.307943077120044], [104.89124225351244, -4.307809389074916], [104.89085484427797, -4.307762667286504], [104.89124199991842, -4.307808987194962], [104.89200448071493, -4.307988173206109]]], [[[104.89064694397534, -4.307718723536302], [104.88991806739119, -4.307529109939718], [104.8890153611326, -4.307616293914204], [104.89064694397534, -4.307718723536302]]], [[[104.88882311049977, -4.307552058158063], [104.88759317807359, -4.30731825092812], [104.88688728694325, -4.306915555172207], [104.88759299981717, -4.307317987035449], [104.88818802635637, -4.307328947972511], [104.88882311049977, -4.307552058158063]]], [[[104.88626833652931, -4.306612404688216], [104.88563779216007, -4.30644042118846], [104.88520036861767, -4.306312886070223], [104.88500693795035, -4.306233073467911], [104.88626833652931, -4.306612404688216]]], [[[104.88457825542596, -4.306037825249515], [104.88127591013185, -4.305164156087504], [104.88103260333786, -4.305055556667571], [104.8804290875876, -4.304946991078624], [104.8800415850144, -4.304865509003259], [104.8795917839589, -4.304948035026224], [104.8792612284796, -4.3049220183439845], [104.87888894901762, -4.304886676688756], [104.87836222219573, -4.304738044455636], [104.87824718514291, -4.3046751026207755], [104.87888889970304, -4.304886658192684], [104.8800420014373, -4.304864987229344], [104.88103260557034, -4.305055531987129], [104.88388949900121, -4.305761671563854], [104.88431899992196, -4.3059049884244045], [104.88457825542596, -4.306037825249515]]], [[[104.87717185456857, -4.304055357848466], [104.87655899511344, -4.303741974666008], [104.87606884455124, -4.30367748187423], [104.87566450469167, -4.303510140902537], [104.87566447868339, -4.303510125762334], [104.87655896582368, -4.3037419318446295], [104.87707500041103, -4.304000987855266], [104.87717185456857, -4.304055357848466]]], [[[104.8756144711158, -4.303481014861616], [104.87476356169911, -4.3030611823021125], [104.87431587306394, -4.30290532290206], [104.87394087031124, -4.302747547583142], [104.8756144711158, -4.303481014861616]]], [[[104.87360750632702, -4.302521350642728], [104.87307466664039, -4.302297082715909], [104.87272498045333, -4.302200705055267], [104.87307500031109, -4.302296988415263], [104.87360750632702, -4.302521350642728]]], [[[104.87191333461423, -4.302062553684833], [104.87106641169011, -4.301950886644175], [104.87027548187079, -4.301983617778868], [104.87191333461423, -4.302062553684833]]], [[[104.87011950683699, -4.301995989784028], [104.8691569520394, -4.30200122264325], [104.86871952087223, -4.30195048533241], [104.8679205073641, -4.301511216416993], [104.8665064065351, -4.301208354924044], [104.86592071681129, -4.300993023908716], [104.87011950683699, -4.301995989784028]]], [[[104.8648122661642, -4.300784244166875], [104.86306888225329, -4.3002647081144865], [104.86214293741799, -4.300096270928002], [104.86150500505276, -4.299977099546954], [104.86017840837037, -4.299653713086401], [104.8648122661642, -4.300784244166875]]], [[[104.8591103649786, -4.2994481474606285], [104.85828662173154, -4.299255207784169], [104.85733888129649, -4.299028861404918], [104.8565842489776, -4.298896546252407], [104.85622803089724, -4.298821489200316], [104.8591103649786, -4.2994481474606285]]], [[[104.85594788046713, -4.298762459844494], [104.85576645102198, -4.29872423165346], [104.855585669056, -4.298686142266898], [104.85594788046713, -4.298762459844494]]], [[[104.85459857748633, -4.298463684638337], [104.85260376457131, -4.298044213308135], [104.85197090214683, -4.2978221732060256], [104.85141595443369, -4.297798995868836], [104.85016311104148, -4.29752975827499], [104.8519710001616, -4.297821987095001], [104.85260399967491, -4.298043987439996], [104.85350399980979, -4.298148987785517], [104.85459857748633, -4.298463684638337]]], [[[104.84994362718781, -4.297461349198645], [104.84941912028845, -4.297236075369183], [104.84827011680287, -4.297122849921056], [104.84994362718781, -4.297461349198645]]], [[[104.84804496358842, -4.297055563924705], [104.84479479511013, -4.29618789297043], [104.84390033879966, -4.295884372019471], [104.84116619743934, -4.295603628517909], [104.83896469640318, -4.2949946960974685], [104.84390000028488, -4.295883987655883], [104.84479472409731, -4.296187841595557], [104.84518925218231, -4.296251895808328], [104.8457270000011, -4.29641698705427], [104.84759199967112, -4.296919987767183], [104.84804496358842, -4.297055563924705]]], [[[104.83866998594871, -4.294906188124425], [104.83745665979156, -4.294686589596903], [104.8367123377892, -4.2944204555221575], [104.83606105482353, -4.294406474163245], [104.8350613463487, -4.2942623557543165], [104.83866998594871, -4.294906188124425]]], [[[104.83414600013788, -4.293909986556578], [104.8348959468045, -4.294252065764796], [104.83414641564366, -4.293910387601373], [104.83360570546952, -4.293910269765023], [104.83320478477582, -4.293836993806234], [104.83307007402735, -4.293806535361267], [104.83414600013788, -4.293909986556578]]], [[[104.83233509980138, -4.293620494845647], [104.83151505682324, -4.29346651903351], [104.83083621534632, -4.293377077131758], [104.83027263761937, -4.293277256520954], [104.82520259745081, -4.292273947047783], [104.83233509980138, -4.293620494845647]]], [[[104.8248277230871, -4.292202391987792], [104.82317431766464, -4.291993898009724], [104.82265283547054, -4.291858708765144], [104.82204720083034, -4.291647416276401], [104.82144163507525, -4.291529033573551], [104.82084446228751, -4.291360080974799], [104.82028087419529, -4.2913177000152345], [104.81949839076027, -4.291130109191183], [104.82084440024892, -4.291360020948155], [104.82204699976927, -4.291646987418466], [104.82317427297437, -4.29199388381062], [104.82374599987804, -4.292018986586926], [104.8244313462297, -4.292125774784606], [104.8248277230871, -4.292202391987792]]], [[[104.81919581313518, -4.2911062921955105], [104.81876687380723, -4.291018611116494], [104.81945410772273, -4.291126623519214], [104.81919581313518, -4.2911062921955105]]], [[[104.81791760839411, -4.2908045010909195], [104.81695001805878, -4.2905822206077895], [104.81670903703507, -4.290550492374256], [104.81695000034227, -4.290581987768469], [104.81791760839411, -4.2908045010909195]]], [[[104.8160226936091, -4.29042334091709], [104.81543602851752, -4.290244140330626], [104.81479494984946, -4.29016238321593], [104.81449661493248, -4.290098384294849], [104.81543599977164, -4.290243986570654], [104.8160226936091, -4.29042334091709]]], [[[104.81427860141474, -4.290051615847368], [104.81409740242516, -4.290016071318902], [104.81448442561926, -4.290095769435199], [104.81427860141474, -4.290051615847368]]], [[[104.81342832993346, -4.289866466700212], [104.81260754369555, -4.289694403143878], [104.81234039628207, -4.289642738616754], [104.81342832993346, -4.289866466700212]]], [[[104.81191977851581, -4.289564821025328], [104.8113738815894, -4.289490094809072], [104.81085223894505, -4.289291117977311], [104.80982771420126, -4.289196053341018], [104.80935525843394, -4.289088912755273], [104.81085199972007, -4.289290987588974], [104.81191977851581, -4.289564821025328]]], [[[104.80916523800596, -4.289046209114315], [104.8078228696483, -4.288820472631972], [104.80732652232433, -4.288787272852183], [104.80916523800596, -4.289046209114315]]], [[[104.80644348154593, -4.2886512211396735], [104.80627754293502, -4.288648534347119], [104.80662818428114, -4.288687652248694], [104.80644348154593, -4.2886512211396735]]], [[[104.80577175390314, -4.288592930736895], [104.80470508857212, -4.288391860208704], [104.80429014299658, -4.28821163306763], [104.80366212149394, -4.288181436563072], [104.80172476491049, -4.287869456102703], [104.80113596561664, -4.287759475374425], [104.80054774932533, -4.287594283082612], [104.80429014497429, -4.288211582598426], [104.80577175390314, -4.288592930736895]]], [[[104.79998999973878, -4.287245987712136], [104.79998998494645, -4.287246225192392], [104.7995733121411, -4.2874765366637275], [104.79945453313616, -4.2874225043731835], [104.79998999973878, -4.287245987712136]]], [[[104.79817802881695, -4.287114118134724], [104.79739865841509, -4.2869056555365175], [104.79696750239049, -4.286886552449596], [104.79739860326299, -4.286905618599342], [104.79817799981492, -4.287113987020853], [104.79850923264522, -4.287117244752983], [104.79817802881695, -4.287114118134724]]], [[[104.79627504850622, -4.286771311969679], [104.79532948116565, -4.286539162690549], [104.79448278413662, -4.286370032483848], [104.7942689211418, -4.286319090132861], [104.79532899973363, -4.286538986584892], [104.79595199968509, -4.286679987691229], [104.79627504850622, -4.286771311969679]]], [[[104.79191036940846, -4.285689923551779], [104.79330520871032, -4.286082661344447], [104.79243609328358, -4.285840334659168], [104.79191036940846, -4.285689923551779]]], [[[104.791725886287, -4.285635540250732], [104.79120813799506, -4.285575382596598], [104.78997202347574, -4.285266017032587], [104.79120800034902, -4.285574987095908], [104.79152200044003, -4.285574987095918], [104.791725886287, -4.285635540250732]]], [[[104.78938996266439, -4.2851414538072765], [104.78907862737499, -4.285082735104076], [104.7896085243603, -4.285186798199702], [104.78938996266439, -4.2851414538072765]]], [[[104.78829066778346, -4.284959575579243], [104.78775819053976, -4.28489330226835], [104.78775813309413, -4.284893277812443], [104.78829066778346, -4.284959575579243]]], [[[104.78713896462939, -4.284717071084089], [104.78696752446876, -4.284696027981133], [104.7873681352015, -4.284745182921765], [104.78713896462939, -4.284717071084089]]], [[[104.78654479673135, -4.284502031467461], [104.78575070057293, -4.284397342171061], [104.78575069320786, -4.284397316694447], [104.78654479673135, -4.284502031467461]]], [[[104.79182692015083, -4.2659675819649765], [104.79183476432074, -4.265967349284366], [104.79182176729412, -4.265964347139714], [104.79182692015083, -4.2659675819649765]]], [[[104.79214979604653, -4.266020592995381], [104.7921511906454, -4.266026822578776], [104.79214646316657, -4.266018249488273], [104.79214979604653, -4.266020592995381]]], [[[104.79262570628275, -4.266481029487059], [104.7926305282613, -4.266475135416779], [104.79252964664741, -4.2665984480293835], [104.79262570628275, -4.266481029487059]]], [[[104.79269542221952, -4.266312883413167], [104.79265049500003, -4.266450728999929], [104.79265049440636, -4.266450729725604], [104.79269542221952, -4.266312883413167]]], [[[104.79278618304329, -4.26613917962783], [104.79295374563874, -4.265956858895171], [104.7930004056281, -4.265873882602164], [104.79295374600008, -4.2659568589999655], [104.79278618304329, -4.26613917962783]]], [[[104.79301043941997, -4.265857138919043], [104.79304830076451, -4.265597447891079], [104.79293850204121, -4.26547393004619], [104.79301043941997, -4.265857138919043]]], [[[104.792991254543, -4.2653394280248245], [104.79304358287308, -4.26530205446729], [104.7929446128029, -4.265458349554519], [104.792991254543, -4.2653394280248245]]], [[[104.79366791303832, -4.264880940030388], [104.79366791337347, -4.264880939973462], [104.7936343189624, -4.2649010453542], [104.79366791303832, -4.264880940030388]]], [[[104.79429172935271, -4.2649009559542055], [104.79430808418368, -4.264921823168627], [104.7942705218912, -4.264888679927019], [104.79429172935271, -4.2649009559542055]]], [[[104.79461681210987, -4.26491647737522], [104.79411285570345, -4.264025538864364], [104.79469334241698, -4.263436545304052], [104.79576273250993, -4.263371369867277], [104.79480444577615, -4.262480844130158], [104.79577634044692, -4.261224252008013], [104.79650449533938, -4.26167982459491], [104.79554895900009, -4.26185598199993], [104.79594608200006, -4.263571695999922], [104.79470281800008, -4.26363310899995], [104.79461681210987, -4.26491647737522]]], [[[104.79650795332246, -4.261671878172822], [104.79665830857172, -4.261490227227965], [104.79670663373014, -4.2614521299163375], [104.79650795332246, -4.261671878172822]]], [[[104.79678134069009, -4.261393234242237], [104.79679511189458, -4.261375351358693], [104.79678067824739, -4.261393756484935], [104.79678134069009, -4.261393234242237]]], [[[104.7968560438785, -4.261296226157775], [104.79623910609891, -4.260217744276397], [104.7962589008349, -4.260100874975099], [104.79684732100009, -4.261058067999948], [104.7968560438785, -4.261296226157775]]], [[[104.79660942625209, -4.2598548484215275], [104.79657972320663, -4.259626855232921], [104.79659796583479, -4.259606107853675], [104.79657972400008, -4.259626854999964], [104.79662580300004, -4.259816513999971], [104.79660942625209, -4.2598548484215275]]], [[[104.79664462174755, -4.259572995507361], [104.796724739758, -4.259435048587093], [104.79644585885326, -4.259146102312544], [104.79637780980272, -4.258989512111394], [104.79625931612473, -4.258519791688729], [104.7964021322042, -4.258369879107924], [104.79637781000008, -4.258989511999971], [104.79672474000006, -4.259435047999938], [104.79671153900006, -4.259538683999952], [104.79664462174755, -4.259572995507361]]], [[[104.79709088984303, -4.258313449735131], [104.7971779562799, -4.258291101614341], [104.79732933678852, -4.25824005293712], [104.79709088984303, -4.258313449735131]]], [[[104.79744493114693, -4.258174644351583], [104.79736864300008, -4.2582267979999555], [104.79736864234631, -4.25822679822042], [104.79744493114693, -4.258174644351583]]], [[[104.79763785839775, -4.257930654168803], [104.79756856100005, -4.258090125999958], [104.79756856041818, -4.2580901263977395], [104.79763785839775, -4.257930654168803]]], [[[104.79764978363004, -4.2577615899226915], [104.79764329200003, -4.257918149999965], [104.79764329167438, -4.2579181507494015], [104.79764978363004, -4.2577615899226915]]], [[[104.79752477023379, -4.257552060256282], [104.79732969144642, -4.257553683479889], [104.79765654993201, -4.257598405640707], [104.79752477023379, -4.257552060256282]]], [[[104.79665684168411, -4.257289259223857], [104.79667252413965, -4.257527580082375], [104.79656274223937, -4.257375393812999], [104.79665684168411, -4.257289259223857]]], [[[104.79705155206551, -4.257234576055545], [104.79703502600006, -4.257252029999963], [104.79703502578359, -4.257252030022792], [104.79705155206551, -4.257234576055545]]], [[[104.79711852114288, -4.257163846905294], [104.79697581305196, -4.256901399828451], [104.7962795894176, -4.256607928426896], [104.79600506279904, -4.256451291796394], [104.79590845514822, -4.256305731223157], [104.79697581400006, -4.25690139899995], [104.79712075000005, -4.257016104999933], [104.79711852114288, -4.257163846905294]]], [[[104.79591303472857, -4.256290572552314], [104.79605350316892, -4.2560213031026475], [104.7960535049444, -4.256021303076494], [104.79591303472857, -4.256290572552314]]], [[[104.79625871849743, -4.25598535481495], [104.79660929228507, -4.255772266857497], [104.79670401071778, -4.255748522175378], [104.79625871849743, -4.25598535481495]]], [[[104.79709240094158, -4.255854866067223], [104.79647546447576, -4.255152583350196], [104.79521036600005, -4.254790602999942], [104.79647546500007, -4.255152581999934], [104.79709240094158, -4.255854866067223]]], [[[104.7951222685013, -4.25375748625556], [104.79494673032173, -4.254986792874727], [104.79489187340994, -4.254766264290341], [104.79488973175796, -4.2545501629973215], [104.7951222685013, -4.25375748625556]]], [[[104.79503714932527, -4.253628447263698], [104.79499324610204, -4.253527002235612], [104.79512717690298, -4.253714468850574], [104.79503714932527, -4.253628447263698]]], [[[104.7950187430639, -4.253396161831074], [104.79508778229618, -4.253191845286771], [104.79519102974389, -4.2531389492525316], [104.7950187430639, -4.253396161831074]]], [[[104.79546561116182, -4.253079477876253], [104.79558210968783, -4.2527752019071645], [104.79562168697888, -4.252609828088399], [104.79558211032617, -4.252775201214496], [104.79546561304767, -4.253079476036936], [104.79543259630474, -4.2533462922706455], [104.79546561116182, -4.253079477876253]]], [[[104.7957842731628, -4.252455507454098], [104.79578427352769, -4.252455507448371], [104.79564886106002, -4.252584035482948], [104.7957842731628, -4.252455507454098]]], [[[104.7959226529228, -4.252453336001174], [104.7960918207079, -4.252321072147023], [104.79622363528405, -4.252232901113438], [104.7959226529228, -4.252453336001174]]], [[[104.7962371901343, -4.25222939801073], [104.79657733312763, -4.251972792503218], [104.79668143889486, -4.251686668310773], [104.7962371901343, -4.25222939801073]]], [[[104.79668748334156, -4.251667972569083], [104.79671768365559, -4.250911744878486], [104.7967498773148, -4.250719355965445], [104.79678618463534, -4.250615786038627], [104.79668748334156, -4.251667972569083]]], [[[104.79685079519962, -4.250515622292185], [104.79685079648627, -4.250515622694957], [104.79680440299691, -4.250584513798311], [104.79685079519962, -4.250515622292185]]], [[[104.7971238650388, -4.250516933182311], [104.7971238647027, -4.250516932964222], [104.79716736990426, -4.25045670511357], [104.7971238650388, -4.250516933182311]]], [[[104.79741780563079, -4.2506824853325815], [104.79736856504971, -4.25083559605737], [104.79742802709343, -4.250648951564102], [104.79741780563079, -4.2506824853325815]]], [[[104.79749945202339, -4.250918123640006], [104.79744972342604, -4.250929470418667], [104.79744972325307, -4.250929470218591], [104.79749945202339, -4.250918123640006]]], [[[104.79765514718476, -4.25088259818599], [104.79775362936276, -4.25058872343286], [104.79775363041767, -4.250588721989454], [104.79774620112636, -4.250770242752473], [104.79765514718476, -4.25088259818599]]], [[[104.7978483792549, -4.250459080245564], [104.79784837950693, -4.250459080206323], [104.7977895228908, -4.250539611488306], [104.7978483792549, -4.250459080245564]]], [[[104.79873145019883, -4.2508507730090805], [104.79873515633659, -4.250853701138734], [104.79872433224445, -4.250846252813014], [104.79873145019883, -4.2508507730090805]]], [[[104.79874737000006, -4.251107631999959], [104.79874736972556, -4.251107632895918], [104.79863788793367, -4.251158229515502], [104.79874737000006, -4.251107631999959]]], [[[104.79864030706986, -4.251312595186882], [104.79864030700008, -4.251312594999943], [104.79864015273994, -4.251302751091662], [104.79864030706986, -4.251312595186882]]], [[[104.79901733076409, -4.251379452432075], [104.79920246431304, -4.2511892539665865], [104.79939070409694, -4.251043587004478], [104.79920246612096, -4.251189253980835], [104.79903759341028, -4.251368264034113], [104.79901733076409, -4.251379452432075]]], [[[104.79964900809837, -4.251062172877446], [104.79964900820667, -4.2510621729428815], [104.79963602268633, -4.251061238534118], [104.79964900809837, -4.251062172877446]]], [[[104.79992448809544, -4.251262295072378], [104.79992448772498, -4.251262295118751], [104.79990329331845, -4.2512431125017], [104.79992448809544, -4.251262295072378]]], [[[104.80003273500722, -4.251248744262737], [104.80008715366557, -4.251159309699347], [104.80001670796308, -4.251250750638549], [104.80003273500722, -4.251248744262737]]], [[[104.8005061808876, -4.251704044074274], [104.8005061763167, -4.251721823490799], [104.8005061950301, -4.251649183561389], [104.8005061808876, -4.251704044074274]]], [[[104.8007902626969, -4.251949114826303], [104.80081735444786, -4.251952987662277], [104.80077541475856, -4.2519432475944], [104.8007902626969, -4.251949114826303]]], [[[104.80177291270334, -4.251871931266227], [104.80175955900006, -4.251877741999984], [104.8017595589501, -4.251877741972345], [104.80177291270334, -4.251871931266227]]], [[[104.80228991609604, -4.251570210300173], [104.80226023800009, -4.251665469999974], [104.80226023684367, -4.251665470481361], [104.80228991609604, -4.251570210300173]]], [[[104.8023720432227, -4.251299892771725], [104.80239943788705, -4.251260443098829], [104.80232637503723, -4.251451374397729], [104.8023720432227, -4.251299892771725]]], [[[104.80285679900004, -4.250836930999984], [104.8028567979789, -4.250836931248957], [104.80297371450348, -4.250722034625558], [104.80285679900004, -4.250836930999984]]], [[[104.80313851481645, -4.250675238196833], [104.80323212233775, -4.250626505308218], [104.80311969684291, -4.250680385491645], [104.80313851481645, -4.250675238196833]]], [[[104.8032624458038, -4.250979910693186], [104.80325974597444, -4.2509847996113415], [104.80327170155233, -4.250963149577972], [104.8032624458038, -4.250979910693186]]], [[[104.80324543157073, -4.251096848375781], [104.8032437706375, -4.251116431886763], [104.8032513711213, -4.251026796971032], [104.80324543157073, -4.251096848375781]]], [[[104.80365873669567, -4.251037188127256], [104.80365886632697, -4.251037064089983], [104.80364257093473, -4.251052409764615], [104.80365873669567, -4.251037188127256]]], [[[104.80386384153115, -4.250823384068427], [104.80389124477678, -4.250766708392727], [104.80384821083906, -4.250855712154173], [104.80386384153115, -4.250823384068427]]], [[[104.80465966200006, -4.250926591999933], [104.80456745526382, -4.250758625244107], [104.80456745559974, -4.250758624728606], [104.80464369500005, -4.2508512549999296], [104.80465966200006, -4.250926591999933]]], [[[104.80460929299642, -4.250694421981633], [104.80460929328451, -4.250694422097948], [104.80459870448774, -4.250710670873422], [104.80460929299642, -4.250694421981633]]], [[[104.80503211113188, -4.250678610732917], [104.80500780600005, -4.250782193999952], [104.80500780478752, -4.250782194065841], [104.80503211113188, -4.250678610732917]]], [[[104.8050324327762, -4.250677239954068], [104.80485043425202, -4.250482082299467], [104.80477797347498, -4.2503113527506535], [104.80485043500005, -4.2504820819999685], [104.80498079600005, -4.250575966999975], [104.8050324327762, -4.250677239954068]]], [[[104.80475477500005, -4.250174780999946], [104.80475477363036, -4.250174782082579], [104.80478198004333, -4.250080781705711], [104.80475477500005, -4.250174780999946]]], [[[104.80488038700008, -4.2499192049999674], [104.80488038611158, -4.24991920502124], [104.80492758736806, -4.2498843079057185], [104.80488038700008, -4.2499192049999674]]], [[[104.8057540341594, -4.249768656931233], [104.80576562527511, -4.2497735836995485], [104.80574506185745, -4.249765713181306], [104.8057540341594, -4.249768656931233]]], [[[104.80616153715928, -4.2509874761568005], [104.80616153700004, -4.250987475999979], [104.80615660809764, -4.25097548363023], [104.80616153715928, -4.2509874761568005]]], [[[104.80640874300008, -4.251104855999923], [104.8063682265015, -4.250815883970484], [104.806368227032, -4.250815883282729], [104.80640874300008, -4.251104855999923]]], [[[104.8062537889394, -4.2499664481452815], [104.8063129975508, -4.250304629768161], [104.80623409060722, -4.2501417704136335], [104.80622211973858, -4.25008491261517], [104.80622767474236, -4.250029039987009], [104.8062537889394, -4.2499664481452815]]], [[[104.80631137378805, -4.249909288102094], [104.80633177608568, -4.249875708486549], [104.80634096427313, -4.249807578478808], [104.80631137378805, -4.249909288102094]]], [[[104.8063446658266, -4.249777676438391], [104.80637823507362, -4.2496015757953245], [104.80643857911205, -4.249465577672411], [104.8063446658266, -4.249777676438391]]], [[[104.80648899305582, -4.24938461744703], [104.80654430869635, -4.24933920425367], [104.80646765784093, -4.249414349951989], [104.80648899305582, -4.24938461744703]]], [[[104.80709740328986, -4.249139908511119], [104.80721338212224, -4.249103245106341], [104.80728994758735, -4.249037392854596], [104.80709740328986, -4.249139908511119]]], [[[104.80730129471554, -4.249019574328733], [104.80729458300004, -4.249033405999965], [104.80729458274372, -4.249033406220436], [104.80730129471554, -4.249019574328733]]], [[[104.80740116900006, -4.248634388999965], [104.80740116816268, -4.248634389698556], [104.8074285071586, -4.248587924761547], [104.80740116900006, -4.248634388999965]]], [[[104.80724952879352, -4.2478976552096075], [104.80730852708844, -4.248075492718806], [104.80724106352395, -4.248019377757213], [104.80722421135759, -4.247952690283376], [104.80724952879352, -4.2478976552096075]]], [[[104.80796120700006, -4.247851259999952], [104.80796120620644, -4.247851260180661], [104.8079930222022, -4.2478086947654665], [104.80796120700006, -4.247851259999952]]], [[[104.80897641597876, -4.248247533739241], [104.80893529800005, -4.248263247999941], [104.80893529712209, -4.248263248024892], [104.80897641597876, -4.248247533739241]]], [[[104.80902386921814, -4.2482293982988], [104.8092137512991, -4.247802881838085], [104.80917840920932, -4.247565473883278], [104.80902386921814, -4.2482293982988]]], [[[104.8089265159629, -4.246743444217663], [104.80901566275992, -4.247297941839215], [104.80881223376655, -4.24707772960636], [104.8088059423006, -4.246935893279894], [104.80881017464037, -4.246874502565512], [104.80884182131945, -4.246806768391043], [104.8089072027216, -4.2467496269347444], [104.8089265159629, -4.246743444217663]]], [[[104.8091762213641, -4.246685621277415], [104.80915497901913, -4.246708407067276], [104.80915497718823, -4.246708407773728], [104.8091762213641, -4.246685621277415]]], [[[104.8091880236685, -4.246671771128091], [104.80931317065576, -4.24652744805168], [104.80932040675135, -4.24652476534338], [104.8091880236685, -4.246671771128091]]], [[[104.80976341804734, -4.246312689179203], [104.80976341604436, -4.2463126904292166], [104.80975604513391, -4.246274582927895], [104.80960951074198, -4.2462152730882865], [104.80958527017873, -4.246179278151785], [104.80957158403831, -4.246097774251757], [104.80957791788896, -4.246061786007223], [104.80961904566587, -4.2460236911656], [104.80965068835762, -4.246013561624037], [104.80958527044396, -4.246179278350956], [104.80975604700006, -4.246274581999963], [104.80976341804734, -4.246312689179203]]], [[[104.81005241682855, -4.245837507082589], [104.8100605026131, -4.245830661465824], [104.81004570938848, -4.245844672212226], [104.81005241682855, -4.245837507082589]]], [[[104.81022109289383, -4.245897880069884], [104.81022082973341, -4.245901504813037], [104.81022052924654, -4.245905637773229], [104.81022109289383, -4.245897880069884]]], [[[104.81020945818355, -4.246052416106777], [104.81020945800009, -4.2460524149999435], [104.8102101466376, -4.246041398963346], [104.81020945818355, -4.246052416106777]]], [[[104.81021540613841, -4.24608447458838], [104.81021472213178, -4.246084171447309], [104.81021472212771, -4.246084171422797], [104.81021540613841, -4.24608447458838]]], [[[104.81026098828052, -4.246099508675654], [104.81025056641056, -4.246100057071942], [104.81025056484327, -4.246100056930483], [104.81026098828052, -4.246099508675654]]], [[[104.81047208379454, -4.2456407358931365], [104.81040031199637, -4.2459593175629635], [104.81042247672204, -4.2458587677863235], [104.8104594180912, -4.245695772063808], [104.81047208379454, -4.2456407358931365]]], [[[104.81060073465704, -4.245532802145672], [104.81060073689646, -4.245532802055101], [104.81057296686119, -4.245547585975332], [104.81060073465704, -4.245532802145672]]], [[[104.81086106128902, -4.245911796592104], [104.8108610601733, -4.245911798955563], [104.81075561751662, -4.245959404053444], [104.81086106128902, -4.245911796592104]]], [[[104.81073241759951, -4.245978451542937], [104.81072503078997, -4.246005969903056], [104.81075013630426, -4.245963904057209], [104.81073241759951, -4.245978451542937]]], [[[104.81074509747668, -4.246064679151779], [104.81077245586795, -4.246084308077453], [104.81079487535604, -4.246087464797842], [104.81074509747668, -4.246064679151779]]], [[[104.81101705509398, -4.2460970699009115], [104.81103963334961, -4.246096319865943], [104.81097503520789, -4.246096039072299], [104.81101705509398, -4.2460970699009115]]], [[[104.81114157607058, -4.246048021114012], [104.81118160366456, -4.2457869784646185], [104.8112143066046, -4.245709717934202], [104.81118160400008, -4.245786977999958], [104.81115836200007, -4.245982788999923], [104.81114157607058, -4.246048021114012]]], [[[104.81125648876065, -4.2456695064451075], [104.81126216073856, -4.245666779702865], [104.81123247902447, -4.245692394493979], [104.81125648876065, -4.2456695064451075]]], [[[104.8119712475691, -4.245952292320826], [104.81198182159521, -4.245822103493713], [104.81194541153208, -4.245772729572359], [104.8119712475691, -4.245952292320826]]], [[[104.81194883287995, -4.245522406566809], [104.81191333404409, -4.245647439340855], [104.81191651414944, -4.2455765218089], [104.81192600961353, -4.24554582825168], [104.81194883287995, -4.245522406566809]]], [[[104.81201677200005, -4.245174325999919], [104.81201677169642, -4.245174326964547], [104.81192086413392, -4.245028234291849], [104.8119222958703, -4.24499891601564], [104.81201677200005, -4.245174325999919]]], [[[104.81187561268818, -4.2446831629175295], [104.81186293797344, -4.244775246305394], [104.81185978512049, -4.244729731256255], [104.81187561268818, -4.2446831629175295]]], [[[104.8121413341382, -4.244539274595982], [104.81230374164299, -4.24436043296218], [104.81233295416634, -4.244312913288218], [104.8121413341382, -4.244539274595982]]], [[[104.81241660161983, -4.244164642084193], [104.81244212490115, -4.244146348767489], [104.8123950949158, -4.244205695280035], [104.81241660161983, -4.244164642084193]]], [[[104.81267395293375, -4.243755076260648], [104.81258428215449, -4.24398050982364], [104.81259167863477, -4.24390959398404], [104.81260751082637, -4.243840796108807], [104.81267395293375, -4.243755076260648]]], [[[104.81293706819257, -4.2436118498993585], [104.81293545820489, -4.2436133039108155], [104.81293545806976, -4.2436133039870265], [104.81293706819257, -4.2436118498993585]]], [[[104.8131389742364, -4.243472576990118], [104.8131658633535, -4.243460586922451], [104.81308810564335, -4.24349851466219], [104.8131389742364, -4.243472576990118]]], [[[104.81349485254944, -4.243197184037251], [104.81356239536707, -4.243126179953551], [104.81356239677706, -4.243126179353522], [104.81349485254944, -4.243197184037251]]], [[[104.81359779377122, -4.243108900673106], [104.81359139942361, -4.243113836634228], [104.81359139734819, -4.243113837517449], [104.81359779377122, -4.243108900673106]]], [[[104.81361255066284, -4.2428377537664845], [104.81361427391238, -4.242976242256481], [104.81360285860058, -4.242923315028821], [104.81359935833945, -4.242867740930587], [104.81361255066284, -4.2428377537664845]]], [[[104.81364856901119, -4.242828941121265], [104.8136485700976, -4.242828941333807], [104.81363631294295, -4.242831939825854], [104.81364856901119, -4.242828941121265]]], [[[104.81410183636213, -4.243203043942267], [104.81410356524611, -4.243202972038556], [104.81409809015993, -4.243202837001123], [104.81410183636213, -4.243203043942267]]], [[[104.81425919100894, -4.242859077584345], [104.81425919081532, -4.242859079309538], [104.81417577116714, -4.242643836786333], [104.81417216525598, -4.242597306864466], [104.81425919100894, -4.242859077584345]]], [[[104.81417181414774, -4.242584450028129], [104.81421973328887, -4.242504480965995], [104.81425569066775, -4.242465449663419], [104.81417181414774, -4.242584450028129]]], [[[104.81452380812837, -4.242168493813915], [104.81452701035661, -4.242164511473045], [104.81452042013932, -4.242172467074807], [104.81452380812837, -4.242168493813915]]], [[[104.81466961565883, -4.242007353737476], [104.8148015021193, -4.241924225188356], [104.81489001771877, -4.241888154730005], [104.81466961565883, -4.242007353737476]]], [[[104.81496317928725, -4.24185369917732], [104.81497733542669, -4.241836947861168], [104.8149396273293, -4.241864791008479], [104.81496317928725, -4.24185369917732]]], [[[104.81500736650116, -4.241794497169032], [104.81507040787142, -4.241685255968695], [104.8150864426746, -4.24166493204372], [104.81500736650116, -4.241794497169032]]], [[[104.81559656333593, -4.242226967602316], [104.81559656293109, -4.24222696660121], [104.81559453444832, -4.242210071097062], [104.81559656333593, -4.242226967602316]]], [[[104.81603497929862, -4.242215600117293], [104.81603751380557, -4.242215159501634], [104.81602622482507, -4.242218059318099], [104.81603497929862, -4.242215600117293]]], [[[104.81628715167962, -4.24216450088331], [104.81640271702373, -4.2421465733508645], [104.81623522390299, -4.242175798461267], [104.81628715167962, -4.24216450088331]]], [[[104.81682270658752, -4.242065035528078], [104.81691713423459, -4.242019992789036], [104.81693378283317, -4.242005735939452], [104.81682270658752, -4.242065035528078]]], [[[104.81701995127992, -4.241947688077999], [104.81702769101285, -4.241945100293683], [104.8170047044934, -4.241957150643601], [104.81701995127992, -4.241947688077999]]], [[[104.81721589003108, -4.241872763950218], [104.81727207398842, -4.241816385728045], [104.81719748696783, -4.241883187075712], [104.81721589003108, -4.241872763950218]]], [[[104.81728004794871, -4.241808384196463], [104.81728801229177, -4.241803817447668], [104.81727407097115, -4.241814381840421], [104.81728004794871, -4.241808384196463]]], [[[104.81761654668186, -4.242477477981217], [104.8176304117551, -4.242462018045335], [104.81758766784645, -4.242496128596998], [104.81761654668186, -4.242477477981217]]], [[[104.81771922127717, -4.242335960991848], [104.81771922148397, -4.242335960751236], [104.81771708862107, -4.242339065770244], [104.81771922127717, -4.242335960991848]]], [[[104.81823499901111, -4.242130566241401], [104.81824769303438, -4.242125310824382], [104.81820400380572, -4.2421563377940945], [104.81823499901111, -4.242130566241401]]], [[[104.81898714600004, -4.241836134999977], [104.81898714530004, -4.241836136021441], [104.81885365522754, -4.241597947372976], [104.81898714600004, -4.241836134999977]]], [[[104.818852029866, -4.2415867796502935], [104.81884489481438, -4.2414815142571936], [104.81885373961494, -4.241468882858085], [104.818852029866, -4.2415867796502935]]], [[[104.81915097501023, -4.241379779836826], [104.81922185165156, -4.241324595975736], [104.81923563953957, -4.241318140080246], [104.81922185400003, -4.2413245949999885], [104.81917000300007, -4.241366921999949], [104.81915097501023, -4.241379779836826]]], [[[104.8193641937883, -4.241289345991339], [104.81936457767891, -4.241289353713966], [104.8193603397949, -4.2412898002783175], [104.8193641937883, -4.241289345991339]]], [[[104.82015668884291, -4.241273655036562], [104.82020203829676, -4.241222361219061], [104.82015544020334, -4.241274786742196], [104.82015668884291, -4.241273655036562]]], [[[104.82023691772726, -4.24118746933975], [104.82031751029876, -4.241085809004], [104.82034739571178, -4.2410249591995575], [104.82037816362435, -4.240970276973461], [104.82039764393826, -4.240942456860785], [104.82031751100004, -4.24108580799998], [104.82027532400008, -4.241151070999926], [104.82023691772726, -4.24118746933975]]], [[[104.82080873766373, -4.241008642648683], [104.82080426900006, -4.241010063999962], [104.82080426884917, -4.24101006400169], [104.82080873766373, -4.241008642648683]]], [[[104.8211540967251, -4.240894492579837], [104.82121197598346, -4.240835510852262], [104.82124098887384, -4.240771132387991], [104.8212743886272, -4.240717329600579], [104.8211540967251, -4.240894492579837]]], [[[104.8214114616907, -4.24065121093221], [104.82142711675698, -4.240634717430262], [104.82138873242656, -4.240664896025832], [104.8214114616907, -4.24065121093221]]], [[[104.82151198475202, -4.241226033756699], [104.82155894771427, -4.241171662301079], [104.82152906616096, -4.241212229268308], [104.82151198475202, -4.241226033756699]]], [[[104.82131029735015, -4.241188357807409], [104.82144119820342, -4.241245726323341], [104.82138154775573, -4.241233349214086], [104.8213577333617, -4.241219246127502], [104.82131029735015, -4.241188357807409]]], [[[104.82130937614487, -4.241188084924971], [104.82112140462499, -4.241183023268441], [104.82107482593528, -4.241224472192235], [104.82130937614487, -4.241188084924971]]], [[[104.82133916936351, -4.241737005984331], [104.82138653828365, -4.241750431265502], [104.82129585498106, -4.241709658268639], [104.82133916936351, -4.241737005984331]]], [[[104.82155442006228, -4.241738819924593], [104.82155880273143, -4.241737209592778], [104.8214856594287, -4.24174653554599], [104.82155442006228, -4.241738819924593]]], [[[104.82183910968155, -4.241629510074208], [104.82183910979698, -4.241629510060376], [104.82183505533727, -4.241630716532245], [104.82183910968155, -4.241629510074208]]], [[[104.82238387987074, -4.241446167097755], [104.82239021045753, -4.241431626315378], [104.8223722328303, -4.2414627026900265], [104.82238387987074, -4.241446167097755]]], [[[104.82244892600232, -4.24131387301625], [104.82247925395735, -4.241292135876649], [104.82242794933316, -4.241350711036942], [104.82244892600232, -4.24131387301625]]], [[[104.82253588955727, -4.241607674969628], [104.82265535734423, -4.241500918178043], [104.82259735727708, -4.241557356883938], [104.82253588955727, -4.241607674969628]]], [[[104.82251035294502, -4.241642013452034], [104.82251035300004, -4.241642012999932], [104.82252340513513, -4.241622656539598], [104.82251035294502, -4.241642013452034]]], [[[104.8225015502024, -4.241714341401709], [104.82250201970898, -4.241743831925918], [104.82250744328769, -4.241665919702671], [104.8225015502024, -4.241714341401709]]], [[[104.82276774496151, -4.24181495679157], [104.8227936601895, -4.2417884192859425], [104.82271727393385, -4.241838944458202], [104.82276774496151, -4.24181495679157]]], [[[104.82293125720743, -4.241403954939944], [104.82283895007716, -4.241627977069155], [104.82285478663484, -4.241528312358251], [104.82289258765563, -4.241449812244736], [104.82293125720743, -4.241403954939944]]], [[[104.82296025099247, -4.241382791186615], [104.82296025179855, -4.241382791147082], [104.82294277070403, -4.241395550766436], [104.82296025099247, -4.241382791186615]]], [[[104.82328523610214, -4.241655614832293], [104.82319299959764, -4.2417533109998615], [104.82311830024366, -4.241815923815451], [104.82305064134665, -4.241865304380951], [104.82300812092511, -4.241931348920232], [104.82305064200006, -4.241865302999944], [104.82328523610214, -4.241655614832293]]], [[[104.82295745005406, -4.242134306360797], [104.82295745000005, -4.242134305999965], [104.82295877168552, -4.242118414021115], [104.82295745005406, -4.242134306360797]]], [[[104.82299432024567, -4.242269274211425], [104.82299432000009, -4.24226927399996], [104.82298896007389, -4.242257736503967], [104.82299432024567, -4.242269274211425]]], [[[104.82325085304518, -4.242339897944994], [104.82325534435027, -4.242339839427922], [104.82324082574053, -4.242339760737404], [104.82325085304518, -4.242339897944994]]], [[[104.82336844518825, -4.242954717130294], [104.82336844600007, -4.242954715999924], [104.82338222612593, -4.242938059683877], [104.82336844518825, -4.242954717130294]]], [[[104.82332537568797, -4.243014686861426], [104.82332076190598, -4.243024624068023], [104.82336025344846, -4.242966123181722], [104.82332537568797, -4.243014686861426]]], [[[104.8232910603585, -4.243260778667139], [104.82329301036683, -4.243265676350925], [104.8232900177195, -4.243255541777037], [104.8232910603585, -4.243260778667139]]], [[[104.82355559644564, -4.243344985447461], [104.8236741201294, -4.2432926200626095], [104.82369521693113, -4.243281207286925], [104.82355559644564, -4.243344985447461]]], [[[104.82398746023429, -4.243010500407179], [104.82397290200004, -4.243034238999946], [104.82397290129401, -4.243034240038367], [104.82398746023429, -4.243010500407179]]], [[[104.82411627169846, -4.242807113090178], [104.8241934977697, -4.242709692122264], [104.82427785639538, -4.242649731429781], [104.82411627169846, -4.242807113090178]]], [[[104.82468112974823, -4.24267628495463], [104.82468129514216, -4.242676313760062], [104.82468011198694, -4.2426761098717565], [104.82468112974823, -4.24267628495463]]], [[[104.82545522648964, -4.24289140827314], [104.82545424600005, -4.242891682999921], [104.82545424598068, -4.242891683000352], [104.82545522648964, -4.24289140827314]]], [[[104.82557374858094, -4.242830852247074], [104.82559884691618, -4.242795722281971], [104.8255509000936, -4.242852894541448], [104.82557374858094, -4.242830852247074]]], [[[104.82561594061708, -4.242741769161175], [104.8255957541004, -4.242623569361754], [104.825548317339, -4.2425962192924835], [104.82544816568655, -4.2425600273758075], [104.82537282294386, -4.242527377613634], [104.82561594061708, -4.242741769161175]]], [[[104.8252696062413, -4.242479317897737], [104.82517320826737, -4.242388844908182], [104.82516267543589, -4.2423457542383955], [104.8252696062413, -4.242479317897737]]], [[[104.82516032704031, -4.242330367604113], [104.82515741583191, -4.242290051273745], [104.8251600579439, -4.242245070956199], [104.82516032704031, -4.242330367604113]]], [[[104.82519257614427, -4.242210673514603], [104.82522666141068, -4.242197781541939], [104.8251724943261, -4.242231915869996], [104.82519257614427, -4.242210673514603]]], [[[104.82608257019992, -4.242297316004631], [104.82608933539302, -4.242296323691443], [104.82607976713886, -4.242297501469942], [104.82608257019992, -4.242297316004631]]], [[[104.8262111802997, -4.242262201788425], [104.82627852180708, -4.2422038618791715], [104.82632660855327, -4.2421159424079455], [104.8262111802997, -4.242262201788425]]], [[[104.82635437949367, -4.242041229994108], [104.82635767124914, -4.2418660549989395], [104.8263164703034, -4.241429421533364], [104.82631238776803, -4.241346983458589], [104.82635767200009, -4.241866053999964], [104.82636028300004, -4.241956024999986], [104.82635763700006, -4.242020409999951], [104.82635437949367, -4.242041229994108]]], [[[104.82632177993429, -4.241259189088799], [104.82636167039894, -4.24117995935942], [104.82631283947447, -4.241334964246316], [104.82632177993429, -4.241259189088799]]], [[[104.82656873094595, -4.240980513963858], [104.82672603837041, -4.2407847313178575], [104.82674697071633, -4.240757025789914], [104.82656873094595, -4.240980513963858]]], [[[104.82690445103276, -4.240539559853803], [104.82700069126994, -4.2403968620859], [104.82686652879705, -4.240594230616183], [104.82690445103276, -4.240539559853803]]], [[[104.82710151269639, -4.2402616695764115], [104.82710443646148, -4.240257862052386], [104.82706923885155, -4.240303703049156], [104.82710151269639, -4.2402616695764115]]], [[[104.82725052315867, -4.240066283214852], [104.82733157509364, -4.239963664063367], [104.82736526230661, -4.239925846053637], [104.82725052315867, -4.240066283214852]]], [[[104.82742824538074, -4.239854310144856], [104.82746525605577, -4.239809003802721], [104.82740612402137, -4.239879553554485], [104.82742824538074, -4.239854310144856]]], [[[104.82744674000008, -4.239640854999948], [104.82744673908206, -4.23964085577444], [104.82734482249667, -4.239639955205298], [104.82744674000008, -4.239640854999948]]], [[[104.82731140960661, -4.2396535844723955], [104.82715942533844, -4.239722828822317], [104.82709247966709, -4.23975343503317], [104.82731140960661, -4.2396535844723955]]], [[[104.82680826324227, -4.239682928739663], [104.8269977502678, -4.239788064383118], [104.8269362478876, -4.23979245637787], [104.82686947569246, -4.239788913867941], [104.82682555129594, -4.239765092432584], [104.82681061935402, -4.239726278415994], [104.82680826324227, -4.239682928739663]]], [[[104.82684411619105, -4.239231445319186], [104.8268019187331, -4.239343461254108], [104.82680895873695, -4.239288775094743], [104.82684411619105, -4.239231445319186]]], [[[104.8269354966598, -4.2391997109665835], [104.82695164697796, -4.239192098350367], [104.8269238577643, -4.239203752889971], [104.8269354966598, -4.2391997109665835]]], [[[104.8270511636276, -4.239125269161696], [104.82718244721157, -4.238921034974865], [104.8272694487923, -4.238805508275844], [104.82707521904621, -4.239102716417168], [104.8270511636276, -4.239125269161696]]], [[[104.82732568872568, -4.238752598984491], [104.8273256905284, -4.238752598443685], [104.82727311033781, -4.238802063574464], [104.82732568872568, -4.238752598984491]]], [[[104.82741970964638, -4.238724393022871], [104.82742259109853, -4.238724580395329], [104.82736723160072, -4.238740136262024], [104.82741970964638, -4.238724393022871]]], [[[104.82860747019498, -4.239155980919042], [104.82861902969306, -4.2391538530815], [104.82860644651537, -4.239155919359308], [104.82860747019498, -4.239155980919042]]], [[[104.82885041414174, -4.238939030411997], [104.82875245849078, -4.239041345509669], [104.82881221665637, -4.238977849937604], [104.82885041414174, -4.238939030411997]]], [[[104.82910655629908, -4.238947925058611], [104.82910862401644, -4.2389596476208995], [104.82910370356875, -4.238944733294255], [104.82910655629908, -4.238947925058611]]], [[[104.82907321880312, -4.239184567281909], [104.82907321855424, -4.239184567313886], [104.82907324143626, -4.239184479530119], [104.82907321880312, -4.239184567281909]]], [[[104.82906168199543, -4.239229297071091], [104.82906168200009, -4.239229296999958], [104.82906206348052, -4.239227818000741], [104.82906168199543, -4.239229297071091]]], [[[104.82922858179442, -4.239377519715184], [104.82924811060654, -4.239362820006189], [104.82919641508286, -4.239395028190494], [104.82922858179442, -4.239377519715184]]], [[[104.82934194111338, -4.239296395820964], [104.8293419420211, -4.239296395681732], [104.82930278176381, -4.239323667938682], [104.82934194111338, -4.239296395820964]]], [[[104.83023783499131, -4.239206913036248], [104.83015024607468, -4.239300102142256], [104.83022845543171, -4.2392101491404635], [104.83023783499131, -4.239206913036248]]], [[[104.83062067877613, -4.239545308387498], [104.83061760400005, -4.239545417999981], [104.83061760364427, -4.239545417897836], [104.83062067877613, -4.239545308387498]]], [[[104.8306215672034, -4.238782741869812], [104.83054038758691, -4.239085843431333], [104.83053775635652, -4.239047918041155], [104.83054392079346, -4.238996759887046], [104.8306001933402, -4.238802719317135], [104.8306215672034, -4.238782741869812]]], [[[104.83091322972062, -4.2388319449295535], [104.8308839684205, -4.238832771415223], [104.83088396734168, -4.238832770980253], [104.83091322972062, -4.2388319449295535]]], [[[104.83114580033403, -4.238773725834039], [104.83118786238244, -4.238742437151871], [104.83107281072283, -4.238805949131631], [104.83114580033403, -4.238773725834039]]], [[[104.83120063292951, -4.23872540480581], [104.83123545574632, -4.2385938049919725], [104.83123545590243, -4.238593804430867], [104.83121347642088, -4.238690826920099], [104.83120063292951, -4.23872540480581]]], [[[104.83125126224748, -4.238536988778846], [104.83130753531033, -4.238431523189916], [104.83130753668398, -4.238431522133824], [104.83125126224748, -4.238536988778846]]], [[[104.83156586866247, -4.238300155217058], [104.83161722912692, -4.238292677533043], [104.83152611272584, -4.238314597114405], [104.83156586866247, -4.238300155217058]]], [[[104.83153152166244, -4.238705895960271], [104.83170550525536, -4.23859919995463], [104.83165541215735, -4.238636236316811], [104.83153152113427, -4.238705896829473], [104.83149372762632, -4.238752632003612], [104.83153152166244, -4.238705895960271]]], [[[104.8321744963557, -4.239417855292493], [104.83216982365731, -4.239435933373587], [104.83217491983872, -4.239406654497241], [104.8321744963557, -4.239417855292493]]], [[[104.83201455500006, -4.239594231999946], [104.83201455462566, -4.239594232423498], [104.83198730983426, -4.2396162812343166], [104.83201455500006, -4.239594231999946]]], [[[104.83239930371636, -4.239939205931081], [104.83239980527625, -4.239939304304189], [104.83239909214184, -4.239939156310339], [104.83239930371636, -4.239939205931081]]], [[[104.83282537121848, -4.239909161152516], [104.832833352272, -4.239826396098728], [104.83276662083112, -4.239634970037316], [104.83274865998376, -4.239557258641375], [104.83282537121848, -4.239909161152516]]], [[[104.83273606861786, -4.239475741849583], [104.83278161525988, -4.239340364945451], [104.83281245775586, -4.239302879028034], [104.83273606861786, -4.239475741849583]]], [[[104.83291254915905, -4.239246895312019], [104.83291255050418, -4.239246895127473], [104.83289854387459, -4.239250497439887], [104.83291254915905, -4.239246895312019]]], [[[104.8339378939892, -4.239096288015099], [104.8339378947617, -4.239096288071687], [104.83393646867874, -4.2390963146260505], [104.8339378939892, -4.239096288015099]]], [[[104.83514113199257, -4.240042949278844], [104.8352204599372, -4.239941577259817], [104.83525435071573, -4.239892341464688], [104.83514113199257, -4.240042949278844]]], [[[104.83518534791462, -4.239341034751282], [104.83513621628283, -4.239463482198456], [104.83512568261636, -4.239419377511795], [104.83513535982857, -4.239380568267585], [104.83517314220417, -4.239345293940031], [104.83518534791462, -4.239341034751282]]], [[[104.83553157842917, -4.239486500126146], [104.83554027182154, -4.2394963076814705], [104.83551673480352, -4.239475132747459], [104.83553157842917, -4.239486500126146]]], [[[104.83594629452102, -4.239740048118745], [104.83600160262603, -4.239613617517521], [104.836008916212, -4.2395959625054935], [104.83594629452102, -4.239740048118745]]], [[[104.83630121650462, -4.239143730759641], [104.8361308073723, -4.2393446116519335], [104.83619145237351, -4.2392608329417305], [104.83625472609062, -4.239191159005191], [104.83630121650462, -4.239143730759641]]], [[[104.83638619248661, -4.239079839804404], [104.836494615334, -4.239009505112929], [104.83653869889157, -4.2389632895378115], [104.83638619248661, -4.239079839804404]]], [[[104.8366018311499, -4.238878105213115], [104.83663532273742, -4.238825705063671], [104.8365746676159, -4.238917260200583], [104.8366018311499, -4.238878105213115]]], [[[104.83672864386621, -4.238704799900819], [104.83683999034432, -4.2386073582766155], [104.83688058016683, -4.238576908809915], [104.83672864386621, -4.238704799900819]]], [[[104.8370245221012, -4.23847156046342], [104.83706231512402, -4.2384395084796695], [104.83697842495297, -4.238504850406173], [104.8370245221012, -4.23847156046342]]], [[[104.8371213283961, -4.238388256205606], [104.83726707489032, -4.238183182396091], [104.83729785607106, -4.238015597277053], [104.83731156732637, -4.23798349709397], [104.8371213283961, -4.238388256205606]]], [[[104.83737432101091, -4.23790535030423], [104.83737432198049, -4.237905350018911], [104.83735649544836, -4.237922611810045], [104.83737432101091, -4.23790535030423]]], [[[104.83835903327846, -4.238790268994926], [104.83836962209695, -4.238802071755973], [104.83834299650424, -4.238769673228821], [104.83835903327846, -4.238790268994926]]], [[[104.83868362065964, -4.239025098979726], [104.8387534733312, -4.239037328769693], [104.83878754078596, -4.239039451600694], [104.83868362065964, -4.239025098979726]]], [[[104.83898983141563, -4.238944756795032], [104.83898982968714, -4.238944757561656], [104.83900741622587, -4.238873318186898], [104.83903008338062, -4.238786690962313], [104.839049610401, -4.238740289299652], [104.83898983141563, -4.238944756795032]]], [[[104.83916736297509, -4.238665184631922], [104.83917584620359, -4.238668645512309], [104.83915569225228, -4.238665373596396], [104.83916736297509, -4.238665184631922]]], [[[104.8393016958375, -4.238754501613365], [104.83930001700008, -4.238754296999958], [104.83930001677484, -4.23875429684682], [104.8393016958375, -4.238754501613365]]], [[[104.83938412301231, -4.2387392077903545], [104.83937557700007, -4.238750783999932], [104.83937557625138, -4.238750784113206], [104.83938412301231, -4.2387392077903545]]], [[[104.8395102300309, -4.238061715775256], [104.83938880051595, -4.238505574887652], [104.83939321916475, -4.2384050208320625], [104.83942663371883, -4.2382691894917865], [104.8394521293665, -4.238166876114797], [104.8394837730626, -4.238092788814362], [104.83950926398033, -4.238061927210329], [104.8395102300309, -4.238061715775256]]], [[[104.84016993100005, -4.2382278909999584], [104.84016993020579, -4.238227891004661], [104.84018566105436, -4.238208154149266], [104.84016993100005, -4.2382278909999584]]], [[[104.84003122166463, -4.237698626249909], [104.8400074661476, -4.2378353362990975], [104.84000395813206, -4.237804467994121], [104.84000572371833, -4.237759477942512], [104.84003122166463, -4.237698626249909]]], [[[104.84054950585505, -4.238112413557014], [104.84054950520954, -4.238112414929464], [104.84054724805432, -4.238117009009231], [104.84054950585505, -4.238112413557014]]], [[[104.84049324061188, -4.238282646287502], [104.84049324067058, -4.238282645327792], [104.84049685226665, -4.238267402890325], [104.84049324061188, -4.238282646287502]]], [[[104.84048808217129, -4.238513753824715], [104.84048792200008, -4.238511980999935], [104.8404879220001, -4.238511980941177], [104.84048808217129, -4.238513753824715]]], [[[104.84049138270052, -4.238773948903731], [104.84048837588425, -4.238806477808398], [104.84049209298249, -4.238764349107784], [104.84049138270052, -4.238773948903731]]], [[[104.84048257718763, -4.238869210407356], [104.84048203167863, -4.23888228651054], [104.84048702191208, -4.238821125610079], [104.84048257718763, -4.238869210407356]]], [[[104.84066318271347, -4.239107107075105], [104.84062829300007, -4.239111388999963], [104.84062829216576, -4.239111388905899], [104.84066318271347, -4.239107107075105]]], [[[104.84071096364326, -4.239101243311198], [104.84072958196857, -4.239098099015311], [104.84069961601608, -4.239102635913182], [104.84071096364326, -4.239101243311198]]], [[[104.84080123614484, -4.239084805852683], [104.84079442901975, -4.239087147353934], [104.84079442873063, -4.239087147402766], [104.84080123614484, -4.239084805852683]]], [[[104.84092622587787, -4.239043949200746], [104.8409281040146, -4.2390433276284405], [104.84092307763619, -4.2390449364296865], [104.84092622587787, -4.239043949200746]]], [[[104.84157288408598, -4.238975281821226], [104.84159423854663, -4.238965052012568], [104.8415677513603, -4.238977548443455], [104.84157288408598, -4.238975281821226]]], [[[104.84174071403345, -4.2389021092269115], [104.8417407145827, -4.23890210915701], [104.8417183045748, -4.238910540773478], [104.84174071403345, -4.2389021092269115]]], [[[104.84186547573547, -4.238894191891155], [104.8418765685728, -4.2388964791237544], [104.84183592901601, -4.2388945633549175], [104.84186547573547, -4.238894191891155]]], [[[104.84197084203095, -4.239215284118822], [104.84197084200008, -4.239215283999949], [104.84197084240913, -4.239213341111597], [104.84197084203095, -4.239215284118822]]], [[[104.84202089706449, -4.239312320799472], [104.84204788328934, -4.239315216101584], [104.84201288390396, -4.239303859932209], [104.84202089706449, -4.239312320799472]]], [[[104.84216762900495, -4.2393000019330245], [104.84217988631174, -4.239293926793455], [104.8421619628633, -4.239301361020552], [104.84216762900495, -4.2393000019330245]]], [[[104.84226930857331, -4.239236582698719], [104.84237939505377, -4.2391509811851895], [104.8424892353075, -4.239096316344645], [104.84226930857331, -4.239236582698719]]], [[[104.84267883404424, -4.239027019837906], [104.84267111300005, -4.239031957999947], [104.84267111264889, -4.239031958148913], [104.84267883404424, -4.239027019837906]]], [[[104.84276518407006, -4.23896551885915], [104.84286536220822, -4.238651834376978], [104.8429066701602, -4.238560984923816], [104.84283984300004, -4.238830881999952], [104.84280556402564, -4.238921732352031], [104.84276518407006, -4.23896551885915]]], [[[104.84296115136964, -4.23851512897658], [104.84301276010044, -4.238508411226908], [104.84291189312937, -4.238556588835759], [104.84296115136964, -4.23851512897658]]], [[[104.84359977401891, -4.2391027125847405], [104.84380276598858, -4.238896350652028], [104.84373861819678, -4.238971316981804], [104.84366304434431, -4.239043631329476], [104.84359977401891, -4.2391027125847405]]], [[[104.84355494219155, -4.239201492800632], [104.84355366448756, -4.239229631611439], [104.84355672658471, -4.239193259941992], [104.84355494219155, -4.239201492800632]]], [[[104.84355140514077, -4.2393143967066385], [104.84355140500008, -4.239314395999937], [104.8435517682585, -4.239292174623605], [104.84355140514077, -4.2393143967066385]]], [[[104.84407657520102, -4.23920667430733], [104.84394590308797, -4.239278316245328], [104.84402586126616, -4.239228936998619], [104.84407657520102, -4.23920667430733]]], [[[104.84425958159134, -4.23915312702306], [104.84426577091533, -4.239152892725118], [104.84420214046473, -4.2391656513995315], [104.84425958159134, -4.23915312702306]]], [[[104.84449484414301, -4.239383970672485], [104.84444314921228, -4.239470706021862], [104.84444020731918, -4.2394823505481005], [104.84449484414301, -4.239383970672485]]], [[[104.84443433160861, -4.239629475249375], [104.84446352067806, -4.239641661542046], [104.84443367130548, -4.239627087017605], [104.84443433160861, -4.239629475249375]]], [[[104.8451723764041, -4.23949555017947], [104.84517237619069, -4.239495550297349], [104.84501514356418, -4.239292644809151], [104.8449923085932, -4.239252943383678], [104.84498880510563, -4.239200904325126], [104.8451723764041, -4.23949555017947]]], [[[104.84498939080902, -4.239195039022945], [104.84501167033642, -4.239086242880538], [104.84502710275584, -4.23903980075954], [104.84498939080902, -4.239195039022945]]], [[[104.8448771467448, -4.238470530693403], [104.84494758423378, -4.238854242588299], [104.84491156935879, -4.2387924917973665], [104.84488171432709, -4.238708693605958], [104.84487294886968, -4.238606371783471], [104.84487296665776, -4.238517280389304], [104.8448771467448, -4.238470530693403]]], [[[104.84488921064315, -4.238431530948577], [104.84490726201996, -4.2383876289549], [104.84490726278051, -4.238387628533801], [104.84488921064315, -4.238431530948577]]], [[[104.84495822504111, -4.238359412158366], [104.84496457767924, -4.238358632674816], [104.84493405227775, -4.2383727959402515], [104.84495822504111, -4.238359412158366]]], [[[104.84509828916735, -4.2384750807038465], [104.8451031472114, -4.2385693724896205], [104.84510388221676, -4.238604756132107], [104.84509828916735, -4.2384750807038465]]], [[[104.84517604711216, -4.238708752206209], [104.84519117146645, -4.238701162329454], [104.8451741128459, -4.238708787594902], [104.84517604711216, -4.238708752206209]]], [[[104.84563554326239, -4.238721193083203], [104.84564475589373, -4.238721047517375], [104.84562986469545, -4.238719867940547], [104.84563554326239, -4.238721193083203]]], [[[104.84575503464663, -4.238704453246969], [104.84577316031296, -4.23869895923817], [104.84573669778128, -4.238708989236454], [104.84575503464663, -4.238704453246969]]], [[[104.84599225761173, -4.238693038313118], [104.84599225764269, -4.238693038337708], [104.84598841896107, -4.238692412576733], [104.84599225761173, -4.238693038313118]]], [[[104.84619166419817, -4.238886245049291], [104.84619458426377, -4.238890198630336], [104.84618407986129, -4.238878921208285], [104.84619166419817, -4.238886245049291]]], [[[104.8464033503755, -4.239142085035934], [104.8464069106496, -4.239142260132576], [104.84636996668924, -4.239126201298483], [104.8464033503755, -4.239142085035934]]], [[[104.84653017437445, -4.238678004033977], [104.84648425089472, -4.238784871343029], [104.84648865761466, -4.23873547568944], [104.8465079950983, -4.238694905153402], [104.84653017437445, -4.238678004033977]]], [[[104.84689280235708, -4.238780537019414], [104.84689308791181, -4.238790418440556], [104.84688892408613, -4.2387646736308975], [104.84689280235708, -4.238780537019414]]], [[[104.84688663400004, -4.238844929999967], [104.84688663416473, -4.238844930952185], [104.84686611112305, -4.238877732001759], [104.84688663400004, -4.238844929999967]]], [[[104.84684005906742, -4.238919892251439], [104.84683880557802, -4.238936833465867], [104.84685488321324, -4.238895860555365], [104.84684005906742, -4.238919892251439]]], [[[104.84701180052461, -4.239001128594961], [104.8470702392567, -4.238972861769347], [104.8470937845879, -4.238952518587587], [104.84701180052461, -4.239001128594961]]], [[[104.8471040096454, -4.238942337881132], [104.84710187500008, -4.238945527999937], [104.8471018747244, -4.238945528238117], [104.8471040096454, -4.238942337881132]]], [[[104.84715020990404, -4.238854682085598], [104.84716061517186, -4.238814928199669], [104.84714882942168, -4.2388596677800505], [104.84715020990404, -4.238854682085598]]], [[[104.84716867872574, -4.238784120962792], [104.8471686788009, -4.238784120760821], [104.8471667024773, -4.238791671324747], [104.84716867872574, -4.238784120962792]]], [[[104.84723020179598, -4.238673878934789], [104.84723020192372, -4.2386738788801415], [104.84722595099433, -4.2386789574781805], [104.84723020179598, -4.238673878934789]]], [[[104.84791189802299, -4.239139742019455], [104.84791084003795, -4.239143138646602], [104.84791203317528, -4.239138061925005], [104.84791189802299, -4.239139742019455]]], [[[104.84781626986302, -4.239394197587603], [104.84781557951085, -4.2394059888374604], [104.84782233519769, -4.239366630489127], [104.84781626986302, -4.239394197587603]]], [[[104.84816929854831, -4.239768408986315], [104.84820619432372, -4.239771175252184], [104.84823862865602, -4.239772895514647], [104.84816929854831, -4.239768408986315]]], [[[104.84843804872733, -4.239759930240615], [104.84846157725063, -4.239751890666251], [104.84842101114059, -4.239763252761258], [104.84843804872733, -4.239759930240615]]], [[[104.84905459229566, -4.239551820759855], [104.84905459110809, -4.239551822098126], [104.84878426159833, -4.239512687081244], [104.84869775863406, -4.239488785872349], [104.84860909878438, -4.239444258137842], [104.84854747407027, -4.239378023761949], [104.84850856391043, -4.2392889973516725], [104.84850209067166, -4.239213001281566], [104.8485031901273, -4.239119639774319], [104.84851185104003, -4.239067530931062], [104.84852029963291, -4.239054320565384], [104.84860910142898, -4.2394442582458955], [104.84905459229566, -4.239551820759855]]], [[[104.85018235703178, -4.239956975045006], [104.85018252031632, -4.239957437324197], [104.85018235700727, -4.239956975020399], [104.85018235703178, -4.239956975045006]]], [[[104.85020396536135, -4.2400579422492495], [104.85020364783652, -4.240067434911492], [104.85020229457821, -4.2400463723124515], [104.85020396536135, -4.2400579422492495]]], [[[104.85019097688108, -4.240117647805898], [104.85015446483642, -4.240146146631443], [104.85019405842141, -4.240110619805533], [104.85019097688108, -4.240117647805898]]], [[[104.85007310239185, -4.2401610475941975], [104.85007310089993, -4.240161049294112], [104.84986586865445, -4.240172033544235], [104.85007310239185, -4.2401610475941975]]], [[[104.8498113226933, -4.2402177834909], [104.84978976588344, -4.240281498302082], [104.84979015505131, -4.2402898702625675], [104.8498113226933, -4.2402177834909]]], [[[104.84978087985887, -4.240694340196156], [104.85020927525986, -4.240556240263455], [104.850169262197, -4.240575773982676], [104.84978087985887, -4.240694340196156]]], [[[104.850191194374, -4.241341030228358], [104.85011720281636, -4.241373689559214], [104.8500722894482, -4.241402902535723], [104.85011720300008, -4.241373688999939], [104.850191194374, -4.241341030228358]]], [[[104.85030768516647, -4.241574747556115], [104.85029558600007, -4.241583246999938], [104.8502955854247, -4.241583247185078], [104.85030768516647, -4.241574747556115]]], [[[104.8503972472768, -4.241504017614091], [104.85039724730346, -4.241504017603663], [104.8503964765061, -4.241504685645329], [104.8503972472768, -4.241504017614091]]], [[[104.85052377173498, -4.241469302028506], [104.85052377181226, -4.241469302029157], [104.8505233053801, -4.241469374596843], [104.85052377173498, -4.241469302028506]]], [[[104.85134582868433, -4.240444612747334], [104.85095638783778, -4.241067709268344], [104.85100291356437, -4.24092007443056], [104.85108837157482, -4.24075507752606], [104.8511651667099, -4.240653044002598], [104.85125493906276, -4.240541243024094], [104.85134582868433, -4.240444612747334]]], [[[104.85146151233647, -4.240358900433846], [104.85146151400457, -4.240358899638078], [104.85143688036858, -4.240375654434993], [104.85146151233647, -4.240358900433846]]], [[[104.85181297885076, -4.24020263882637], [104.85186166414158, -4.240175991361959], [104.85175666597792, -4.240229466184066], [104.85181297885076, -4.24020263882637]]], [[[104.8524303048961, -4.239977633166512], [104.85215255477274, -4.240027919994746], [104.852259611669, -4.240004056977145], [104.85240019292904, -4.239980200169805], [104.8524303048961, -4.239977633166512]]], [[[104.85320042512252, -4.239788199047039], [104.85320042551517, -4.239788199053976], [104.85319673665967, -4.2397886098271576], [104.85320042512252, -4.239788199047039]]], [[[104.85399615118166, -4.2405602220267165], [104.85400409662547, -4.240570529532242], [104.85399380756174, -4.2405565564664105], [104.85399615118166, -4.2405602220267165]]], [[[104.85462104135829, -4.241246448221521], [104.85463692500423, -4.241264364039859], [104.85460928560535, -4.241228465515586], [104.85462104135829, -4.241246448221521]]], [[[104.85559432271575, -4.241267973575596], [104.85556288600009, -4.241295477999931], [104.8555628855999, -4.241295478112343], [104.85559432271575, -4.241267973575596]]], [[[104.85571422129053, -4.240591069473037], [104.85563651711773, -4.240755941085696], [104.85566140602576, -4.240661497711767], [104.85571422129053, -4.240591069473037]]], [[[104.85576063458412, -4.240517685013214], [104.85574036500009, -4.2405562069999405], [104.85574036441456, -4.240556207780732], [104.85576063458412, -4.240517685013214]]], [[[104.85587905214531, -4.2402830933151465], [104.85591063078756, -4.240229334024296], [104.85581307106744, -4.24041758242536], [104.85587905214531, -4.2402830933151465]]], [[[104.85627373527907, -4.240330933296654], [104.85627609774721, -4.240334379473708], [104.85626911245019, -4.240320791391989], [104.85627373527907, -4.240330933296654]]], [[[104.85653713427877, -4.240170350844089], [104.85653434428761, -4.240303842780749], [104.85653435604763, -4.240233277824192], [104.85653713427877, -4.240170350844089]]], [[[104.85654338061771, -4.240126049567742], [104.85657548759116, -4.2400215897196665], [104.85657548791566, -4.240021589244198], [104.85654338061771, -4.240126049567742]]], [[[104.85662956813663, -4.239942349873564], [104.85667567126313, -4.2398908458744415], [104.85657767835674, -4.240018379768078], [104.85662956813663, -4.239942349873564]]], [[[104.85676172227821, -4.239774681699456], [104.85683292003661, -4.239627558958317], [104.8568851013741, -4.239549010565457], [104.85676172227821, -4.239774681699456]]], [[[104.85704381856284, -4.23943327297211], [104.85705473621739, -4.2394316102870455], [104.85701926271358, -4.239447236935498], [104.85704381856284, -4.23943327297211]]], [[[104.85741577622463, -4.239570129215868], [104.85741769524212, -4.2395909803148175], [104.85741192161282, -4.239559723515642], [104.85741577622463, -4.239570129215868]]], [[[104.85741250379925, -4.239725372858855], [104.85741117691127, -4.2397345082142825], [104.85741250391098, -4.239725371613439], [104.85741250379925, -4.239725372858855]]], [[[104.85767978168155, -4.23945292742439], [104.85762039628683, -4.239731897324391], [104.85763961270918, -4.239578856331703], [104.8576601752249, -4.239486582012372], [104.85767978168155, -4.23945292742439]]], [[[104.85833938714916, -4.239539787779057], [104.85831113400008, -4.23955075299995], [104.85831113352411, -4.239550753015277], [104.85833938714916, -4.239539787779057]]], [[[104.85847661146592, -4.239474910511384], [104.85856311362616, -4.239404241215047], [104.8585922280874, -4.239369494849622], [104.85847661146592, -4.239474910511384]]], [[[104.85885253968551, -4.238987843292556], [104.85885254057608, -4.238987843212667], [104.85884090188446, -4.238993682584625], [104.85885253968551, -4.238987843292556]]], [[[104.85936410764832, -4.23922270056878], [104.85941548423132, -4.239156894981247], [104.8594173334501, -4.2391278997915025], [104.85936410764832, -4.23922270056878]]], [[[104.85939526498257, -4.238847491042594], [104.8593830732956, -4.238994047335591], [104.85937159108698, -4.2389479060021005], [104.85937633306882, -4.238893626573446], [104.85939526498257, -4.238847491042594]]], [[[104.85952099041249, -4.238738952300791], [104.85953151602267, -4.23872902332678], [104.8594998288982, -4.238756407817858], [104.85952099041249, -4.238738952300791]]], [[[104.8596075198921, -4.2386195502946205], [104.85952508932898, -4.23849808225963], [104.85932640979374, -4.238398983914856], [104.8592770811846, -4.238358943348422], [104.8592574890795, -4.238318907569815], [104.85924871123626, -4.238274124033219], [104.859249597043, -4.238243633624519], [104.85927708200006, -4.2383589429999855], [104.85932641000005, -4.238398982999967], [104.85952509000003, -4.238498081999986], [104.85958590700005, -4.238543552999936], [104.85960482400009, -4.238581552999965], [104.8596075198921, -4.2386195502946205]]], [[[104.8595751682111, -4.238126268743178], [104.85960052518364, -4.238124010455103], [104.85953075467198, -4.238128801992576], [104.8595751682111, -4.238126268743178]]], [[[104.85996244211933, -4.238027955398292], [104.85999911609107, -4.237992593562058], [104.85995384675017, -4.238032172223031], [104.85996244211933, -4.238027955398292]]], [[[104.86028407546772, -4.237784980752973], [104.86039435609518, -4.237730846503972], [104.86042373110078, -4.237711193919481], [104.86028407546772, -4.237784980752973]]], [[[104.86053089178542, -4.237645379275504], [104.86053089299342, -4.23764537900317], [104.86051734191796, -4.2376519719766526], [104.86053089178542, -4.237645379275504]]], [[[104.86059104311586, -4.237631818620801], [104.86060616968656, -4.237631821517727], [104.8605310220156, -4.237645349916107], [104.86059104311586, -4.237631818620801]]], [[[104.8609573408956, -4.237679380910184], [104.86101508143969, -4.237665503885649], [104.86095224370705, -4.237679329315917], [104.8609573408956, -4.237679380910184]]], [[[104.8610380542868, -4.237655760681674], [104.86102222500006, -4.237663786999968], [104.86102222392225, -4.237663787259006], [104.8610380542868, -4.237655760681674]]], [[[104.86118174520425, -4.237535577570192], [104.8612020937267, -4.237502481649674], [104.86113510190236, -4.237596634069384], [104.86118174520425, -4.237535577570192]]], [[[104.86131356624792, -4.2373537607543605], [104.86131356661895, -4.2373537604529306], [104.86130477594233, -4.237364207797768], [104.86131356624792, -4.2373537607543605]]], [[[104.86135615027369, -4.237319164577116], [104.86135615030884, -4.237319164561477], [104.86135262963043, -4.237322024823354], [104.86135615027369, -4.237319164577116]]], [[[104.86161613814124, -4.237280163891677], [104.86161917827806, -4.2372803440157485], [104.86160268556164, -4.237279366963347], [104.86161613814124, -4.237280163891677]]], [[[104.86171766208506, -4.237277625213494], [104.86170827000007, -4.237279194999932], [104.86170826930137, -4.237279195045953], [104.86171766208506, -4.237277625213494]]], [[[104.86183465611984, -4.237245971342652], [104.86186294960898, -4.237229088912916], [104.86178835516851, -4.237261757794587], [104.86183465611984, -4.237245971342652]]], [[[104.86191517600008, -4.236718782999959], [104.86191517533749, -4.236718783747097], [104.86154620900005, -4.236492772999954], [104.86191517600008, -4.236718782999959]]], [[[104.86146374399304, -4.236565359021002], [104.86146374400005, -4.236565358999944], [104.86146711971686, -4.236561556248118], [104.86146374399304, -4.236565359021002]]], [[[104.86137715461365, -4.237017231558023], [104.86135861617133, -4.23702243885668], [104.86138258757708, -4.237012490292934], [104.86137715461365, -4.237017231558023]]], [[[104.86110481202266, -4.236907942017773], [104.86128523916517, -4.237027392216036], [104.86123455379666, -4.237010421274786], [104.86110481202266, -4.236907942017773]]], [[[104.86110430362258, -4.236907042740232], [104.86096360578746, -4.236655511725493], [104.86088386713837, -4.236600537838126], [104.86075479003937, -4.2365584469828494], [104.86066085665581, -4.236510255895049], [104.86060071746806, -4.236449178600582], [104.86057098760074, -4.23640778478534], [104.860561530184, -4.2363860707802115], [104.86056089035581, -4.236344424291653], [104.86096360600004, -4.236655510999985], [104.86110430362258, -4.236907042740232]]], [[[104.86056829909852, -4.2363222919674355], [104.86056829991966, -4.236322291220028], [104.86056300816979, -4.236336774690216], [104.86056829909852, -4.2363222919674355]]], [[[104.86083133520843, -4.236261941767816], [104.86098192716777, -4.236242981032389], [104.86099671815052, -4.23623892253242], [104.86083133520843, -4.236261941767816]]], [[[104.86111166777395, -4.236190906743919], [104.86110764300008, -4.236194828999936], [104.86110764265885, -4.236194829193485], [104.86111166777395, -4.236190906743919]]], [[[104.86117389142413, -4.236095779019809], [104.86118035491155, -4.23605602812927], [104.86116502842495, -4.236120005586464], [104.86117389142413, -4.236095779019809]]], [[[104.86118540535436, -4.235957365044566], [104.86117726701744, -4.235898835745779], [104.86118421014709, -4.236023940250838], [104.86118540535436, -4.235957365044566]]], [[[104.86114285508806, -4.23580537126792], [104.8605873690189, -4.2355114768741355], [104.8605265529994, -4.2354592213816815], [104.86050493635682, -4.23540222197599], [104.86049954274756, -4.23532962078633], [104.86050766178329, -4.235279412123364], [104.86051566168955, -4.235268214676859], [104.86114285508806, -4.23580537126792]]], [[[104.86083229459331, -4.235196302295682], [104.86091250805858, -4.235168888075611], [104.86093109998428, -4.235158303836754], [104.86083229459331, -4.235196302295682]]], [[[104.861054367052, -4.235057895800215], [104.86113355617604, -4.234892096009532], [104.8611628641951, -4.234807629859488], [104.861054367052, -4.235057895800215]]], [[[104.86129229755238, -4.234480743439054], [104.86122686832113, -4.234630208128509], [104.86125999909828, -4.23454743595505], [104.86129229755238, -4.234480743439054]]], [[[104.86131340951808, -4.234451026373359], [104.86138302935423, -4.234390043975324], [104.8613966438774, -4.234388432821222], [104.86131340951808, -4.234451026373359]]], [[[104.86141573882537, -4.234386173108703], [104.8614157387454, -4.234386173383141], [104.861415715083, -4.2343861759183845], [104.86141573882537, -4.234386173108703]]], [[[104.86164351980574, -4.234412650115722], [104.86163241000008, -4.234412478999955], [104.86163240923325, -4.234412478844497], [104.86164351980574, -4.234412650115722]]], [[[104.86170492970625, -4.2344108739424176], [104.86174933071085, -4.234402322779114], [104.86176927647526, -4.234389312002227], [104.86170492970625, -4.2344108739424176]]], [[[104.86178583510096, -4.2343500839318216], [104.86178636638932, -4.234317895895768], [104.8617763672793, -4.234384686470102], [104.86178583510096, -4.2343500839318216]]], [[[104.86174861786881, -4.234014661326406], [104.86175477313903, -4.234193342843564], [104.8617392409343, -4.2341329534203656], [104.86173857675588, -4.23406442358232], [104.86174861786881, -4.234014661326406]]], [[[104.86198123200006, -4.23390433799995], [104.8619812308722, -4.233904338127687], [104.86198895823053, -4.233886061975273], [104.86198123200006, -4.23390433799995]]], [[[104.86206355720186, -4.233527471013181], [104.86195761922954, -4.2336634635361685], [104.86196100697943, -4.233615290833562], [104.86197250389479, -4.23357186754801], [104.86200427415311, -4.233537947145697], [104.8620563150633, -4.233527099812954], [104.86206355720186, -4.233527471013181]]], [[[104.86244487678937, -4.2337782180292285], [104.86244720890446, -4.233775706368815], [104.86244259265129, -4.233778763616982], [104.86244487678937, -4.2337782180292285]]], [[[104.8624795007624, -4.233723194955564], [104.86248546190434, -4.2335801013504035], [104.86247398233286, -4.233525139164779], [104.86244560997413, -4.233453212121536], [104.86243480477506, -4.233407071966275], [104.8624388659824, -4.233372468150477], [104.86243480600007, -4.233407071999985], [104.86247398300009, -4.233525138999931], [104.86248546300004, -4.233580099999932], [104.86248883300004, -4.233627595999959], [104.86248544100005, -4.23370155399994], [104.8624795007624, -4.233723194955564]]], [[[104.86264702850033, -4.233345364953797], [104.8626591806166, -4.233347705313517], [104.86263959551844, -4.233344297631383], [104.86264702850033, -4.233345364953797]]], [[[104.86298696503901, -4.23339088581495], [104.8630084758474, -4.233388534016559], [104.86297748317884, -4.23339055602558], [104.86298696503901, -4.23339088581495]]], [[[104.86333485490209, -4.232946321408991], [104.86329586367438, -4.233152783689492], [104.86331480535375, -4.233051010161272], [104.86333485490209, -4.232946321408991]]], [[[104.86336621036548, -4.232814219866972], [104.8633978408787, -4.232734418527399], [104.86334290213443, -4.232909977042459], [104.86336621036548, -4.232814219866972]]], [[[104.86346086552794, -4.232593720759945], [104.86347174210559, -4.232572618788266], [104.86344910511058, -4.23261884167179], [104.86346086552794, -4.232593720759945]]], [[[104.86352030599272, -4.232473830499247], [104.86362650428197, -4.232255852083684], [104.86365077749433, -4.232213932475459], [104.86352030599272, -4.232473830499247]]], [[[104.86372520257447, -4.232104562467688], [104.86372520283017, -4.232104562232467], [104.86371825085965, -4.232114076222804], [104.86372520257447, -4.232104562467688]]], [[[104.86381307237261, -4.232040118956393], [104.86382615343318, -4.232036311621753], [104.863789242686, -4.232053784674951], [104.86381307237261, -4.232040118956393]]], [[[104.86402644700007, -4.231940451999946], [104.86404519364642, -4.231867212673023], [104.8639566558536, -4.231729558945701], [104.86404519400008, -4.231867211999939], [104.86402644700007, -4.231940451999946]]], [[[104.86363623698699, -4.231431989356101], [104.86381955847263, -4.2316899193272315], [104.8637744330616, -4.231677092784012], [104.86373980579735, -4.231662266862026], [104.86370518020597, -4.231641173850005], [104.86367282589134, -4.231614949197904], [104.86365267367285, -4.231582739077678], [104.86364416366439, -4.231548260226015], [104.86364019489217, -4.23152175377764], [104.86363481512926, -4.231470746978372], [104.86363623698699, -4.231431989356101]]], [[[104.863637578744, -4.2314272152238805], [104.8636450460185, -4.231400644927419], [104.8636586743308, -4.231381838923513], [104.863637578744, -4.2314272152238805]]], [[[104.86410938710947, -4.231583196654663], [104.86410796990697, -4.231582819291644], [104.86410796982581, -4.2315828192323], [104.86410938710947, -4.231583196654663]]], [[[104.86427005558238, -4.2315666088377775], [104.86428949008933, -4.231558035163234], [104.8642633711156, -4.231569689113898], [104.86427005558238, -4.2315666088377775]]], [[[104.86430972825391, -4.2315491069489175], [104.86436657185949, -4.231525299993036], [104.86438895901595, -4.231516632960588], [104.86430972825391, -4.2315491069489175]]], [[[104.86458485878498, -4.231464923782201], [104.86459194121282, -4.231464156455483], [104.86457179039904, -4.231466599074805], [104.86458485878498, -4.231464923782201]]], [[[104.86482581133502, -4.2317003542650005], [104.86482705919411, -4.2317048370713115], [104.86482486099155, -4.231690738513389], [104.86482581133502, -4.2317003542650005]]], [[[104.86497168474509, -4.231808710964154], [104.86502476805465, -4.2317967097807125], [104.86504060050015, -4.2317893048342645], [104.86497168474509, -4.231808710964154]]], [[[104.86535576421305, -4.231650580951711], [104.86535959387483, -4.231650263204056], [104.86534874973873, -4.231651727772653], [104.86535576421305, -4.231650580951711]]], [[[104.86552069099932, -4.231626102000127], [104.86556838002983, -4.231608152129871], [104.86565573223446, -4.231573171137461], [104.86552069099932, -4.231626102000127]]], [[[104.86574693006675, -4.2315295302907865], [104.86575778031819, -4.23152492421517], [104.86569214643616, -4.231558588626198], [104.86574693006675, -4.2315295302907865]]], [[[104.86630074683113, -4.231412216969768], [104.86630074747009, -4.231412217002453], [104.86629886534453, -4.231412225853377], [104.86630074683113, -4.231412216969768]]], [[[104.86715753900006, -4.232283814999953], [104.86715753889752, -4.232283815635485], [104.86709157152373, -4.232359358685965], [104.86715753900006, -4.232283814999953]]], [[[104.86703375491847, -4.232430841372618], [104.86702833786906, -4.232440904088729], [104.86705092698755, -4.232409517252678], [104.86703375491847, -4.232430841372618]]], [[[104.86739363901167, -4.2327998144429], [104.86739957918117, -4.232798240258253], [104.86740894832832, -4.2327926229945145], [104.86739363901167, -4.2327998144429]]], [[[104.8674676093659, -4.232729723581788], [104.86748872739227, -4.232691385479319], [104.86751909780499, -4.232548138746494], [104.8674676093659, -4.232729723581788]]], [[[104.86757728808449, -4.23242128775147], [104.86753389204554, -4.232469403246613], [104.86754411704561, -4.232439476837794], [104.86756171706615, -4.232424380762572], [104.86757728808449, -4.23242128775147]]], [[[104.86783476911604, -4.2325025109812975], [104.86784171763856, -4.232502351788587], [104.8678340797611, -4.232502503177995], [104.86783476911604, -4.2325025109812975]]], [[[104.86793244400008, -4.232330113999976], [104.8679324433439, -4.232330114784523], [104.86791825461627, -4.232297625140381], [104.86787540961579, -4.232237773256047], [104.86786150109403, -4.232209844319234], [104.86785554817217, -4.232184194003321], [104.86785356270465, -4.232154556205618], [104.86785385612224, -4.232124349948739], [104.86786095269929, -4.232094433267926], [104.86793244400008, -4.232330113999976]]], [[[104.8682554513529, -4.232418800235065], [104.8682588876039, -4.232422158024934], [104.86825344858181, -4.232416677240801], [104.8682554513529, -4.232418800235065]]], [[[104.86860753655584, -4.232848442573107], [104.86860508300003, -4.232848880999941], [104.86860508246569, -4.232848880993854], [104.86860753655584, -4.232848442573107]]], [[[104.86868849817262, -4.232821767099677], [104.86867945500006, -4.232829234999946], [104.86867945480736, -4.2328292350668235], [104.86868849817262, -4.232821767099677]]], [[[104.86869936050704, -4.232811356036616], [104.86869705600009, -4.232814699999942], [104.8686970557496, -4.232814700206796], [104.86869936050704, -4.232811356036616]]], [[[104.86872999032158, -4.232766549270963], [104.86874477397654, -4.2327402879688885], [104.8687241981998, -4.232775098942667], [104.86872999032158, -4.232766549270963]]], [[[104.86876435125237, -4.232704430938148], [104.86877137748502, -4.232690878144003], [104.86876179587598, -4.232709132656081], [104.86876435125237, -4.232704430938148]]], [[[104.86879756715393, -4.232640603135455], [104.86880530058487, -4.2326279425133], [104.86879192517532, -4.232651395158773], [104.86879756715393, -4.232640603135455]]], [[[104.86887095973864, -4.232534809367407], [104.86892704293565, -4.232463035778554], [104.86893434561809, -4.232457102724758], [104.86887095973864, -4.232534809367407]]], [[[104.8690804692094, -4.232393175100581], [104.86908046921961, -4.232393175102028], [104.86908032515157, -4.232393193940796], [104.8690804692094, -4.232393175100581]]], [[[104.8696295363391, -4.232597035412582], [104.86960488200005, -4.232609707999925], [104.86960488126998, -4.23260970814851], [104.8696295363391, -4.232597035412582]]], [[[104.86971032578982, -4.232518128156492], [104.86974156559764, -4.232451209615762], [104.8696603037302, -4.232581220652674], [104.86971032578982, -4.232518128156492]]], [[[104.86962460838664, -4.23184231787524], [104.86957524296325, -4.232020080188713], [104.86956579063398, -4.231964439016669], [104.86957864128425, -4.231899982909591], [104.86962460838664, -4.23184231787524]]], [[[104.87048767605818, -4.232278701384479], [104.8705733979682, -4.232339145812676], [104.8705825945463, -4.23234408849579], [104.87048767605818, -4.232278701384479]]], [[[104.8708964300351, -4.232436905045651], [104.87090184887532, -4.23243822552894], [104.8708429006792, -4.232430972298426], [104.8708964300351, -4.232436905045651]]], [[[104.87146038997535, -4.232863879436375], [104.8714767409341, -4.232890407710431], [104.8714591798437, -4.2328619169701], [104.87146038997535, -4.232863879436375]]], [[[104.87181002464806, -4.233260767971997], [104.87181412026862, -4.2332635685372715], [104.87180761062201, -4.233258960326303], [104.87181002464806, -4.233260767971997]]], [[[104.87226616754533, -4.2334232852079], [104.87236282811861, -4.233445413951414], [104.87236282814459, -4.233445413966085], [104.87226616754533, -4.2334232852079]]], [[[104.87235468507954, -4.233646931017719], [104.87233852463372, -4.233656019799899], [104.8723546856752, -4.233646930182657], [104.87235468507954, -4.233646931017719]]], [[[104.87213647057776, -4.23375603010965], [104.87221274671334, -4.2337195079830305], [104.87214853871251, -4.233746637896522], [104.87213647057776, -4.23375603010965]]], [[[104.8720904039475, -4.233828048361369], [104.87209040400006, -4.2338280479999595], [104.87209192962028, -4.233824655042355], [104.8720904039475, -4.233828048361369]]], [[[104.872080931002, -4.2338931842191325], [104.87208093100008, -4.233893183999954], [104.87208164358435, -4.2338882842952135], [104.872080931002, -4.2338931842191325]]], [[[104.87226872803221, -4.234417703416526], [104.87226579038008, -4.234427260334949], [104.8722688748409, -4.234414654900644], [104.87226872803221, -4.234417703416526]]], [[[104.87213352700007, -4.234623946999934], [104.8721335257857, -4.234623948738227], [104.87205820356616, -4.234648727173904], [104.87213352700007, -4.234623946999934]]], [[[104.87205106973956, -4.234651074131221], [104.87202364696454, -4.234654767589335], [104.87205515901958, -4.234649728779701], [104.87205106973956, -4.234651074131221]]], [[[104.87194619788492, -4.234664899727952], [104.8717084072882, -4.2347297253272895], [104.87160920968908, -4.234865466796475], [104.87194619788492, -4.234664899727952]]], [[[104.87223340464817, -4.235511454761836], [104.87223367150061, -4.235511630186044], [104.87222777189619, -4.23550828047565], [104.87223340464817, -4.235511454761836]]], [[[104.87269024663205, -4.2356553740486484], [104.8727066942959, -4.2356499631735725], [104.87268942043104, -4.235655417016393], [104.87269024663205, -4.2356553740486484]]], [[[104.87276689491473, -4.235602792495501], [104.87276324500004, -4.235616031999947], [104.8727632446639, -4.235616032272697], [104.87276689491473, -4.235602792495501]]], [[[104.87275645985643, -4.234992124271365], [104.87270380932897, -4.235379223441795], [104.87267543894943, -4.235288977714703], [104.87267409921536, -4.235215697099335], [104.87269709426744, -4.2351118890413755], [104.87274441939296, -4.235010798909189], [104.87275645985643, -4.234992124271365]]], [[[104.87306008114649, -4.234725198052], [104.87306008176469, -4.234725198134856], [104.8730490163757, -4.234726406296936], [104.87306008114649, -4.234725198052]]], [[[104.87346670347723, -4.234949619454609], [104.87345676300004, -4.234949849999966], [104.87345676280549, -4.234949849964423], [104.87346670347723, -4.234949619454609]]], [[[104.87349946849837, -4.234938194307246], [104.87348582404314, -4.234949175965254], [104.87348582323553, -4.234949176017662], [104.87349946849837, -4.234938194307246]]], [[[104.87354179600004, -4.234757220999932], [104.87354179556068, -4.234757221242691], [104.87351896219046, -4.234696359906853], [104.87347416160982, -4.234625788747978], [104.87343991376237, -4.234548160261893], [104.87342410730999, -4.234495233957952], [104.8734109311334, -4.234445836249971], [104.8734083073019, -4.23440790393966], [104.87341358716289, -4.234356743999034], [104.8734302810093, -4.234324992768743], [104.87343391584754, -4.234322735916665], [104.87341093300006, -4.234445835999964], [104.87343991400007, -4.234548159999969], [104.87351896300004, -4.234696358999939], [104.87354179600004, -4.234757220999932]]], [[[104.87411469063949, -4.234414196975834], [104.87413199277981, -4.2344047065050265], [104.87409735523552, -4.234423032888258], [104.87411469063949, -4.234414196975834]]], [[[104.87431165803869, -4.234317512082479], [104.87440640317394, -4.234288104948731], [104.87440823942133, -4.2342877411168764], [104.87431165803869, -4.234317512082479]]], [[[104.87487386729013, -4.2339397715262335], [104.87504428409682, -4.234122381850715], [104.87493798518696, -4.234030628959078], [104.87490109116506, -4.233989171292903], [104.87487386729013, -4.2339397715262335]]], [[[104.87493610660616, -4.2336877109839195], [104.87485455603718, -4.233822449837546], [104.87485983523473, -4.2337801103205885], [104.87487828775106, -4.233741303900464], [104.87491783430801, -4.233703385420135], [104.87493610660616, -4.2336877109839195]]], [[[104.87501713270747, -4.233565799084252], [104.8750237373549, -4.233544899126505], [104.87498989197994, -4.233626652029903], [104.87501713270747, -4.233565799084252]]], [[[104.87506899626058, -4.233425554984639], [104.87507706781322, -4.233408904997696], [104.87506122041853, -4.2334437613706], [104.87506899626058, -4.233425554984639]]], [[[104.87512302213248, -4.233324341059631], [104.87516478318048, -4.233266799607365], [104.8751647837734, -4.233266799289528], [104.87512302213248, -4.233324341059631]]], [[[104.87528340327812, -4.2332244797235825], [104.87529065501016, -4.23322532843068], [104.87526266530033, -4.233227500213987], [104.87528340327812, -4.2332244797235825]]], [[[104.8758807459006, -4.233832321162031], [104.87588435250018, -4.233831517189013], [104.87585464315917, -4.233841408703045], [104.8758807459006, -4.233832321162031]]], [[[104.87604943958812, -4.233796178684669], [104.87609255513078, -4.233784193885948], [104.87602637917962, -4.233800942984667], [104.87604943958812, -4.233796178684669]]], [[[104.87620190618627, -4.233719992666836], [104.87623044575665, -4.23369036192997], [104.87624895310178, -4.233646020675483], [104.87620190618627, -4.233719992666836]]], [[[104.87627440907828, -4.23347955962851], [104.87628125057813, -4.2334452291744915], [104.87626881423732, -4.233524411967887], [104.87627440907828, -4.23347955962851]]], [[[104.87630429799363, -4.233372830447957], [104.87631487364735, -4.233362880001156], [104.87629459171976, -4.233398797394556], [104.87630429799363, -4.233372830447957]]], [[[104.87656878700005, -4.233125893999946], [104.87656878678023, -4.233125895858375], [104.87615585983852, -4.233073791755349], [104.87606273312589, -4.233051720742058], [104.87592305120285, -4.232996133803611], [104.87580008237357, -4.232945232287233], [104.87656878700005, -4.233125893999946]]], [[[104.87541703006201, -4.232719961404691], [104.87554791396181, -4.23284788694797], [104.87546973070012, -4.232804648320519], [104.87542405091608, -4.232765829763521], [104.87541703006201, -4.232719961404691]]], [[[104.87541728219914, -4.232716166732478], [104.87545394385823, -4.232634411753115], [104.875453944548, -4.232634411604784], [104.87541728219914, -4.232716166732478]]], [[[104.87551544651758, -4.232621185911136], [104.87552566025846, -4.232621852775134], [104.8754985325539, -4.2326248231755494], [104.87551544651758, -4.232621185911136]]], [[[104.87583261100009, -4.232629179999942], [104.87583261034361, -4.232629179984297], [104.87584464715185, -4.232625336210972], [104.87583261100009, -4.232629179999942]]], [[[104.87593485766827, -4.232575949279082], [104.87593190300004, -4.232585091999965], [104.87593190281612, -4.23258509211383], [104.87593485766827, -4.232575949279082]]], [[[104.87584495100003, -4.232381316999974], [104.87584495007164, -4.2323813178253], [104.87544169635797, -4.232309810692452], [104.87533714693073, -4.232262162485533], [104.87528532320721, -4.23220746638212], [104.87527478794348, -4.232161597414689], [104.87527742933821, -4.232095438008185], [104.87528512348129, -4.232080000103027], [104.87533714800009, -4.232262161999923], [104.87584495100003, -4.232381316999974]]], [[[104.87577823615719, -4.232013491263503], [104.87582744800501, -4.231970958483845], [104.87576732082185, -4.2320202679018495], [104.87577823615719, -4.232013491263503]]], [[[104.8758969292126, -4.231900110164078], [104.87599088912924, -4.231785953664754], [104.87605679930323, -4.231721568680695], [104.8758969292126, -4.231900110164078]]], [[[104.87611303376126, -4.23168541780276], [104.8761303632588, -4.231679621711736], [104.87607925728237, -4.231707131346812], [104.87611303376126, -4.23168541780276]]], [[[104.87655764500005, -4.231392642999935], [104.8765576447001, -4.23139264400811], [104.87627409883294, -4.231267739848479], [104.87655764500005, -4.231392642999935]]], [[[104.87618075658817, -4.231202936914384], [104.87615616809624, -4.231133253272441], [104.87626593920571, -4.231264041352516], [104.87618075658817, -4.231202936914384]]], [[[104.87615532727052, -4.23111674058842], [104.87618078917748, -4.230994769393485], [104.87621315441275, -4.230973568701303], [104.87615532727052, -4.23111674058842]]], [[[104.87671857808746, -4.230397702827929], [104.87686959987658, -4.230999294422428], [104.87680900797483, -4.230835220211744], [104.87671857808746, -4.230397702827929]]], [[[104.87664829414788, -4.230384456042601], [104.87664829500005, -4.230384455999965], [104.87671610517133, -4.2303972367373595], [104.87664829414788, -4.230384456042601]]], [[[104.87657800621837, -4.230387973495567], [104.8765393479281, -4.23039767408156], [104.87664011333541, -4.230384865386146], [104.87657800621837, -4.230387973495567]]], [[[104.87600655649156, -4.230281250163892], [104.8763117620645, -4.230632267305319], [104.87625201643013, -4.23063842740744], [104.87613077735922, -4.230611946369575], [104.8760727956367, -4.230576653866761], [104.8760288760624, -4.230515788999411], [104.87600077266214, -4.23044521929748], [104.87599814596848, -4.230359654263604], [104.87600655649156, -4.230281250163892]]], [[[104.87617836621936, -4.229963356027851], [104.8761124049861, -4.2300879976855805], [104.8761642611764, -4.229989215368419], [104.87617836621936, -4.229963356027851]]], [[[104.87626191369436, -4.22980007267833], [104.87627856204296, -4.229455589262181], [104.8762039029553, -4.229298570149092], [104.87619619476109, -4.229252063644857], [104.87626191369436, -4.22980007267833]]], [[[104.87622944100008, -4.2289580979999695], [104.87622944032204, -4.2289580979909385], [104.87620836419283, -4.228893700804343], [104.8761442338771, -4.228829303621177], [104.87606430359435, -4.228727849932506], [104.87599052143469, -4.228606999334542], [104.87592464163062, -4.228494961812541], [104.8758842476507, -4.22836441000411], [104.87587196365101, -4.228262975638167], [104.87586934933168, -4.228153598985341], [104.87587109078396, -4.228084984741821], [104.87592464340764, -4.228494961073522], [104.87620836500008, -4.228893698999975], [104.87622944100008, -4.2289580979999695]]], [[[104.87593166337005, -4.227934755032519], [104.87588254164699, -4.228037168937204], [104.87590715241816, -4.227973664654522], [104.87593166337005, -4.227934755032519]]], [[[104.87608553962464, -4.227779638963762], [104.8760964149938, -4.227777754355593], [104.8760626017444, -4.2277969906792086], [104.87608553962464, -4.227779638963762]]], [[[104.87686224700008, -4.2275186719999756], [104.87686224664348, -4.227518672239232], [104.87672432515431, -4.227390746830427], [104.87665229207683, -4.22732193472328], [104.8766171570401, -4.227264598662327], [104.8766083812798, -4.2272090232144635], [104.87661014420134, -4.227170213365175], [104.87663475086906, -4.227132293350964], [104.87661715900003, -4.2272645989999695], [104.87686224700008, -4.2275186719999756]]], [[[104.8769484174035, -4.227072362115701], [104.87695247280564, -4.227059341875893], [104.87692968851243, -4.227083709963178], [104.8769484174035, -4.227072362115701]]], [[[104.87695720867319, -4.227040376226899], [104.8769378896202, -4.226973570739737], [104.87683683800721, -4.226943594763312], [104.87695720867319, -4.227040376226899]]], [[[104.87623004204191, -4.226569727340711], [104.87668047238701, -4.226905605073971], [104.87657504828178, -4.226871192775471], [104.8764731410096, -4.226823544856293], [104.87639496003268, -4.226772373888758], [104.87631238600515, -4.226693851237139], [104.87626055536425, -4.226627692933077], [104.87623004204191, -4.226569727340711]]], [[[104.87621071201362, -4.226516023992149], [104.87620260435295, -4.226408045761945], [104.87622458237419, -4.226352484582237], [104.87621071201362, -4.226516023992149]]], [[[104.87676635953942, -4.226209780199405], [104.87678954021624, -4.226120587292217], [104.87678058870314, -4.226071110412427], [104.87676635953942, -4.226209780199405]]], [[[104.87611050719973, -4.225690219801977], [104.8766683130578, -4.22601737025463], [104.87658661011537, -4.226018234951054], [104.8764882101768, -4.226009399816883], [104.87635818380285, -4.225989095425048], [104.87628438535614, -4.225974970493458], [104.87622025059555, -4.225937913124301], [104.87616051735989, -4.2258735093322395], [104.87612802783296, -4.2257897119587575], [104.87611050719973, -4.225690219801977]]], [[[104.87614974584521, -4.225274156933668], [104.87613774872314, -4.225405133943808], [104.87614478932888, -4.225326626943957], [104.87614974584521, -4.225274156933668]]], [[[104.87609300400004, -4.22504171599997], [104.87609300333932, -4.225041716976743], [104.87595243273164, -4.225027581760684], [104.87580131322598, -4.225056660830893], [104.8757134535947, -4.225068996324885], [104.87566249623788, -4.225070752743749], [104.8756097823212, -4.2250628090330276], [104.875551803101, -4.2250116399524025], [104.8755034891152, -4.224945473157632], [104.87609300400004, -4.22504171599997]]], [[[104.87549032810782, -4.224863444812833], [104.87549032804333, -4.224863443269547], [104.87549915683213, -4.224918471434985], [104.87549032810782, -4.224863444812833]]], [[[104.87549019537616, -4.224860268479321], [104.8754798118509, -4.224693199116222], [104.87547082007971, -4.22462088673279], [104.87549019537616, -4.224860268479321]]], [[[104.87546928206432, -4.224608519516778], [104.87536474426825, -4.22449912738673], [104.87517061899585, -4.224491360059371], [104.87546928206432, -4.224608519516778]]], [[[104.87470504695067, -4.223821595434642], [104.87495445965757, -4.2244593723142865], [104.87488505279117, -4.224426720263991], [104.87479633112154, -4.224358792946754], [104.87472517962122, -4.224251169326225], [104.87470324317673, -4.224110035448469], [104.87469710196912, -4.224027119951257], [104.87469712378913, -4.22389128222436], [104.87470504695067, -4.223821595434642]]], [[[104.87471331662465, -4.223803416521601], [104.87479292676056, -4.223681367371043], [104.87498271256895, -4.223596719195323], [104.87471331662465, -4.223803416521601]]], [[[104.87512855905422, -4.2234300093391415], [104.87512945000009, -4.223472366999942], [104.87512944972785, -4.22347236783796], [104.87512855905422, -4.2234300093391415]]], [[[104.87510136430423, -4.223291545328572], [104.87504824160953, -4.223210315306689], [104.87512770600364, -4.223389453169748], [104.87510136430423, -4.223291545328572]]], [[[104.87497224800069, -4.2231080549379145], [104.87487742093074, -4.222739337619921], [104.87490203116491, -4.222675832777965], [104.87501099423177, -4.222549710822852], [104.87504702336524, -4.222476509915386], [104.87510238838935, -4.222413887690749], [104.87497224800069, -4.2231080549379145]]], [[[104.87517268088362, -4.222371560002718], [104.87519134329737, -4.222368524829777], [104.87512526602693, -4.222400111575852], [104.87517268088362, -4.222371560002718]]], [[[104.87540374325205, -4.22236013501228], [104.87540856382452, -4.222361128613181], [104.87540374302277, -4.222360135004669], [104.87540374325205, -4.22236013501228]]], [[[104.87553669888152, -4.22237867134516], [104.87553641000005, -4.222378674999966], [104.8755364099317, -4.222378674995257], [104.87553669888152, -4.22237867134516]]], [[[104.87563428225072, -4.221821684688943], [104.87559356903063, -4.2220232168181715], [104.87559181966039, -4.221974699034747], [104.87559446776972, -4.22192177697965], [104.87561292331807, -4.221861798316178], [104.87563428225072, -4.221821684688943]]], [[[104.87566247335417, -4.221775348812475], [104.87574035109711, -4.221673056821056], [104.87578780086531, -4.221630726012313], [104.87566247335417, -4.221775348812475]]], [[[104.87624814142929, -4.221830146365742], [104.87625501121724, -4.221802565374418], [104.87624613180569, -4.221831715111935], [104.87624814142929, -4.221830146365742]]], [[[104.87624110596661, -4.221326775508885], [104.87624993064608, -4.221630799936593], [104.87622710313758, -4.22152494898029], [104.87621744710408, -4.221449976186612], [104.8762209732239, -4.221377647769252], [104.87624110596661, -4.221326775508885]]], [[[104.87624470922557, -4.221317670643385], [104.87625178840386, -4.221311058655397], [104.87624470913397, -4.221317670874875], [104.87624470922557, -4.221317670643385]]], [[[104.8763913019959, -4.221182249717206], [104.87637475700006, -4.221201259999932], [104.87637475603628, -4.22120126082715], [104.8763913019959, -4.221182249717206]]], [[[104.87648811309916, -4.221038978576594], [104.8764152650469, -4.220605869494762], [104.87613678116088, -4.220425006059973], [104.87544979828357, -4.22004384540217], [104.87538084975174, -4.219998622585853], [104.87648811309916, -4.221038978576594]]], [[[104.87533738538257, -4.219765094860764], [104.87530924904316, -4.219904456222425], [104.87530311310513, -4.219844475560421], [104.87530574996283, -4.219809193474797], [104.87533738538257, -4.219765094860764]]], [[[104.87567128300009, -4.21951640699995], [104.87567128229242, -4.21951640793188], [104.8756386572453, -4.2194460647687775], [104.87567128300009, -4.21951640699995]]], [[[104.87556412071416, -4.219362024477259], [104.87481476770213, -4.218967625806751], [104.87498885520151, -4.218150863751133], [104.87563639273598, -4.21792427280817], [104.87597728017226, -4.217908450068265], [104.8760625050944, -4.217913756065056], [104.87633749178343, -4.2179208568617454], [104.87644204529529, -4.21792528795591], [104.87651496107813, -4.2179349978754574], [104.8765825185117, -4.217952809558228], [104.87556412071416, -4.219362024477259]]], [[[104.87710445663096, -4.218117683039499], [104.8771091419919, -4.2181169072024325], [104.87710026294006, -4.21811768239086], [104.87710445663096, -4.218117683039499]]], [[[104.87725820661805, -4.218081538123698], [104.87727498655266, -4.218069323742901], [104.87723878930076, -4.218088033374923], [104.87725820661805, -4.218081538123698]]], [[[104.87763362933882, -4.217561748522547], [104.87748142051579, -4.217719049986966], [104.8775192137366, -4.217651134326904], [104.87756051208918, -4.217592046242837], [104.8776176280206, -4.217563828316267], [104.87763362933882, -4.217561748522547]]], [[[104.87825528802796, -4.21781386288843], [104.87823346120535, -4.217820601039871], [104.8782334602112, -4.217820600938522], [104.87825528802796, -4.21781386288843]]], [[[104.8783022818638, -4.217338147721586], [104.87826866419688, -4.217423678169496], [104.87827306977212, -4.2173769340215115], [104.87829943275804, -4.217339004958512], [104.8783022818638, -4.217338147721586]]], [[[104.8804814942771, -4.219209254981578], [104.88048230676381, -4.219209255107216], [104.88048094058038, -4.219209236052241], [104.8804814942771, -4.219209254981578]]], [[[104.8805896299671, -4.219184302288207], [104.880595726043, -4.219177218012791], [104.88058728358872, -4.219185715382826], [104.8805896299671, -4.219184302288207]]], [[[104.88070335132609, -4.2183481119178685], [104.88064156373913, -4.218981300066543], [104.88063188828855, -4.218612189504388], [104.8806362318975, -4.218494943134051], [104.88066003261014, -4.21841243997838], [104.88069139877673, -4.218362507309625], [104.88070335132609, -4.2183481119178685]]], [[[104.88074222707466, -4.218321261440754], [104.88074222730175, -4.21832126136336], [104.88073937776782, -4.21832274419847], [104.88074222707466, -4.218321261440754]]], [[[104.88103310506732, -4.218299592700565], [104.88105436677793, -4.218301605268572], [104.88102356819893, -4.218299112719825], [104.88103310506732, -4.218299592700565]]], [[[104.8812763999463, -4.218309400991269], [104.88127787139159, -4.21830920972134], [104.88127564102699, -4.218309420419281], [104.8812763999463, -4.218309400991269]]], [[[104.88133759902932, -4.21830063267868], [104.8813347930663, -4.2183018102802485], [104.88133479281765, -4.218301810312566], [104.88133759902932, -4.21830063267868]]], [[[104.88153702019345, -4.218158540135671], [104.88158568776291, -4.218106438253887], [104.88149041128142, -4.218212762180829], [104.88153702019345, -4.218158540135671]]], [[[104.88167544164777, -4.218073883176249], [104.88169490279559, -4.218074584010757], [104.88166287294722, -4.218075168967604], [104.88167544164777, -4.218073883176249]]], [[[104.88182248623527, -4.218172696851621], [104.88182262789219, -4.218173241016677], [104.88182248621101, -4.2181726968103535], [104.88182248623527, -4.218172696851621]]], [[[104.88194030687117, -4.218453889241633], [104.88194756449808, -4.218457927828377], [104.88193420564893, -4.218447353526155], [104.88194030687117, -4.218453889241633]]], [[[104.88220521405714, -4.218557063085635], [104.88228525200037, -4.218562622502289], [104.88210357298675, -4.218541849156634], [104.88220521405714, -4.218557063085635]]], [[[104.88256429194786, -4.2185538371612665], [104.88265613222553, -4.218498508129419], [104.88266931300201, -4.218480870123867], [104.88256429194786, -4.2185538371612665]]], [[[104.88272751845565, -4.218367159778234], [104.88274081845543, -4.218313000543526], [104.88271398846645, -4.218400201002312], [104.88272751845565, -4.218367159778234]]], [[[104.88274699297382, -4.2182839153193665], [104.88276972970402, -4.218104447879658], [104.88276972984387, -4.218104447252928], [104.88275673903235, -4.218208663898677], [104.88274699297382, -4.2182839153193665]]], [[[104.88277280165819, -4.218090681350789], [104.88282489909298, -4.217955726315895], [104.88286315961967, -4.217899465332712], [104.88277280165819, -4.218090681350789]]], [[[104.88291790773012, -4.2178471789031216], [104.88291790821101, -4.217847178688639], [104.88290468086568, -4.2178586021074445], [104.88291790773012, -4.2178471789031216]]], [[[104.88437756977635, -4.218633383044338], [104.8844056696894, -4.218624110165006], [104.88437214885136, -4.218634212419612], [104.88437756977635, -4.218633383044338]]], [[[104.88478242237424, -4.218491299308435], [104.88486310250559, -4.218486897033961], [104.88486310269766, -4.218486897063208], [104.88478242237424, -4.218491299308435]]], [[[104.8849117389334, -4.218645404227406], [104.8849155698412, -4.218647411704712], [104.88490962893381, -4.218635714010318], [104.8849117389334, -4.218645404227406]]], [[[104.88493660761955, -4.218658435800548], [104.88517990493084, -4.21865087206876], [104.8852975365241, -4.2185691588896495], [104.88493660761955, -4.218658435800548]]], [[[104.88526538291194, -4.218283946273246], [104.88529346828156, -4.218483703947244], [104.88526428006662, -4.218433761696313], [104.88525347320704, -4.218387078602495], [104.88525348295926, -4.2183208564009895], [104.88526538291194, -4.218283946273246]]], [[[104.8854362418213, -4.21821014983232], [104.8854530408835, -4.218210433524858], [104.88542050656582, -4.2182119702913505], [104.8854362418213, -4.21821014983232]]], [[[104.885802935541, -4.218262313320856], [104.88579415067954, -4.218262312056031], [104.88579415046294, -4.218262312033104], [104.885802935541, -4.218262313320856]]], [[[104.88592174765516, -4.218244960917671], [104.8859391841472, -4.2182379614803285], [104.88585549383237, -4.218261076098975], [104.88592174765516, -4.218244960917671]]], [[[104.88595959572206, -4.218229767513012], [104.88601475258693, -4.218162467902323], [104.88601477101031, -4.218041964652365], [104.88595959572206, -4.218229767513012]]], [[[104.88602775774758, -4.217967058846203], [104.88606344658939, -4.217931239019391], [104.88601607433685, -4.218034447232841], [104.88602775774758, -4.217967058846203]]], [[[104.88616617326674, -4.217916055032592], [104.88618227594328, -4.217915608315804], [104.88616271560876, -4.217916054558886], [104.88616617326674, -4.217916055032592]]], [[[104.88628081790546, -4.217749971883628], [104.88628081736535, -4.217749973833367], [104.88613051791079, -4.217726067035677], [104.88598887193578, -4.217681535968239], [104.88592940312633, -4.217647873561575], [104.88589023627313, -4.217609572782599], [104.88628081790546, -4.217749971883628]]], [[[104.88585483241766, -4.217381886746133], [104.88586994683615, -4.217540388177213], [104.88585374096641, -4.217451365230095], [104.88585483241766, -4.217381886746133]]], [[[104.88586781720795, -4.217320008795326], [104.88599869291399, -4.217063822322374], [104.88601167907093, -4.216998687247339], [104.88601493012773, -4.21694983409668], [104.88602683409223, -4.216884698995175], [104.88604031031736, -4.216842327494033], [104.88586781720795, -4.217320008795326]]], [[[104.88737949963853, -4.217301773091559], [104.88738470169065, -4.217301911315906], [104.88737505660453, -4.21730083710804], [104.88737949963853, -4.217301773091559]]], [[[104.88783570271328, -4.218084568892353], [104.88783604760043, -4.218086112387929], [104.88783493997425, -4.218073634373573], [104.88783570271328, -4.218084568892353]]], [[[104.88787137089592, -4.218190964288101], [104.88788055117797, -4.218200726222645], [104.88786348118455, -4.218173315493457], [104.88787137089592, -4.218190964288101]]], [[[104.88853309433462, -4.21848743301267], [104.88854127886239, -4.218482993154543], [104.88853164079774, -4.218487525473986], [104.88853309433462, -4.21848743301267]]], [[[104.88860555268313, -4.218420135167887], [104.88860599286173, -4.2184178183453], [104.8886003484575, -4.21842744808319], [104.88860555268313, -4.218420135167887]]], [[[104.88861645519331, -4.218362715557783], [104.88862396516228, -4.218208443901811], [104.8886248534824, -4.218088664684489], [104.88861645519331, -4.218362715557783]]], [[[104.88862507023352, -4.218044557968627], [104.8886380716121, -4.217858876058992], [104.88865538584874, -4.217769858567266], [104.88870623645415, -4.2175646843492975], [104.88871922406945, -4.217475665032766], [104.88872141415507, -4.217288939716772], [104.88857765383771, -4.216907867190382], [104.88857549517846, -4.216879641003432], [104.88858199031803, -4.216828617959442], [104.8886036237117, -4.216784111593151], [104.88872141516123, -4.217288938933344], [104.88871922621138, -4.21747566516978], [104.8887062373031, -4.217564683663164], [104.88863807228927, -4.217858876186141], [104.88862507023352, -4.218044557968627]]], [[[104.88865120378202, -4.216760234496834], [104.88865120409777, -4.216760234452742], [104.88864153709514, -4.216765085528352], [104.88865120378202, -4.216760234496834]]], [[[104.88890962331777, -4.216867747568359], [104.88895808410133, -4.21692993379855], [104.88890955973272, -4.216867685198227], [104.88890962331777, -4.216867747568359]]], [[[104.8893900153384, -4.217176483762171], [104.88938103000004, -4.217204354999972], [104.88938102915446, -4.217204355694362], [104.8893900153384, -4.217176483762171]]], [[[104.88938213900008, -4.2170046019999825], [104.88938213887478, -4.21700460215966], [104.88925564816705, -4.216843913003539], [104.88922538258716, -4.216761401840002], [104.8892243123114, -4.216679980248543], [104.8892372979252, -4.21661484537552], [104.88922538444399, -4.216761401117716], [104.88938213900008, -4.2170046019999825]]], [[[104.8892827220379, -4.216550800667847], [104.8892827232011, -4.216550799986832], [104.88925008547936, -4.216596815850475], [104.8892827220379, -4.216550800667847]]], [[[104.88933462861596, -4.216520410786141], [104.88933462865282, -4.21652041078871], [104.8893248939365, -4.216526110174854], [104.88933462861596, -4.216520410786141]]], [[[104.88943681673722, -4.216527535465739], [104.88950021188016, -4.216553188032504], [104.88950021186537, -4.216553188278957], [104.88943681673722, -4.216527535465739]]], [[[104.88985574413066, -4.21708609093342], [104.88989125376256, -4.217147757825035], [104.88983989244853, -4.217055499457655], [104.88985574413066, -4.21708609093342]]], [[[104.89007930484901, -4.217368026542512], [104.89008534043296, -4.217373988861405], [104.89006286169096, -4.217351067095363], [104.89007930484901, -4.217368026542512]]], [[[104.89058903406307, -4.217464207420817], [104.89068398467126, -4.217421663873603], [104.89069180506499, -4.217411945647058], [104.89058903406307, -4.217464207420817]]], [[[104.89065698400009, -4.217196935999945], [104.89065698311522, -4.217196937002774], [104.89059643597272, -4.217150246957127], [104.89052507747961, -4.217087271103666], [104.89050237566909, -4.217049271289236], [104.89049806020707, -4.21697870579362], [104.89050671725852, -4.216932025295077], [104.89051895913715, -4.216910123718011], [104.89050237600009, -4.217049270999944], [104.89065698400009, -4.217196935999945]]], [[[104.89056295306438, -4.216870153101289], [104.89058522311356, -4.216865684700502], [104.89054955785019, -4.216877571178913], [104.89056295306438, -4.216870153101289]]], [[[104.8909738182027, -4.217128587872888], [104.89097299196503, -4.217143206623144], [104.89097293715453, -4.21712074352854], [104.8909738182027, -4.217128587872888]]], [[[104.89126467200003, -4.21727518699993], [104.89126467184416, -4.2172751869312535], [104.89128090969653, -4.217144915020973], [104.89129714010315, -4.217067839855728], [104.89131877311905, -4.217016817976417], [104.89133499450419, -4.217001789357042], [104.89126467200003, -4.21727518699993]]], [[[104.8914063670835, -4.2169571209348105], [104.8914397780514, -4.216936530856413], [104.89136507216746, -4.216980482128963], [104.8914063670835, -4.2169571209348105]]], [[[104.89157832200006, -4.216785616999963], [104.89157832004558, -4.216785618370059], [104.89158929814707, -4.216740774662447], [104.89157832200006, -4.216785616999963]]], [[[104.89159996422674, -4.216662945979059], [104.89155133796976, -4.216428445965666], [104.89143998307289, -4.2162775308478775], [104.89130915934119, -4.216166778275953], [104.89119239205735, -4.216061457113611], [104.89106910465816, -4.215921135716618], [104.89159996422674, -4.216662945979059]]], [[[104.89093883006066, -4.215115848211554], [104.89095238111516, -4.215761793194982], [104.89093509007715, -4.21569665392716], [104.89092645284751, -4.215604375594018], [104.89092430370759, -4.215507754959154], [104.89092431803577, -4.215404621780449], [104.8909286591592, -4.215290632647291], [104.89093516335123, -4.215173387362949], [104.89093883006066, -4.215115848211554]]], [[[104.89096596239507, -4.214885847618973], [104.89098820116645, -4.214786915249023], [104.89102389598291, -4.2147076690379395], [104.89096596239507, -4.214885847618973]]], [[[104.8915775386568, -4.214630668062286], [104.89159524566362, -4.214612087613178], [104.89155050417422, -4.214640435068911], [104.8915775386568, -4.214630668062286]]], [[[104.89160566020381, -4.21458470816192], [104.89160133100007, -4.21460570199998], [104.89160133051045, -4.2146057025137535], [104.89160566020381, -4.21458470816192]]], [[[104.89144675500006, -4.214234399999952], [104.89144675478906, -4.214234400956495], [104.89123700066936, -4.214087812033484], [104.89101642393739, -4.214009617318948], [104.89094938824195, -4.2139661827823165], [104.8909385817144, -4.2139184145461845], [104.89093967099463, -4.213863047277279], [104.89144675500006, -4.214234399999952]]], [[[104.89123272015169, -4.213765382757298], [104.89127502067669, -4.213753766731251], [104.89118822121081, -4.2137739986472695], [104.89123272015169, -4.213765382757298]]], [[[104.8914208760592, -4.213706786224825], [104.89143133671837, -4.213701962781306], [104.89140798370892, -4.21371137203238], [104.8914208760592, -4.213706786224825]]], [[[104.89144144000005, -4.213577600999937], [104.89144143924405, -4.213577600873755], [104.89107704359488, -4.213527611758251], [104.89098405574569, -4.2134950299252], [104.89085106381262, -4.213432045290334], [104.89074294064193, -4.213375578512772], [104.89066182486879, -4.213332298821626], [104.89144144000005, -4.213577600999937]]], [[[104.89022320519759, -4.212600713472131], [104.89044993640515, -4.213150814555283], [104.89036453413867, -4.2130020733979325], [104.890261847109, -4.212734996272358], [104.89022320519759, -4.212600713472131]]], [[[104.89021895806124, -4.212576880595138], [104.8902078164929, -4.212483125964838], [104.89020613468998, -4.212433948507096], [104.89021895806124, -4.212576880595138]]], [[[104.89025748725477, -4.212227994102401], [104.89022838859542, -4.21228880352102], [104.89025326648051, -4.212233440569603], [104.89025748725477, -4.212227994102401]]], [[[104.89061011381189, -4.212127099992714], [104.89061833264348, -4.212125788541762], [104.89059416327999, -4.2121281798879915], [104.89061011381189, -4.212127099992714]]], [[[104.8907398771894, -4.212081522763352], [104.89075265726206, -4.212063761652799], [104.89071393463186, -4.212099749649586], [104.8907398771894, -4.212081522763352]]], [[[104.89078313685793, -4.2120294189504], [104.89079887376543, -4.212013624029111], [104.89076601317267, -4.212048515586109], [104.89078313685793, -4.2120294189504]]], [[[104.89083181900008, -4.211867667999961], [104.89083181778186, -4.211867668886725], [104.89078316269344, -4.2118405223384325], [104.89071936676622, -4.211835085755483], [104.89064151527697, -4.2118122763725045], [104.89060259365094, -4.21177644598077], [104.89054961996102, -4.211701529817214], [104.89052367904289, -4.211626618123595], [104.89060259400009, -4.211776444999944], [104.89064151600007, -4.211812274999944], [104.89078316400008, -4.211840520999937], [104.89083181900008, -4.211867667999961]]], [[[104.8905442447068, -4.2114778919634075], [104.89054424489663, -4.211477891461185], [104.89054095167045, -4.211492576548233], [104.8905442447068, -4.2114778919634075]]], [[[104.89055235369544, -4.211456437949045], [104.89058751370774, -4.211358480057411], [104.89060516600225, -4.2113141919024075], [104.89058751400006, -4.211358479999937], [104.89056804300009, -4.211414928999941], [104.89055235369544, -4.211456437949045]]], [[[104.89063222292376, -4.211253727731821], [104.89069567511137, -4.2111294301077296], [104.8907334890137, -4.2110062232728875], [104.89063222292376, -4.211253727731821]]], [[[104.89077572693593, -4.210887349411008], [104.89079662698379, -4.210850431249162], [104.89075489472017, -4.210941302186563], [104.89077572693593, -4.210887349411008]]], [[[104.8908990058045, -4.210816800570603], [104.89090636866128, -4.210817556174192], [104.89087895620872, -4.210817603150414], [104.8908990058045, -4.210816800570603]]], [[[104.89146028867968, -4.2105692604820595], [104.89132396209257, -4.2107886358384], [104.89144617860175, -4.210586726984801], [104.89146028867968, -4.2105692604820595]]], [[[104.89187004109075, -4.210660607999961], [104.89187004100006, -4.210660607999948], [104.89186970547522, -4.210660510139379], [104.89187004109075, -4.210660607999961]]], [[[104.89193269544282, -4.210656918142016], [104.89192302600009, -4.210660614999938], [104.89192302576633, -4.210660614999905], [104.89193269544282, -4.210656918142016]]], [[[104.89197167737139, -4.210641086776672], [104.89196844300005, -4.210643250999968], [104.89196844279228, -4.210643251079394], [104.89197167737139, -4.210641086776672]]], [[[104.89202779000148, -4.210597747541689], [104.89206469450035, -4.210526019302678], [104.8920729844245, -4.210454048859682], [104.89202779000148, -4.210597747541689]]], [[[104.8920722770017, -4.2104326560490435], [104.89202363584428, -4.2103045474715], [104.89187876078309, -4.21015579719042], [104.89178470293973, -4.210045051638807], [104.8917122677599, -4.20995602183749], [104.89166145614509, -4.209882192808647], [104.89164308017223, -4.209839850396679], [104.89202363700008, -4.210304546999966], [104.89205606700006, -4.210366431999949], [104.8920722770017, -4.2104326560490435]]], [[[104.89164122276274, -4.209826783431893], [104.89163660634856, -4.2097356298817825], [104.89164526183296, -4.209699806691529], [104.89164122276274, -4.209826783431893]]], [[[104.89167338139009, -4.209658555596851], [104.8917923338576, -4.209597778526844], [104.89184197677673, -4.209559202856873], [104.89179233500005, -4.20959777799993], [104.89167338200008, -4.209658555999956], [104.89165245753044, -4.209689250678874], [104.89167338139009, -4.209658555596851]]], [[[104.89186016092013, -4.209544844147837], [104.89185938300005, -4.209545676999932], [104.89185938240256, -4.209545677464235], [104.89186016092013, -4.209544844147837]]], [[[104.89192426988924, -4.209476207281828], [104.89195944386893, -4.209438549312475], [104.8918694737995, -4.209534873649001], [104.89192426988924, -4.209476207281828]]], [[[104.89205188160214, -4.209348122215697], [104.89206306857668, -4.209341104666794], [104.89204158468655, -4.209357744580394], [104.89205188160214, -4.209348122215697]]], [[[104.89231140532523, -4.209268908135371], [104.89256337781356, -4.209060505895151], [104.89251583868426, -4.208781495305224], [104.89251476739568, -4.2087087579611255], [104.89251370058696, -4.208606709944899], [104.89253101066957, -4.208539403951473], [104.89256994758699, -4.208460159710511], [104.89261207085896, -4.208407702417759], [104.89256337900008, -4.209060504999967], [104.89248010200004, -4.209182081999928], [104.89241197400008, -4.209223325999968], [104.89231140532523, -4.209268908135371]]], [[[104.89319707654596, -4.208472613484786], [104.89326198901057, -4.208415744707324], [104.89329303038437, -4.208372508202321], [104.89319707654596, -4.208472613484786]]], [[[104.89359928335337, -4.2080829188560775], [104.89339393726634, -4.208194297350553], [104.89342746368057, -4.208157390096765], [104.89348802220863, -4.208116144963292], [104.89353560259799, -4.208094439115054], [104.89359928335337, -4.2080829188560775]]], [[[104.8936880695905, -4.208057549006603], [104.89374456900877, -4.208017575996775], [104.8936583416545, -4.2080693027811895], [104.8936880695905, -4.208057549006603]]], [[[104.89375403743486, -4.208010876896685], [104.89381460821264, -4.2078773549051975], [104.89383840444427, -4.207821992293007], [104.89375403743486, -4.208010876896685]]], [[[104.89384915238479, -4.207810004705938], [104.89387575498391, -4.207784572851506], [104.89389116148132, -4.207771043406231], [104.89384915238479, -4.207810004705938]]], [[[104.89392816107546, -4.207759037077864], [104.89393820815947, -4.2077575036211], [104.89392042671032, -4.207761389146377], [104.89392816107546, -4.207759037077864]]], [[[104.89466269208086, -4.20790675851483], [104.89460070220015, -4.207977339322514], [104.89451047283121, -4.208031681239783], [104.89466269208086, -4.20790675851483]]], [[[104.89447525994433, -4.208059828309957], [104.89446468797404, -4.208069516708917], [104.89448171563707, -4.208054231859855], [104.89447525994433, -4.208059828309957]]], [[[104.89456930972285, -4.208235710154797], [104.89458697335772, -4.208236363447579], [104.89456346559203, -4.208235516991017], [104.89456930972285, -4.208235710154797]]], [[[104.89491748064648, -4.208301979951445], [104.89491748036704, -4.208303587311313], [104.89491748055733, -4.208301979811754], [104.89491748064648, -4.208301979951445]]], [[[104.89489850916578, -4.2084046727307305], [104.89484068272483, -4.208490867978286], [104.89477246274186, -4.208563254261304], [104.89489850916578, -4.2084046727307305]]], [[[104.89460486510654, -4.20918454521295], [104.89460506915465, -4.209186528090194], [104.89460548455307, -4.209150899452935], [104.89460486510654, -4.20918454521295]]], [[[104.8966408552301, -4.210326359552333], [104.89660620156316, -4.210387676970904], [104.89656987194957, -4.210428700052523], [104.8966408552301, -4.210326359552333]]], [[[104.89650237995295, -4.21051359475699], [104.89648464645354, -4.210539848338987], [104.89653984900137, -4.2104650175385565], [104.89650237995295, -4.21051359475699]]], [[[104.89675755063588, -4.210913666548679], [104.89674345800006, -4.21092724599993], [104.89674345774851, -4.210927246100911], [104.89675755063588, -4.210913666548679]]], [[[104.89683754564263, -4.210806755924481], [104.89685528055224, -4.210745361302927], [104.89680766940182, -4.210857814499754], [104.89683754564263, -4.210806755924481]]], [[[104.89687416729602, -4.210679904933751], [104.89690245260309, -4.21059289795946], [104.89690245281768, -4.210592897528696], [104.89687416729602, -4.210679904933751]]], [[[104.89869840309528, -4.211378035161857], [104.89870118652533, -4.211388068146906], [104.89869764847458, -4.21137244267813], [104.89869840309528, -4.211378035161857]]], [[[104.89907283287381, -4.211056088266911], [104.89906930623134, -4.211261923738049], [104.89907040409726, -4.2111305630012446], [104.89907283287381, -4.211056088266911]]], [[[104.89915588233555, -4.2107093555282304], [104.89912992297936, -4.2107690600665775], [104.89915588203338, -4.210709355817433], [104.89915588233555, -4.2107093555282304]]], [[[104.89920238398001, -4.210664850197723], [104.89920618953907, -4.210663335681168], [104.89919800769239, -4.21066903861151], [104.89920238398001, -4.210664850197723]]], [[[104.89976507702161, -4.210410561741476], [104.89970734440932, -4.210739823118962], [104.89974089326681, -4.210521619734081], [104.89976507702161, -4.210410561741476]]], [[[104.89979566330905, -4.210336286782136], [104.89984040543801, -4.2102686837478736], [104.89984040576172, -4.210268683432776], [104.89979566330905, -4.210336286782136]]], [[[104.89987609213927, -4.210233947232345], [104.8999125728533, -4.210218153642484], [104.89984443301205, -4.210264763411099], [104.89987609213927, -4.210233947232345]]], [[[104.90019849717888, -4.2102550230760825], [104.90019723900008, -4.210254614999931], [104.90019723864633, -4.210254614870425], [104.90019849717888, -4.2102550230760825]]], [[[104.90046224514431, -4.210321962882821], [104.90046215100006, -4.210321957999944], [104.90046215099073, -4.210321957998539], [104.90046224514431, -4.210321962882821]]], [[[104.90076316810836, -4.21027762668742], [104.90089036205708, -4.2102145361199605], [104.9009136504608, -4.210205854981252], [104.90076316810836, -4.21027762668742]]], [[[104.90104391361159, -4.210159189191597], [104.90106364832776, -4.210155051929399], [104.90101130344168, -4.210170552735844], [104.90104391361159, -4.210159189191597]]], [[[104.90205849167141, -4.210369423417009], [104.90205382900007, -4.2103699269999275], [104.90205382845093, -4.210369926971829], [104.90205849167141, -4.210369423417009]]], [[[104.90217061363595, -4.210335202434401], [104.90217557049262, -4.2103259627127185], [104.90216703041303, -4.210339997541813], [104.90217061363595, -4.210335202434401]]], [[[104.90222145612252, -4.210165851942031], [104.9022395431457, -4.21010958364042], [104.90220126775903, -4.210247950573967], [104.90222145612252, -4.210165851942031]]], [[[104.9022733722293, -4.210058381852448], [104.90229536470895, -4.210045854019809], [104.90225597915958, -4.21008145201536], [104.9022733722293, -4.210058381852448]]], [[[104.90269833110105, -4.210011754097505], [104.90270610786607, -4.210008827291919], [104.90269739760218, -4.210011871144016], [104.90269833110105, -4.210011754097505]]], [[[104.90281079882743, -4.20992057631502], [104.90281730568967, -4.209762077005747], [104.90270703039641, -4.209625276291636], [104.90268648986432, -4.209587276219501], [104.90268566617839, -4.209561533297363], [104.90281730600009, -4.209762076999944], [104.90283135700008, -4.209815273999932], [104.90282810900004, -4.209851098999933], [104.90281079882743, -4.20992057631502]]], [[[104.9026897437707, -4.209506941555231], [104.90270203079994, -4.2094680512571845], [104.90268618574851, -4.20954529497294], [104.9026897437707, -4.209506941555231]]], [[[104.90280598463929, -4.209346400846689], [104.9028076338218, -4.209283319859639], [104.90280418058754, -4.20924721577694], [104.90280598463929, -4.209346400846689]]], [[[104.9021946249828, -4.208551535826143], [104.90249408261148, -4.20905638569386], [104.9023059521789, -4.208929345746576], [104.90226162661095, -4.208866373036245], [104.90223352012659, -4.208795805249462], [104.90219893111104, -4.208693751999849], [104.90219353665502, -4.208603645071015], [104.9021946249828, -4.208551535826143]]], [[[104.90232939516655, -4.208280039174261], [104.9022670974645, -4.208346363591092], [104.90232441489512, -4.208283405739339], [104.90232939516655, -4.208280039174261]]], [[[104.90279155161119, -4.208171644306796], [104.9027915518426, -4.20817164439419], [104.90277147218933, -4.208171120531466], [104.90279155161119, -4.208171644306796]]], [[[104.90297157509805, -4.208247197203607], [104.90297157497827, -4.2082471973501985], [104.90297153563945, -4.20824717564605], [104.90297157509805, -4.208247197203607]]], [[[104.90346305800006, -4.208040367999959], [104.90346305797847, -4.208040368717152], [104.90323821028834, -4.207522500975158], [104.9032036230625, -4.207412849621512], [104.90319135417154, -4.207345933589387], [104.90346305800006, -4.208040367999959]]], [[[104.90318777192661, -4.207305191262784], [104.90318742906166, -4.207191390689257], [104.90319453472888, -4.207163893272128], [104.90318777192661, -4.207305191262784]]], [[[104.90321663106377, -4.207136028268569], [104.90321663264535, -4.207136027882529], [104.9032055228683, -4.207149408948674], [104.90321663106377, -4.207136028268569]]], [[[104.90363507835448, -4.207282628814973], [104.90365177896503, -4.207282630884224], [104.90360884634265, -4.207280146730851], [104.90363507835448, -4.207282628814973]]], [[[104.90419737700006, -4.2071155219999845], [104.90419737619978, -4.2071155220649645], [104.904251099307, -4.2070220039075865], [104.90419737700006, -4.2071155219999845]]], [[[104.90424068000004, -4.20669647899995], [104.9042406790998, -4.206696479056204], [104.90414623752919, -4.20669486983156], [104.90424068000004, -4.20669647899995]]], [[[104.90405036609413, -4.206732280934535], [104.90405036700008, -4.206732279999923], [104.90407754149923, -4.206717486935444], [104.90405036609413, -4.206732280934535]]], [[[104.90397250235716, -4.2068126075315755], [104.90394143992401, -4.206844676876212], [104.90404608922918, -4.206736693028954], [104.90397250235716, -4.2068126075315755]]], [[[104.90378915528503, -4.2069069327433075], [104.90388815136293, -4.2068864199473435], [104.90383840980093, -4.2069037837130585], [104.90378915528503, -4.2069069327433075]]], [[[104.90374112158021, -4.2066638489914325], [104.90374325552138, -4.206897257031688], [104.9037021705905, -4.206857084556925], [104.90369568872983, -4.20681148721119], [104.9037043470892, -4.206750693881939], [104.90374112158021, -4.2066638489914325]]], [[[104.9039888060001, -4.206125412999937], [104.90398880559806, -4.206125413201778], [104.90391636149803, -4.206100435539485], [104.90386121506059, -4.206104770889097], [104.90379741780231, -4.2061091052875215], [104.90372929604845, -4.20611126858493], [104.90366658077727, -4.206105832252285], [104.90360603132328, -4.206074342474826], [104.9035681926781, -4.206017885075155], [104.90356495523177, -4.205969032024282], [104.90357685374778, -4.205935379202517], [104.90363741215168, -4.205886534531057], [104.9039888060001, -4.206125412999937]]], [[[104.90396779460265, -4.205794456050261], [104.90404399962982, -4.205735683316391], [104.90405797797334, -4.20571604102853], [104.90396779460265, -4.205794456050261]]], [[[104.90409591395452, -4.205642326812974], [104.904058086117, -4.2054870788434995], [104.9040115915747, -4.205482731808145], [104.90389372521797, -4.205528312004254], [104.90384290213792, -4.20554024872181], [104.90374299368162, -4.205551268883488], [104.90409591395452, -4.205642326812974]]], [[[104.9034427696498, -4.204958747503569], [104.90350553665431, -4.205539120010662], [104.90343958106955, -4.205497858320888], [104.90340282698506, -4.205426203045186], [104.90339094132563, -4.205355637765848], [104.90339094498441, -4.2053263249104225], [104.90341043934359, -4.205074464517126], [104.9034427696498, -4.204958747503569]]], [[[104.90360274807362, -4.204612577914819], [104.90375329312961, -4.204407937687342], [104.90375896057418, -4.2044030391807885], [104.90360274807362, -4.204612577914819]]], [[[104.90416962626651, -4.204136584208403], [104.90419713126605, -4.2041071360954465], [104.90415219780256, -4.204148365516652], [104.90416962626651, -4.204136584208403]]], [[[104.90423667818209, -4.204039973843109], [104.90392856131959, -4.2036089457306955], [104.90388424070582, -4.203502549739369], [104.90386370832955, -4.203405926036689], [104.90385830871591, -4.203346216709777], [104.903871292307, -4.203284337835836], [104.90388206159409, -4.203265293770989], [104.90423667818209, -4.204039973843109]]], [[[104.90389400528065, -4.203244172935963], [104.90394158292322, -4.203233322291447], [104.9039415835518, -4.203233322302234], [104.90389400528065, -4.203244172935963]]], [[[104.90399517010616, -4.2032342413287225], [104.9039926994036, -4.20323419909897], [104.9039538785262, -4.20323353316529], [104.90399517010616, -4.2032342413287225]]], [[[104.90471437774488, -4.202829938806342], [104.90466820192677, -4.20333763093538], [104.90464874782322, -4.203261635738422], [104.90461956364378, -4.203172611549272], [104.90459362406715, -4.2030770744170205], [104.90458930624443, -4.203016279317453], [104.90461418634757, -4.202931603292779], [104.90469745716166, -4.2028415072367755], [104.90471437774488, -4.202829938806342]]], [[[104.90509865381425, -4.202543012754392], [104.905123761543, -4.202519854081975], [104.90505900220087, -4.2025769601082175], [104.90509865381425, -4.202543012754392]]], [[[104.90527857301305, -4.202396220753158], [104.90548470907328, -4.202277082051471], [104.90552183517322, -4.2022666662492], [104.90527857301305, -4.202396220753158]]], [[[104.9059010242187, -4.2021414302332625], [104.90591334974658, -4.202136275975953], [104.90588506526174, -4.202147732043181], [104.9059010242187, -4.2021414302332625]]], [[[104.90606647173757, -4.202060029502811], [104.90610137903093, -4.202029561306328], [104.90604172421148, -4.2020744295017325], [104.90606647173757, -4.202060029502811]]], [[[104.90612322743432, -4.202010355374021], [104.90618110511336, -4.20192651190282], [104.90618110606997, -4.2019265089194064], [104.90612322743432, -4.202010355374021]]], [[[104.95674507442573, -4.178697989420649], [104.95704026090368, -4.178312844877839], [104.95756281386402, -4.178549695818781], [104.95674507442573, -4.178697989420649]]]]}}, {"type": "Feature", "properties": {"NAMOBJ": "PT Silva Inhutani Lampung", "ORGANISASI": null}, "geometry": {"type": "MultiPolygon", "coordinates": [[[[105.17410037909576, -4.185785396908787], [105.17418641427167, -4.186860689569134], [105.17421734647606, -4.187445139102306], [105.17418641400006, -4.186860695998753], [105.17410037909576, -4.185785396908787]]], [[[105.1743371481678, -4.183495874089624], [105.17426919348829, -4.182642310401813], [105.17436696753309, -4.183870428133355], [105.1743371481678, -4.183495874089624]]], [[[105.17226169700007, -4.17249668299878], [105.1712879014459, -4.170169552100735], [105.17226169602054, -4.172496675581045], [105.17313866092054, -4.176977124094944], [105.17400343640952, -4.1786236631514795], [105.17425258438647, -4.182433688930087], [105.17400343600008, -4.178623668998741], [105.17313866000009, -4.17697713099874], [105.17226169700007, -4.17249668299878]]], [[[105.16947448472595, -4.165341294608758], [105.17049194444776, -4.168437122375228], [105.17127424736965, -4.17006462875879], [105.16947448472595, -4.165341294608758]]], [[[105.16900329126895, -4.163592725423884], [105.16946764106983, -4.1652075177636], [105.16900329100012, -4.163592730998784], [105.16745786000007, -4.160720697998763], [105.16752751957097, -4.160469867907904], [105.16900329126895, -4.163592725423884]]], [[[105.16599969592926, -4.156833530642873], [105.16607978415476, -4.157516707829759], [105.16745753383816, -4.159169616784371], [105.16768654618255, -4.159897232224287], [105.16607978200005, -4.157516715998801], [105.16599969592926, -4.156833530642873]]], [[[105.16585390497762, -4.1556848223260845], [105.16556034171433, -4.154519942153672], [105.16606466880827, -4.156201804075437], [105.16585390497762, -4.1556848223260845]]], [[[105.16528202000005, -4.152793431998792], [105.16528202074869, -4.152793426175602], [105.16555477185119, -4.154143022818709], [105.16528202000005, -4.152793431998792]]], [[[105.1461339020001, -4.151839760998797], [105.14413164700007, -4.1533146109987635], [105.14369304300004, -4.153563629998789], [105.14325428400007, -4.152950937998748], [105.14329233561367, -4.152433902324472], [105.14369304319945, -4.1535636235623254], [105.14613390215796, -4.1518397554003155], [105.1474688270248, -4.151360775579287], [105.14986942078095, -4.1514066947540575], [105.1461339020001, -4.151839760998797]]], [[[105.15105415900007, -4.150651587998781], [105.15073665199567, -4.151004677187438], [105.15105416057322, -4.150651582847112], [105.15105415900007, -4.150651587998781]]], [[[105.16278252800002, -4.147393906998823], [105.15891108600006, -4.1477776779987625], [105.15637422600008, -4.146016466998733], [105.15393753600004, -4.1462132339987585], [105.1517974550001, -4.148047165998798], [105.15156877100007, -4.148966367998753], [105.1511485437974, -4.15034250156479], [105.15179745468885, -4.148047159648628], [105.15238852511038, -4.147281081156908], [105.15393753628832, -4.1462132279580635], [105.15637422778843, -4.146016459891655], [105.15891108397939, -4.147777672401622], [105.16278252959012, -4.147393900208273], [105.16442295235744, -4.14871484781191], [105.16524326266648, -4.149844473643498], [105.16549138463168, -4.150763578930049], [105.16278252800002, -4.147393906998823]]], [[[105.14222311600008, -4.145693608998798], [105.14151706500006, -4.143414989998734], [105.14142145600005, -4.1419979719987925], [105.14143887107903, -4.140486463829623], [105.14151706516049, -4.143414983814409], [105.14224195740047, -4.144410607963156], [105.14222311840223, -4.145693600579134], [105.14249031507603, -4.146804203051494], [105.14268124744166, -4.1480105626373005], [105.1427767608389, -4.1488722552503505], [105.14331100040245, -4.150193449268208], [105.14401675327059, -4.150748644834045], [105.14420752409983, -4.151074146050409], [105.1433110010001, -4.1501934549988], [105.14277676000007, -4.148872261998769], [105.14222311600008, -4.145693608998798]]], [[[105.14283198200006, -4.137763367998813], [105.14291043274953, -4.13654259549307], [105.14299547207685, -4.138150118018962], [105.14283198200006, -4.137763367998813]]], [[[105.14418144954593, -4.135620581815007], [105.14418755387702, -4.135597361137197], [105.14468045769308, -4.135399290003038], [105.14418144954593, -4.135620581815007]]], [[[105.19063219705772, -4.10488596007355], [105.1899367516506, -4.105213640771829], [105.18993675028088, -4.10521364129648], [105.19063219705772, -4.10488596007355]]], [[[105.19404675629771, -4.095484394934392], [105.19398060132374, -4.096201116887976], [105.19460436824029, -4.100489913775255], [105.19398060000009, -4.096201122998753], [105.19404675629771, -4.095484394934392]]], [[[105.19419443100007, -4.082425358998778], [105.1942400367371, -4.08123553353517], [105.19419044459006, -4.082529351791191], [105.19419443100007, -4.082425358998778]]], [[[105.19446841406516, -4.07622137293032], [105.19448738181485, -4.075618602107429], [105.19446841428595, -4.076221369120846], [105.19446841406516, -4.07622137293032]]], [[[105.19452519000005, -4.074417155998746], [105.1945393756153, -4.074082644892934], [105.19452170361772, -4.074527947234146], [105.19452519000005, -4.074417155998746]]], [[[105.19489106300004, -4.064385329998765], [105.19489203447907, -4.064380153008274], [105.19488570581704, -4.06478234384793], [105.19489106300004, -4.064385329998765]]], [[[105.20023065800005, -4.023636883998764], [105.18104408000006, -4.023537573998762], [105.17890650500006, -4.023478771998796], [105.17849091800007, -4.023665118998749], [105.17828312000009, -4.023742966998806], [105.17807900000008, -4.0237849989987575], [105.17773099800007, -4.023811002998768], [105.17704360400006, -4.023818561998804], [105.17582865700005, -4.023790427998718], [105.174680112, -4.023749918998758], [105.17310240100005, -4.023719388998768], [105.16953506700007, -4.023770766998808], [105.16944406800008, -4.023764615998743], [105.16935674600005, -4.02371770799875], [105.16642956800005, -4.0242640149988], [105.16528730000002, -4.024241319998771], [105.16935674821542, -4.0237176998119235], [105.17890650513118, -4.023478766132087], [105.20009199734784, -4.023470066090627], [105.2002306584182, -4.023636877739648], [105.20022081443909, -4.026760078414833], [105.20013599038373, -4.033496184001644], [105.20007887105518, -4.0353682091906595], [105.20023065800005, -4.023636883998764]]], [[[105.16531415700008, -4.0222538769987715], [105.16531358878323, -4.022185302197641], [105.16531299253508, -4.022340043357389], [105.16531415700008, -4.0222538769987715]]], [[[105.16531365029432, -4.0221253044647], [105.16531696700007, -4.021056762998763], [105.16532659900008, -4.020040448998781], [105.1653340143339, -4.019604107231615], [105.16531365029432, -4.0221253044647]]], [[[105.16535322301208, -4.01822637316207], [105.16535447900007, -4.018064615998786], [105.16535447909567, -4.0180646138986225], [105.16535322301208, -4.01822637316207]]], [[[105.16538040390496, -4.017318554300801], [105.16543068377632, -4.012995923118169], [105.16540570990566, -4.015143004945685], [105.16538040390496, -4.017318554300801]]], [[[105.19186249000003, -4.010755388998727], [105.19186402620392, -4.010974742590243], [105.19186402592723, -4.010974742594411], [105.19186249000003, -4.010755388998727]]], [[[105.19220302005691, -4.010737644436914], [105.19220555843212, -4.010489216237622], [105.19220302025326, -4.01073764442669], [105.19220302005691, -4.010737644436914]]], [[[105.19221216000007, -4.009843129998802], [105.19221256531502, -4.009798103159447], [105.19221205236082, -4.00985366393501], [105.19221216000007, -4.009843129998802]]], [[[105.19221948589038, -4.009029339213814], [105.192186368397, -4.008188365582195], [105.1922194859406, -4.009029333636812], [105.19221948589038, -4.009029339213814]]], [[[105.19218280501057, -4.008097876855147], [105.19218112200008, -4.008055138998786], [105.19218112198543, -4.008055137927469], [105.19218280501057, -4.008097876855147]]], [[[105.19216809500004, -4.007102833998773], [105.19217263935587, -4.007434986735169], [105.1921790116147, -4.007900865231742], [105.19216809500004, -4.007102833998773]]], [[[105.23186033278819, -4.190424247780762], [105.23211630006527, -4.190611908169963], [105.23180242471739, -4.190391764178188], [105.23186033278819, -4.190424247780762]]], [[[105.23440112171448, -4.19029735074207], [105.23859602599657, -4.189848894248154], [105.23253364492794, -4.190595102103085], [105.23440112171448, -4.19029735074207]]], [[[105.23152280283513, -4.190234909913098], [105.23169402394072, -4.1903309566475055], [105.2312802798028, -4.190111472777426], [105.23152280283513, -4.190234909913098]]], [[[105.22946050159072, -4.1893910921182655], [105.229582468756, -4.189400078250976], [105.23000944124927, -4.189560076645913], [105.22946050159072, -4.1893910921182655]]], [[[105.22138857849271, -4.184314692808244], [105.22127083569465, -4.1842063469341735], [105.22127082425831, -4.184206329818477], [105.22138857849271, -4.184314692808244]]], [[[105.21205402300006, -4.175704824998772], [105.19209308100004, -4.180037824998711], [105.19142147900003, -4.1804692409987405], [105.19077805000008, -4.1812230669987684], [105.18984899800007, -4.18225689599876], [105.18832735200004, -4.18387293799877], [105.18792737300004, -4.184288163998756], [105.18614418200008, -4.186221806998698], [105.18571342800004, -4.186667932998735], [105.18531881000008, -4.18713151999876], [105.18498036400007, -4.187521200998681], [105.18467536400004, -4.187862507998746], [105.18439311200008, -4.1881917149987515], [105.18410683000008, -4.188477940998765], [105.18385665000002, -4.188666082998718], [105.18360780600005, -4.188832728998754], [105.18325058600006, -4.189006112998718], [105.18297897200006, -4.1890921579987355], [105.17726327500006, -4.190811715998722], [105.17577665400007, -4.1912412819987255], [105.17372349600002, -4.191766696998719], [105.17368197746373, -4.19118552740292], [105.17372349634235, -4.19176669008061], [105.18360780555582, -4.188832722951766], [105.18439311155295, -4.18819170778102], [105.1846753637771, -4.187862501952843], [105.18531880981527, -4.187131514108048], [105.18571342783247, -4.186667927083129], [105.18792737344961, -4.184288157272594], [105.18984899803291, -4.182256895439311], [105.19142147971759, -4.180469239263918], [105.19161277720798, -4.180302601184059], [105.19209308083107, -4.1800378191899705], [105.19235129507626, -4.179928944565119], [105.19418427438484, -4.179260795049628], [105.20074437635196, -4.177687307922889], [105.21101355942831, -4.1756393969405945], [105.21157670140371, -4.175561808830368], [105.21185199467386, -4.175547979055921], [105.2120540228749, -4.175704819022147], [105.21240820107766, -4.176023529762067], [105.21317972316575, -4.176600007784094], [105.21593752929363, -4.1790495344084135], [105.21936426639287, -4.182300524320438], [105.21205402300006, -4.175704824998772]]], [[[105.3643563201435, -4.15903634806227], [105.33870793286695, -4.15814879466888], [105.31567866563614, -4.156927878826629], [105.31223707434752, -4.156948605926585], [105.27627137876173, -4.184664791181395], [105.25896568296886, -4.1872736877302525], [105.24635100024626, -4.189021519717449], [105.24323221269799, -4.189337339084468], [105.27621474231655, -4.184448940765954], [105.31218658544265, -4.1567800758397775], [105.3306472991336, -4.157399311229197], [105.3643563201435, -4.15903634806227]]], [[[105.36444017600007, -4.157904156998733], [105.364362101255, -4.158958299254373], [105.36449271736379, -4.157194739899184], [105.36444017600007, -4.157904156998733]]], [[[105.3646049423939, -4.155679509761126], [105.36465939107562, -4.154944368004452], [105.36465251800006, -4.1550371739988075], [105.3646049423939, -4.155679509761126]]], [[[105.36487769684828, -4.151008205364348], [105.36501907469835, -4.148568626686996], [105.36487062751628, -4.151136090776584], [105.36487769684828, -4.151008205364348]]], [[[105.3651899216776, -4.146220814638806], [105.36519362384968, -4.146157698219265], [105.36513982572433, -4.146909239575693], [105.3651899216776, -4.146220814638806]]], [[[105.3652909500001, -4.144498271998782], [105.36524218589997, -4.145329697090601], [105.36529997836969, -4.144344329044764], [105.3652909500001, -4.144498271998782]]], [[[105.36538270500007, -4.140575691998767], [105.36537937221539, -4.140726987782508], [105.36538557288908, -4.14044552511913], [105.36538270500007, -4.140575691998767]]], [[[105.36539331925941, -4.140264348223534], [105.36543227259952, -4.139604486842478], [105.36540284600004, -4.140102970998804], [105.36539331925941, -4.140264348223534]]], [[[105.19632728327758, -4.093793576012663], [105.19632728300006, -4.093793581998736], [105.19633221105987, -4.0928404876276545], [105.19632728327758, -4.093793576012663]]], [[[105.19634517530889, -4.090333877117001], [105.19635247600007, -4.089785017998769], [105.19635247686118, -4.089785012121161], [105.19634517530889, -4.090333877117001]]], [[[105.19646042200009, -4.08804155899881], [105.19646042340986, -4.0880415517761515], [105.19641042695449, -4.089087772240927], [105.19646042200009, -4.08804155899881]]], [[[105.19653853300011, -4.086152649998802], [105.19653910867072, -4.085923800377339], [105.19653831396356, -4.086355298594298], [105.19653853300011, -4.086152649998802]]], [[[105.1941010122337, -4.084862490902228], [105.19643735040347, -4.085041918849409], [105.19651285298585, -4.085100688645809], [105.19653751691153, -4.085163334234263], [105.1941010122337, -4.084862490902228]]], [[[105.20033037523787, -4.0657178434029415], [105.20033071572023, -4.06570983067528], [105.20033037524666, -4.065717843403709], [105.20033037523787, -4.0657178434029415]]], [[[105.19493787208518, -4.066292673867739], [105.19488779200009, -4.0656527619987655], [105.19488449882886, -4.064997635769429], [105.19488779333705, -4.065652755869963], [105.19493787208518, -4.066292673867739]]], [[[105.20034368521294, -4.065404607736411], [105.20037040563572, -4.064775787570188], [105.20033681137323, -4.065566375609654], [105.20034368521294, -4.065404607736411]]], [[[105.20037040563572, -4.064775787570188], [105.20041612319247, -4.063699896901148], [105.20039355531839, -4.064230998761553], [105.20037040563572, -4.064775787570188]]], [[[105.20041193116577, -4.061578128228012], [105.2004895925349, -4.06257645010596], [105.20038827640248, -4.0612740409085415], [105.20041193116577, -4.061578128228012]]], [[[105.20060694600006, -4.055831934998769], [105.20060694609509, -4.055831932056941], [105.20069139907683, -4.056324752611589], [105.20060694600006, -4.055831934998769]]], [[[105.20068420100004, -4.0501302689988], [105.20069565929685, -4.050032548685741], [105.20067338109976, -4.052579802371894], [105.20068420100004, -4.0501302689988]]], [[[105.20074729700006, -4.045006669998773], [105.20075034957965, -4.043337359342719], [105.20080407118459, -4.04628857851733], [105.20074729700006, -4.045006669998773]]], [[[105.20075137200006, -4.042778501998802], [105.20075165824751, -4.042621914848624], [105.20075047041797, -4.043271319839224], [105.20075137200006, -4.042778501998802]]], [[[105.2005381474176, -4.0377755324148605], [105.20075359979458, -4.041559824370103], [105.20062479000005, -4.041172089998768], [105.20058166200005, -4.040267305998802], [105.20053814600006, -4.037775537998784], [105.20000422018178, -4.037815134041637], [105.2005381474176, -4.0377755324148605]]], [[[105.24788284681597, -4.023920907024207], [105.24788437300005, -4.023844456998751], [105.24788092866827, -4.0240171285814625], [105.24788284681597, -4.023920907024207]]], [[[105.36503059464603, -4.014629393525064], [105.36503059500009, -4.014629393998756], [105.36503113840845, -4.014635181184447], [105.36503059464603, -4.014629393525064]]], [[[105.39028334358613, -4.137433441757609], [105.39104477399718, -4.140781878580816], [105.40069762900004, -4.1382982719987345], [105.39104477400008, -4.140781881998782], [105.39053934500002, -4.13932867299879], [105.39030017500004, -4.137730250998776], [105.39028334358613, -4.137433441757609]]], [[[105.36550924777079, -4.138300557822974], [105.36545447461178, -4.139228389853708], [105.36545946108532, -4.139143918157235], [105.36550924777079, -4.138300557822974]]], [[[105.365560639203, -4.137436400734298], [105.36565963578363, -4.135790824686743], [105.36568512666508, -4.135314264394476], [105.36565963600003, -4.135790826998769], [105.365560639203, -4.137436400734298]]], [[[105.40061766700006, -4.135449798998768], [105.40063466097637, -4.136055209137087], [105.40061510349322, -4.1353584879716925], [105.40061766700006, -4.135449798998768]]], [[[105.40059558339132, -4.134663170555104], [105.40055795150293, -4.1333226405701895], [105.40055995376085, -4.133393940736698], [105.40059558339132, -4.134663170555104]]], [[[105.36599630000005, -4.129948302998755], [105.36592758300009, -4.131604985998782], [105.36580940746798, -4.1330768061532295], [105.36599629968953, -4.129948300773434], [105.37184791035281, -4.130052104121254], [105.38691549275586, -4.131193823136358], [105.38778590339678, -4.131266226654988], [105.39027612815919, -4.137306214959318], [105.38778590200009, -4.131266228998748], [105.36599630000005, -4.129948302998755]]], [[[105.40001169558332, -4.116617510689544], [105.39995965983293, -4.116153732238963], [105.40001391073677, -4.116890856619363], [105.40001169558332, -4.116617510689544]]], [[[105.39620027900008, -4.111328210998771], [105.39620035121264, -4.111333836328393], [105.396200030055, -4.111308817504967], [105.39620027900008, -4.111328210998771]]], [[[105.37875975695727, -4.080509461642286], [105.37874989858904, -4.077804906171414], [105.38045949181215, -4.077648810843925], [105.38050148295713, -4.075595565982551], [105.38981638641718, -4.07078931467509], [105.39414510940935, -4.0770728247510455], [105.39422491344908, -4.082162703346058], [105.39075355912951, -4.081206806748703], [105.38913020639399, -4.082044417315955], [105.38822908120721, -4.084050627634319], [105.38532093271493, -4.084095166558647], [105.3851909204247, -4.0816969255726026], [105.38198636887586, -4.08172434140517], [105.38187411100148, -4.0805166148498415], [105.37875975695727, -4.080509461642286]]], [[[105.39803493400007, -4.031000037998782], [105.39800493525911, -4.031340004707347], [105.3980328923993, -4.030924544563162], [105.39803493400007, -4.031000037998782]]], [[[105.39797901400004, -4.030354076998791], [105.39797936674483, -4.030364545459604], [105.39797879508771, -4.030347581611407], [105.39797901400004, -4.030354076998791]]], [[[105.4032693939932, -4.029959080994067], [105.40326939400005, -4.029916600998804], [105.40326939436706, -4.0299165976957845], [105.4032693939932, -4.029959080994067]]], [[[105.38655026200009, -4.029686540998758], [105.38654699726713, -4.029751665698038], [105.386547364914, -4.029551098384439], [105.38655026200009, -4.029686540998758]]], [[[105.38139420115321, -4.029346967401642], [105.38139221528695, -4.02940134321174], [105.38139419900004, -4.029346969998732], [105.38139420115321, -4.029346967401642]]], [[[105.38390474169118, -4.0285720387254855], [105.3839076263113, -4.0285630437305135], [105.38390474240998, -4.0285720378692], [105.38390474169118, -4.0285720387254855]]], [[[105.37983154300008, -4.028252322998728], [105.37983154289145, -4.028252316291342], [105.37984056372302, -4.028146116705994], [105.37983154300008, -4.028252322998728]]], [[[105.38387734300007, -4.028144221998805], [105.38387734456387, -4.028144215083388], [105.38393179538286, -4.028289837348318], [105.38387734300007, -4.028144221998805]]], [[[105.39398779639976, -4.028039671593541], [105.39398859677226, -4.028057934523089], [105.39387865313653, -4.0278170728281735], [105.39398779639976, -4.028039671593541]]], [[[105.3838833613612, -4.027975894408476], [105.38389534600009, -4.02788326299881], [105.38389534667483, -4.027883261008505], [105.3838833613612, -4.027975894408476]]], [[[105.37772782369632, -4.0266724337203375], [105.37772782400008, -4.026672434998781], [105.37772853737681, -4.026703368207914], [105.37772782369632, -4.0266724337203375]]], [[[105.37790865055972, -4.025667997332452], [105.37766119640713, -4.026338692076937], [105.37774574706862, -4.026232454264293], [105.37782124785235, -4.02615352166766], [105.37787258025543, -4.026080673883938], [105.37790865055972, -4.025667997332452]]], [[[105.37785921273253, -4.025161294258287], [105.3780490970365, -4.024752498756434], [105.37803517400005, -4.02484131899879], [105.37798601800006, -4.024947974998788], [105.37785921200006, -4.025161299998816], [105.3778385408317, -4.025265332813423], [105.37785921273253, -4.025161294258287]]], [[[105.37805581622302, -4.024674842869677], [105.3780532157439, -4.024641042935505], [105.37805272369305, -4.024715477501039], [105.37805581622302, -4.024674842869677]]], [[[105.37570604811451, -4.019920624016133], [105.37543875400007, -4.020738425998814], [105.37532312700004, -4.0208529189987186], [105.37473924454835, -4.021355133389117], [105.37570604811451, -4.019920624016133]]], [[[105.37572726000008, -4.019631567998799], [105.37570820512418, -4.019823753746986], [105.3757307391278, -4.019555821329373], [105.37572726000008, -4.019631567998799]]], [[[105.37576443987706, -4.019462632194687], [105.37576444200005, -4.019462639998799], [105.37573225365472, -4.01953750541891], [105.37576443987706, -4.019462632194687]]], [[[105.37488747677571, -4.018450045033496], [105.37488202732594, -4.018391645996078], [105.3748886040126, -4.018480884059615], [105.37488747677571, -4.018450045033496]]], [[[105.37439118590459, -4.017141365081893], [105.37440603537502, -4.017093559553092], [105.37436043811229, -4.017238574694128], [105.37439118590459, -4.017141365081893]]], [[[105.37416781589206, -4.016681308795338], [105.37416781600005, -4.016681314998797], [105.37414706044108, -4.016836706215378], [105.37416781589206, -4.016681308795338]]], [[[105.37178532400009, -4.015934245998796], [105.37178532743098, -4.015934238374366], [105.37181361957578, -4.0160168068428534], [105.37178532400009, -4.015934245998796]]], [[[105.36581574433092, -4.015926697999237], [105.36581875138211, -4.015971732333918], [105.36581646765592, -4.015937535288966], [105.36581574433092, -4.015926697999237]]], [[[105.43867157700005, -4.113530042998812], [105.43738679000008, -4.113928021998754], [105.43706490200009, -4.114001766998751], [105.43581390400004, -4.114049910998726], [105.43415069600007, -4.113811969998764], [105.43149848000007, -4.112573296998767], [105.42952354900007, -4.111956132998783], [105.4286205100001, -4.11166121299872], [105.42769380400004, -4.111383283998755], [105.42735896300009, -4.111261225998794], [105.42711881600007, -4.111145911998743], [105.42691582500005, -4.1109660569987305], [105.42664850000006, -4.110636839998759], [105.42618486500004, -4.109964772998769], [105.42580580400005, -4.109347002998749], [105.42549440000003, -4.108786912998792], [105.42519652500005, -4.108220021998771], [105.42507798700007, -4.107880539998775], [105.42494585800006, -4.107412031998773], [105.42482377600004, -4.106756761998803], [105.42478643400005, -4.106471560998801], [105.42478280009574, -4.1060063688167086], [105.42519652599896, -4.108220014641921], [105.42711881608058, -4.11114590585884], [105.4314984802707, -4.112573290924607], [105.43415069609779, -4.113811964050856], [105.43581390408849, -4.114049904879157], [105.43867157723156, -4.113530035582643], [105.44013506562773, -4.1121812264410105], [105.43966545200004, -4.112965846998768], [105.43867157700005, -4.113530042998812]]], [[[105.43994172573014, -4.111101566584008], [105.44011332536974, -4.109532757730565], [105.44021383270228, -4.1078213793531475], [105.44030446188147, -4.106592160799551], [105.44040475998074, -4.105801500163386], [105.44011332500008, -4.109532764998753], [105.43994172573014, -4.111101566584008]]], [[[105.42478927430562, -4.10545290592683], [105.4247833951903, -4.105955491828894], [105.42478891817566, -4.104780601811365], [105.42478927430562, -4.10545290592683]]], [[[105.4237615521439, -4.096844143055438], [105.42162214400007, -4.095196801998798], [105.41971137700006, -4.094783563998802], [105.4186902360001, -4.094933494998781], [105.41848057600001, -4.094926819998787], [105.41837912000008, -4.094906499998814], [105.41817619100003, -4.09483189899875], [105.41798006400008, -4.09482860999881], [105.41743245200009, -4.095199001998786], [105.41598401200008, -4.097644070998762], [105.41581828400007, -4.097765335998777], [105.41578699500008, -4.0978075999988], [105.41556732300006, -4.098042003998821], [105.41521242800006, -4.098361370998767], [105.41484059500009, -4.09862980499879], [105.41433012900009, -4.098922085998756], [105.41373850700005, -4.099200820998782], [105.41327870200007, -4.099357257998776], [105.41277827700009, -4.0994491949987975], [105.41242322500005, -4.099466349998749], [105.41201067700008, -4.0994529839987495], [105.41164883400003, -4.099422610998786], [105.41116861600007, -4.099337973998814], [105.40959593700006, -4.098832850998769], [105.40914947200008, -4.098629349998783], [105.40861504400007, -4.098330822998777], [105.40810765100008, -4.098008506998787], [105.40703427100004, -4.097265912998756], [105.40531186100009, -4.09579020699878], [105.39624439285464, -4.11070255324818], [105.40531186085377, -4.09579020135664], [105.40914947217044, -4.0986293439689865], [105.41201067695124, -4.099452977273014], [105.41521242801122, -4.098361364885024], [105.41743245214599, -4.095198996036805], [105.41798006372903, -4.094828603956837], [105.41817619237743, -4.094831890978928], [105.41869023586577, -4.094933488289833], [105.41944762510786, -4.094793882931299], [105.41971137737825, -4.094783557814885], [105.4200258810896, -4.0948275310656745], [105.42162214444647, -4.095196796295052], [105.42229859830172, -4.095481660150433], [105.42296504180332, -4.096021190425577], [105.42356387607208, -4.096601503156813], [105.42382103541252, -4.096917146309178], [105.42404440002912, -4.097270161688583], [105.42421368571308, -4.097663953228794], [105.4243830253564, -4.098173185344189], [105.42448466223745, -4.098536452994835], [105.42456939495224, -4.098896328548659], [105.4237615521439, -4.096844143055438]]], [[[105.42494983819395, -4.102142216810247], [105.4249506990161, -4.102114742735895], [105.4249498383644, -4.102142214591482], [105.42494983819395, -4.102142216810247]]], [[[105.42458660927805, -4.099061430116007], [105.42485428539703, -4.100488658125022], [105.42490857836827, -4.100851948258759], [105.42494938240816, -4.101276367110581], [105.42495763053564, -4.101541085905008], [105.42485428500004, -4.100488663998793], [105.42464414300007, -4.09957199299876], [105.4246033800001, -4.0992222819988084], [105.42458660927805, -4.099061430116007]]], [[[105.4481582640001, -4.0955495829988084], [105.44192056700005, -4.0999496989988025], [105.44055024651158, -4.104677042536056], [105.44192056698063, -4.099949692624186], [105.4490974132151, -4.0946588128538774], [105.44995073898484, -4.092200113710064], [105.44948778200006, -4.094133497998796], [105.44909741300009, -4.0946588199987755], [105.4481582640001, -4.0955495829988084]]], [[[105.44995039800004, -4.092148848998768], [105.44995051533832, -4.092166490085994], [105.44995031379702, -4.092136222773166], [105.44995039800004, -4.092148848998768]]], [[[105.45102278600008, -4.0863592889988105], [105.44990215558593, -4.090188215107145], [105.45118788279781, -4.083429004326306], [105.45102278600008, -4.0863592889988105]]], [[[105.45117981413934, -4.083162788623167], [105.45117981500005, -4.083162792998759], [105.45118722441461, -4.083407279980794], [105.45117981413934, -4.083162788623167]]], [[[105.44541749768972, -4.072642520100724], [105.44537322163455, -4.072966214360078], [105.44537322169691, -4.07296621182116], [105.44541749768972, -4.072642520100724]]], [[[105.4456156591354, -4.07209374982665], [105.44561566100002, -4.072093757998727], [105.44542050903347, -4.0726205048968085], [105.4456156591354, -4.07209374982665]]], [[[105.44272448714729, -4.069601079663833], [105.44272448800007, -4.069601081998796], [105.44272450290785, -4.069628372282269], [105.44272448714729, -4.069601079663833]]], [[[105.44259508639426, -4.069063480570172], [105.44259508700009, -4.069063481998737], [105.44259508699436, -4.069104637431819], [105.44259508639426, -4.069063480570172]]], [[[105.44224803371472, -4.068225966491087], [105.44237624300007, -4.067701548998747], [105.44235445200009, -4.067852548998776], [105.44224803371472, -4.068225966491087]]], [[[105.44366042200004, -4.066328193998774], [105.44267908700004, -4.066573064998768], [105.44228566561505, -4.067037235089622], [105.44252060094506, -4.066721393277647], [105.44267908667058, -4.066573059099366], [105.44284305736124, -4.066452179424512], [105.44311637841821, -4.066331226904533], [105.44366042418926, -4.066328188095384], [105.44371449348067, -4.065720053680119], [105.44366807600004, -4.066311696998789], [105.44366042200004, -4.066328193998774]]], [[[105.44378831500009, -4.06522726299878], [105.44372934092253, -4.06553080925077], [105.4437883149081, -4.065227257296225], [105.44378831500009, -4.06522726299878]]], [[[105.44350863422001, -4.063728483948291], [105.44367335772044, -4.063387111246056], [105.44367524400005, -4.063431902998805], [105.44365341500007, -4.063514275998796], [105.44350863422001, -4.063728483948291]]], [[[105.44367246797755, -4.063366014424442], [105.44367246900002, -4.06336601899876], [105.44367270086525, -4.063371517228217], [105.44367246797755, -4.063366014424442]]], [[[105.43099277463408, -4.054664837938015], [105.43095781700002, -4.056915277998763], [105.43095736493481, -4.057070632256764], [105.43099277463408, -4.054664837938015]]], [[[105.43098816200006, -4.053441313998787], [105.43098736194504, -4.053464134517268], [105.43098915084867, -4.053413107738165], [105.43098816200006, -4.053441313998787]]], [[[105.43102196500007, -4.05310200499881], [105.43100834132986, -4.0531843732828525], [105.4310209580912, -4.053077324663563], [105.43102196500007, -4.05310200499881]]], [[[105.43182269567575, -4.05076335985614], [105.43181490000005, -4.050878938998797], [105.43104086062657, -4.052439002344066], [105.43182269567575, -4.05076335985614]]], [[[105.43159349942593, -4.048096179180296], [105.43159350000009, -4.048096179998775], [105.43160197155252, -4.048194763438783], [105.43159349942593, -4.048096179180296]]], [[[105.43172646400005, -4.043889746998789], [105.4307542669959, -4.045740123392122], [105.43091542011064, -4.045318305595282], [105.43122129842425, -4.044725444623509], [105.43172646290601, -4.04388973971965], [105.43233398799735, -4.0423419409671775], [105.43172646400005, -4.043889746998789]]], [[[105.42987935849995, -4.036398089351768], [105.42987936100008, -4.036398092998784], [105.42994696286237, -4.036721456722673], [105.42987935849995, -4.036398089351768]]], [[[105.40326939400005, -4.030333005998809], [105.4032693939932, -4.03029051094483], [105.40327714098272, -4.030426959575683], [105.40326939400005, -4.030333005998809]]], [[[105.40329913700003, -4.029143275998736], [105.40333126643313, -4.029014758542635], [105.40332204714394, -4.0293265526202555], [105.40329913700003, -4.029143275998736]]]]}}, {"type": "Feature", "properties": {"NAMOBJ": "PT BUDI LAMPUNG SEJAHTERA", "ORGANISASI": null}, "geometry": {"type": "MultiPolygon", "coordinates": [[[[104.73665209899929, -4.509466244930176], [104.73667816200079, -4.508853763999769], [104.73667816289012, -4.508853759798392], [104.73665209899929, -4.509466244930176]]], [[[104.73760261117161, -4.504015804685599], [104.7376026110008, -4.504015811999808], [104.7375984121327, -4.503759682418821], [104.73760261117161, -4.504015804685599]]], [[[104.73757406262985, -4.502942665950535], [104.73697738357306, -4.49985427782688], [104.7374793509913, -4.501982016656715], [104.73757406262985, -4.502942665950535]]], [[[104.73666275400075, -4.497683333999657], [104.73670401862825, -4.496544412702521], [104.73689304367059, -4.499272336134215], [104.73666275400075, -4.497683333999657]]], [[[104.73673769013136, -4.495496147210055], [104.73652408700073, -4.493584940999768], [104.73653481911667, -4.492747809490463], [104.73652408841599, -4.493584934297238], [104.73673769013136, -4.495496147210055]]], [[[104.73653481911667, -4.492747809490463], [104.73653491355549, -4.492740442117685], [104.73653500036643, -4.49273367156326], [104.73653481911667, -4.492747809490463]]], [[[104.73653949400087, -4.492383156999919], [104.73653949466821, -4.492383152194999], [104.73653500036643, -4.49273367156326], [104.73653949400087, -4.492383156999919]]], [[[104.73681682900295, -4.489409510851995], [104.73683223700074, -4.484586966999658], [104.73677878101314, -4.481700349325364], [104.73681682900295, -4.489409510851995]]], [[[104.73677060700079, -4.481258948999797], [104.73684467576913, -4.4792812593323195], [104.73683223841715, -4.480226641146539], [104.7367706078773, -4.481258942346245], [104.73677814813804, -4.481666170280092], [104.73677060700079, -4.481258948999797]]], [[[104.73743312943543, -4.478331519583893], [104.73714038700074, -4.475681437999978], [104.73726412115474, -4.474782730612454], [104.73714038841825, -4.475681430653477], [104.73743312943543, -4.478331519583893]]], [[[104.73743312943543, -4.47355519681485], [104.73743312881311, -4.473555201334818], [104.73738389293906, -4.472856061230364], [104.73743312943543, -4.47355519681485]]], [[[104.73735609024159, -4.472461269760212], [104.73712497900073, -4.471475192999762], [104.7369554979813, -4.469441402598936], [104.73712498033365, -4.471475186330735], [104.73735609024159, -4.472461269760212]]], [[[104.77755302936237, -4.452752830130149], [104.77754545886884, -4.452836102154223], [104.77755302899998, -4.452752830999864], [104.77755302936237, -4.452752830130149]]], [[[104.77837964000007, -4.45227426599988], [104.77837963999914, -4.4524708753798174], [104.77837316550814, -4.452222470295855], [104.77837964000007, -4.45227426599988]]], [[[104.73709973933676, -4.45212556945618], [104.7420490182289, -4.445891381620785], [104.7428104457508, -4.441846297911077], [104.7484108081745, -4.4456477636389], [104.74827660068462, -4.447371893198232], [104.7476261813033, -4.446927956360066], [104.74692414083648, -4.447557730005202], [104.74848308322777, -4.447743564114153], [104.74687251435513, -4.449075380024731], [104.74635630979594, -4.450944048928644], [104.74472509428773, -4.450376220586064], [104.74407467310772, -4.451976461644343], [104.74314550076429, -4.451697714078199], [104.74318679583405, -4.452781746980017], [104.74047154742402, -4.45232748502536], [104.7382618681907, -4.454733927828445], [104.73738690787957, -4.46001201384331], [104.7380494267157, -4.461968768204072], [104.73738690600089, -4.4600120209998115], [104.73690938245618, -4.456456188486816], [104.73709973933676, -4.45212556945618]]], [[[104.77906057660618, -4.451712758722638], [104.77894522529887, -4.451578163701007], [104.77920624996854, -4.451882711629872], [104.77906057660618, -4.451712758722638]]], [[[104.7763058617262, -4.451389652210645], [104.7763019034895, -4.451369860051535], [104.77631520587761, -4.451436372707899], [104.7763058617262, -4.451389652210645]]], [[[104.78568862622916, -4.450969080658519], [104.78568726878797, -4.450951433317778], [104.7856886262815, -4.450969080658526], [104.78568862622916, -4.450969080658519]]], [[[104.78277374018242, -4.449402884876335], [104.78294775613409, -4.449968449084621], [104.7829676804277, -4.450068072665936], [104.78294775700003, -4.449968454999878], [104.78277374018242, -4.449402884876335]]], [[[104.78703730859199, -4.44996845418378], [104.7868197790001, -4.449533396999847], [104.78685048332196, -4.4494105800010795], [104.78703730859199, -4.44996845418378]]], [[[104.75993315169364, -4.4473580975980544], [104.76015067701218, -4.446749012856631], [104.76014208891822, -4.446697473019592], [104.76015068000011, -4.446749020999935], [104.75993315169364, -4.4473580975980544]]], [[[104.7489048972133, -4.446085592805678], [104.74878248282539, -4.446628554963806], [104.74882378059306, -4.446453044172589], [104.74886507656208, -4.446287857598527], [104.74892701736803, -4.446132995241501], [104.7489048972133, -4.446085592805678]]], [[[104.74964900663905, -4.446191656271431], [104.74953614707556, -4.445967809566687], [104.74961873991299, -4.446050405102089], [104.74964900663905, -4.446191656271431]]], [[[104.75231962392978, -4.44583539791206], [104.75231962400001, -4.445835397999852], [104.7523167245619, -4.445878889197218], [104.75231962392978, -4.44583539791206]]], [[[104.7502748480001, -4.445443844999975], [104.75075341184055, -4.445835391589974], [104.75080316523254, -4.4460344099381945], [104.75075341199998, -4.445835397999825], [104.7502748480001, -4.445443844999975]]], [[[104.7530419510368, -4.4455564381467285], [104.75301571760133, -4.445744845148451], [104.75301571695886, -4.445865669860176], [104.7530419510368, -4.4455564381467285]]], [[[104.75349428493759, -4.44596591080342], [104.75392933568739, -4.4450087879571525], [104.75392934100006, -4.445008785999855], [104.75379882299998, -4.445530855999877], [104.75349428493759, -4.44596591080342]]], [[[104.78708081542737, -4.450359997715674], [104.78708081391342, -4.450359998220345], [104.78704462500895, -4.450034299112843], [104.78708081542737, -4.450359997715674]]], [[[104.79482485868033, -4.448924312152245], [104.79460733, -4.448420461560127], [104.79460732998767, -4.448206925530388], [104.79482485868033, -4.448924312152245]]], [[[104.79456715974669, -4.447960433826899], [104.79460732976453, -4.448141207940227], [104.79443331082474, -4.447358101087684], [104.79456715974669, -4.447960433826899]]], [[[104.79707884815922, -4.447327386898199], [104.79704365973714, -4.447749649826453], [104.79704365950909, -4.447749649891612], [104.79707884815922, -4.447327386898199]]], [[[104.79652158800093, -4.447227578090232], [104.79652158900012, -4.447227584999852], [104.7964888599281, -4.447554874791149], [104.79652158800093, -4.447227578090232]]], [[[104.82053682900012, -4.446705514999911], [104.82053162413519, -4.44675234124754], [104.82053682643709, -4.4467055124369], [104.82053682900012, -4.446705514999911]]], [[[104.82100932143595, -4.44679053061934], [104.82101539626072, -4.446705511609096], [104.82100547032479, -4.4468444459136744], [104.82100932143595, -4.44679053061934]]], [[[104.79800078799813, -4.446865788279124], [104.79800078800011, -4.446792526999974], [104.79795728389594, -4.446183441833173], [104.79800078799813, -4.446865788279124]]], [[[104.82208992152911, -4.445479055435022], [104.8221803537372, -4.446192862249885], [104.82205953500007, -4.445661373999845], [104.82208992152911, -4.445479055435022]]], [[[104.81892711228333, -4.445400338546661], [104.81914464111236, -4.444958841277469], [104.81914464199994, -4.444621231949834], [104.81914464200011, -4.445052291999986], [104.81892711228333, -4.445400338546661]]], [[[104.80026309416648, -4.444921773999934], [104.80026309397962, -4.444994262821765], [104.80026309399999, -4.444921773999942], [104.80026309416648, -4.444921773999934]]], [[[104.82192902300241, -4.444704242999104], [104.82214654466294, -4.445139299325805], [104.82192901700012, -4.444704244999873], [104.82192902300241, -4.444704242999104]]], [[[104.82443236595051, -4.444852372448137], [104.82440885200003, -4.444617232999973], [104.82440885288474, -4.444617231584443], [104.82443236595051, -4.444852372448137]]], [[[104.81809296609345, -4.444496983516185], [104.81827452185178, -4.443442568119964], [104.81824129022476, -4.443110238064538], [104.81809296609345, -4.444496983516185]]], [[[104.82562701827231, -4.443399061617352], [104.82562701600011, -4.443399068999795], [104.8256451371698, -4.443326584482284], [104.82562701827231, -4.443399061617352]]], [[[104.80195982438647, -4.443051016790953], [104.8021704773263, -4.443713079766921], [104.80195982200006, -4.443051021999868], [104.80130723400005, -4.443138032999865], [104.8009591870001, -4.4426159629999145], [104.80130723134369, -4.443138025299561], [104.80195982438647, -4.443051016790953]]], [[[104.81009541779405, -4.442702970587786], [104.80974737300009, -4.443094528000016], [104.80970048825503, -4.443266439221917], [104.80974737324273, -4.44309452329355], [104.81009541779405, -4.442702970587786]]], [[[104.81457652488677, -4.442485440350765], [104.81457652500006, -4.442485444999956], [104.8142284823128, -4.442354922249618], [104.81457652488677, -4.442485440350765]]], [[[104.82714972158243, -4.442311417038244], [104.82714972200014, -4.442311421999865], [104.82684518983396, -4.442050379932721], [104.82714972158243, -4.442311417038244]]], [[[104.80944282709088, -4.4420938905452845], [104.80918519426278, -4.442281266144554], [104.80896427103858, -4.442441937790076], [104.80944282709088, -4.4420938905452845]]], [[[104.82706271127519, -4.441876357407913], [104.82706271073754, -4.441876357838025], [104.82707000361223, -4.441825307818883], [104.82706271127519, -4.441876357407913]]], [[[104.82606207488072, -4.441072945798307], [104.82671466285149, -4.441354284772382], [104.8271062141805, -4.441571818184793], [104.82632311000005, -4.44165883399997], [104.82606207500012, -4.441484809999943], [104.82606207488072, -4.441072945798307]]], [[[104.82580104000003, -4.439875092999984], [104.82580104261937, -4.439875089258068], [104.82597506287442, -4.440092622842772], [104.82580104000003, -4.439875092999984]]], [[[104.82806334644637, -4.439004968704299], [104.82806334506444, -4.43900497561376], [104.82806703760969, -4.43898282040559], [104.82806334644637, -4.439004968704299]]], [[[104.82810684935168, -4.438743935983845], [104.82745426300005, -4.438743940999799], [104.82736725100011, -4.438482904999995], [104.82745426080555, -4.438743933285822], [104.82810684935168, -4.438743935983845]]], [[[104.82671466300012, -4.438395893999951], [104.82658414600009, -4.437699799999849], [104.82614908849632, -4.437351747014766], [104.82658414514226, -4.437699795209317], [104.82671466285149, -4.438395887560092], [104.82701920387319, -4.438134852141676], [104.82741075700092, -4.437873814924564], [104.82784581393321, -4.438221865146884], [104.82671466300012, -4.438395893999951]]], [[[104.82832437856162, -4.437090714602239], [104.82832438000017, -4.437090716999828], [104.82833689732561, -4.437228407817041], [104.82832437856162, -4.437090714602239]]], [[[104.87591309244549, -4.471648591493089], [104.8721837650009, -4.480929147999809], [104.87171180400075, -4.482048186999898], [104.87115415600088, -4.482650692999955], [104.86810736700095, -4.492377894999836], [104.86159732562834, -4.508766781914579], [104.86810736836043, -4.492377889427981], [104.87115415633929, -4.482650687279366], [104.87501579214518, -4.472493174820098], [104.87591309244549, -4.471648591493089]]], [[[104.88150455500056, -4.438443255999916], [104.88149493600073, -4.452823527999759], [104.88076536500076, -4.4559655619999], [104.87577641018059, -4.470668644715797], [104.88149493444372, -4.452823519589692], [104.88150455500056, -4.438443255999916]]], [[[104.8790957311831, -4.4407016962262595], [104.87909573102513, -4.440701696226267], [104.87909566347597, -4.440701088287518], [104.8790957311831, -4.4407016962262595]]], [[[104.87909377020026, -4.440684048910064], [104.87892170800009, -4.439831586999858], [104.87892171107802, -4.439831584229726], [104.87905222557981, -4.440310145796566], [104.87909377020026, -4.440684048910064]]], [[[104.87478865100016, -4.440266636545908], [104.87478865127531, -4.43983158681643], [104.87478865127531, -4.4402666365959425], [104.87478865100016, -4.440266636545908]]], [[[104.87435358932173, -4.43957054664338], [104.87428957374571, -4.4396437157491135], [104.87404905545743, -4.439918593905725], [104.87435358932173, -4.43957054664338]]], [[[104.86687058239184, -4.439004970122915], [104.86691408800002, -4.438352387999934], [104.86691408919029, -4.438352387107235], [104.86687058239184, -4.439004970122915]]], [[[104.8361554353023, -4.4385264008136565], [104.83615543700002, -4.438526410999873], [104.83576389129058, -4.438656922978563], [104.8361554353023, -4.4385264008136565]]], [[[104.87296140604411, -4.438830946291082], [104.87352698068565, -4.438613417375275], [104.87364067862315, -4.438241828865203], [104.87352698000004, -4.438613422999856], [104.87296140604411, -4.438830946291082]]], [[[104.829716568, -4.437699799999864], [104.82962955716988, -4.438134852150505], [104.8297165645038, -4.437699795629592], [104.829716568, -4.437699799999864]]], [[[104.83411066100011, -4.43765629399996], [104.83376261926313, -4.438178356105197], [104.83411066100011, -4.437656288224292], [104.83411066100011, -4.43765629399996]]], [[[104.87275017280689, -4.438053564794684], [104.87283088383779, -4.4375692819999015], [104.87283088600016, -4.437569281999894], [104.87275017280689, -4.438053564794684]]], [[[104.82888995740569, -4.438004330835162], [104.828889957, -4.437569281999808], [104.82888995740569, -4.437569281774415], [104.82888995740569, -4.438004330835162]]], [[[104.83698567440338, -4.437790437076879], [104.83665547611272, -4.43726697149019], [104.83715606923427, -4.437960832234073], [104.83698567440338, -4.437790437076879]]], [[[104.86151936000014, -4.437609115036122], [104.86151935999726, -4.437540615285344], [104.86151936000014, -4.437612777808698], [104.86151936000014, -4.437609115036122]]], [[[104.86844919856968, -4.4374576383816215], [104.86843679542181, -4.437569275701501], [104.86843679458879, -4.437569276701128], [104.86844919856968, -4.4374576383816215]]], [[[104.87082961529457, -4.437612782204101], [104.8706120870001, -4.437047211999862], [104.87061209040824, -4.437047206887639], [104.87082961529457, -4.437612782204101]]], [[[104.83411065858009, -4.437003703882364], [104.83411066100011, -4.437003705999882], [104.83411066097722, -4.437591663537631], [104.83411065858009, -4.437003703882364]]], [[[104.86321608900012, -4.436873187999844], [104.8630855720416, -4.43739525328829], [104.86321608563651, -4.4368731863180395], [104.86321608900012, -4.436873187999844]]], [[[104.83311002880487, -4.436873179753375], [104.83327572543591, -4.437163161075845], [104.83313985370037, -4.436574911376019], [104.83311002880487, -4.436873179753375]]], [[[104.86125832591108, -4.436829674150098], [104.86125832500004, -4.436829681999867], [104.86117131300004, -4.436394622999957], [104.86125832591108, -4.436829674150098]]], [[[104.870525075, -4.436220599999905], [104.87052507427279, -4.436220593905262], [104.870699096686, -4.436307610842815], [104.870525075, -4.436220599999905]]], [[[104.83946188076706, -4.435611517187987], [104.83854826000002, -4.435219964999859], [104.83857566685862, -4.435082931301566], [104.83946188076706, -4.435611517187987]]], [[[104.8418112007264, -4.434175817959564], [104.84198522400008, -4.43356674199993], [104.84181120152921, -4.4341758186476845], [104.8418112007264, -4.434175817959564]]], [[[104.84011446331192, -4.433653746223334], [104.8397664240001, -4.433392717999845], [104.8397664240001, -4.433392711793232], [104.84011446331192, -4.433653746223334]]], [[[104.83976642396762, -4.433318086788154], [104.8397664240001, -4.432827141999842], [104.83976642478073, -4.432827142155972], [104.83976642396762, -4.433318086788154]]]]}}, {"type": "Feature", "properties": {"NAMOBJ": "PT ANUGERAH PRATAMA INSPIRASI", "ORGANISASI": null}, "geometry": {"type": "MultiPolygon", "coordinates": [[[[101.72785673413561, -3.0892856269143993], [101.72923711270266, -3.090405652898531], [101.73054384202476, -3.0914258798004557], [101.73118007639948, -3.091957791918497], [101.73133245393424, -3.0920851862883474], [101.7282428620001, -3.0896297059999065], [101.72785673413561, -3.0892856269143993]]], [[[101.72756345096663, -3.089027809885614], [101.72553063300005, -3.087302703000011], [101.72273408036288, -3.0850450327462666], [101.72553063333214, -3.0873027031571425], [101.72756345096663, -3.089027809885614]]], [[[101.71972155700433, -3.082538266727571], [101.7219488827614, -3.08442189565824], [101.71502841732803, -3.078572997637621], [101.71972155700433, -3.082538266727571]]], [[[101.72758316300005, -3.0808525009999315], [101.72758316323245, -3.080852501042054], [101.72758237503002, -3.0808524980038543], [101.72758316300005, -3.0808525009999315]]], [[[101.73332526363662, -3.0806445235726434], [101.73247516040038, -3.080737606355395], [101.73233831925936, -3.080753851979541], [101.73332526363662, -3.0806445235726434]]], [[[101.73662900842209, -3.0805257341752417], [101.73577983526016, -3.0806043941678434], [101.7380629268253, -3.080435645294702], [101.73662900842209, -3.0805257341752417]]], [[[101.74244969135336, -3.0804469185263468], [101.74432703400007, -3.080452688999993], [101.74496590641012, -3.0805067387755494], [101.74432703426527, -3.080452689439986], [101.74244969135336, -3.0804469185263468]]], [[[101.72685195027877, -3.079938628755771], [101.72573089600009, -3.0787739749999097], [101.72669219900006, -3.079734801999912], [101.72685195027877, -3.079938628755771]]], [[[101.71479687572022, -3.078377364497064], [101.71262446466594, -3.0766273431736626], [101.71424244103588, -3.0779089165632185], [101.71479687572022, -3.078377364497064]]], [[[101.72452172709609, -3.077918754247041], [101.722914255, -3.0763241169999733], [101.72452172700005, -3.0779187539999358], [101.72462900053004, -3.077994626676572], [101.72452172709609, -3.077918754247041]]], [[[101.7114759690408, -3.0757050109774062], [101.71147596900005, -3.075705010999999], [101.70903271439548, -3.0736561218281477], [101.7114759690408, -3.0757050109774062]]], [[[101.70903271439548, -3.0736561218281477], [101.7090164140763, -3.0736425192868015], [101.70884923980564, -3.073503012961514], [101.70903271439548, -3.0736561218281477]]], [[[101.70828248000005, -3.0730300539999194], [101.70828248005245, -3.0730300539937594], [101.70884923980564, -3.073503012961514], [101.70828248000005, -3.0730300539999194]]], [[[101.70819928613365, -3.072961449183794], [101.7075529715924, -3.072428474094752], [101.70721498344655, -3.072149755872981], [101.70819928613365, -3.072961449183794]]], [[[101.71746122446734, -3.0708719895401404], [101.71862947300005, -3.072054879999974], [101.71881206106667, -3.0722131904440344], [101.71862947337155, -3.072054880428369], [101.71746122446734, -3.0708719895401404]]], [[[101.70026479762336, -3.0663411002267957], [101.70721498344655, -3.072149755872981], [101.70399045200011, -3.069490684999903], [101.70026479762336, -3.0663411002267957]]], [[[101.71293875412027, -3.066072482259185], [101.71282431591247, -3.065961360688275], [101.71310088141288, -3.06629357187178], [101.71293875412027, -3.066072482259185]]], [[[101.69970270041932, -3.0658774435890934], [101.69970269800008, -3.065877445000002], [101.69970269816085, -3.0658774417266055], [101.69970270041932, -3.0658774435890934]]], [[[101.70971347629545, -3.062874160337509], [101.7102204750001, -3.0634847159998997], [101.71040492874064, -3.06365529924749], [101.71022047499497, -3.063484716346529], [101.70971347629545, -3.062874160337509]]], [[[101.70868796188, -3.0617643411513815], [101.70830883028898, -3.0613603165829457], [101.70885852929086, -3.0619460049668414], [101.70868796188, -3.0617643411513815]]], [[[101.74470843009306, -3.056885771378595], [101.74350281100008, -3.0560743209999592], [101.74284106663737, -3.0556835531430284], [101.74350281100601, -3.056074320673299], [101.74470843009306, -3.056885771378595]]], [[[101.74076860167523, -3.0543146226605145], [101.74004834912215, -3.053615287730735], [101.74044743540088, -3.054002782702184], [101.74076860167523, -3.0543146226605145]]], [[[101.73496202237948, -3.0463694028256385], [101.73541159167166, -3.048343558608276], [101.73777768459252, -3.050768995992306], [101.7400070824413, -3.05356815901329], [101.73541159100003, -3.0483435589998935], [101.73496202237948, -3.0463694028256385]]], [[[101.73508262056657, -3.0420819910909827], [101.73510151442343, -3.044746120237225], [101.73496226699923, -3.0462882182805733], [101.73510151300005, -3.0447461199999526], [101.73507761100011, -3.0437447609999713], [101.73508262000007, -3.042081990999967], [101.73496567400008, -3.042003098999926], [101.73496961651499, -3.0406934512909705], [101.73496567542566, -3.0420030989637907], [101.73508262056657, -3.0420819910909827]]], [[[101.73517772027566, -3.0387504831482506], [101.73509395520894, -3.039381201891977], [101.73614414340017, -3.037603819416297], [101.73517772027566, -3.0387504831482506]]], [[[101.73772989730011, -3.0343312512080365], [101.73626028008789, -3.0374660228386587], [101.7362602800298, -3.0374660229076005], [101.7368047150001, -3.035773267999963], [101.73772989730011, -3.0343312512080365]]], [[[101.73884286887304, -3.0321102556167117], [101.7391095300001, -3.031578115999964], [101.73952855733793, -3.031010006601857], [101.73910953018071, -3.0315781164368887], [101.73884286887304, -3.0321102556167117]]], [[[101.74107256314835, -3.028940770899802], [101.74096822361945, -3.0290797559495335], [101.74223255963567, -3.027415888938813], [101.74107256314835, -3.028940770899802]]], [[[101.74375976440166, -3.025517757838202], [101.74323925568717, -3.0258295887644504], [101.74235857003455, -3.0272502409443156], [101.74323925500003, -3.0258295889999456], [101.74375976440166, -3.025517757838202]]], [[[101.74422763917032, -3.0252374558657147], [101.74425234294775, -3.0252226560312745], [101.74425234287139, -3.0252226561006483], [101.74422763917032, -3.0252374558657147]]], [[[101.74146137244446, -3.0053933622138493], [101.74234233801205, -3.006361827278602], [101.74132950580487, -3.0052483992269154], [101.74146137244446, -3.0053933622138493]]], [[[101.74104952014194, -3.0049406054878642], [101.7385082540001, -3.0021469239999377], [101.73856054800007, -3.0017606809999533], [101.738876426, -3.0015397939999766], [101.73931848706886, -3.001287594982902], [101.73850825425258, -3.002146923841399], [101.74104952014194, -3.0049406054878642]]], [[[101.74091663959132, -3.0014010890889127], [101.74091663900006, -3.0014010889999474], [101.7409882769876, -3.0013774023031154], [101.74091663959132, -3.0014010890889127]]], [[[101.73976288707047, -3.0012173076718054], [101.73969779846472, -3.001193935118426], [101.73969841000007, -3.0011940009999662], [101.73976288707047, -3.0012173076718054]]], [[[101.7411479950001, -3.0009765619999005], [101.74097431133748, -3.000772408465538], [101.74107275138638, -3.0012760334091344], [101.7411479950001, -3.0009765619999005]]], [[[101.74093055659995, -3.000720977690949], [101.74093055673163, -3.000720977845725], [101.7407129896885, -3.000595939375123], [101.74093055659995, -3.000720977690949]]], [[[101.74026306538822, -3.00026504929253], [101.74026306500008, -3.0002650489999203], [101.74020958001694, -2.9991989139731863], [101.74026306538822, -3.00026504929253]]], [[[101.74058723501292, -2.9985980983235603], [101.74058723500008, -2.998598097999927], [101.74068332453943, -2.998574075736148], [101.74058723501292, -2.9985980983235603]]], [[[101.74122047644391, -2.998439788865138], [101.74098071088994, -2.998499729515356], [101.74136422054085, -2.9983864290172915], [101.74122047644391, -2.998439788865138]]], [[[101.74186915240642, -2.9971509230490834], [101.74147224400011, -2.9983463287495185], [101.74147224500011, -2.998029708999973], [101.74186915240642, -2.9971509230490834]]], [[[101.74197959957894, -2.9966373442380263], [101.74197959900008, -2.9966373439999785], [101.74213300701967, -2.9962553581442415], [101.74197959957894, -2.9966373442380263]]], [[[101.74141703583996, -2.9945619992918937], [101.74209162800011, -2.99607229399994], [101.74167060900001, -2.995590209999935], [101.74141703583996, -2.9945619992918937]]], [[[101.74324645116286, -2.9949871872088982], [101.74324645100009, -2.99498718699995], [101.74330057589087, -2.994992243357873], [101.74324645116286, -2.9949871872088982]]], [[[101.7437511295296, -2.9948357238436625], [101.74330908444676, -2.9949930381981127], [101.74330908206784, -2.9949930379758736], [101.7437511295296, -2.9948357238436625]]], [[[101.7447791507616, -2.9942873235846728], [101.74397468600004, -2.994424819999958], [101.74428749000008, -2.9942665099999215], [101.7447791507616, -2.9942873235846728]]], [[[101.7423044570041, -2.9935640000269665], [101.74230443325546, -2.99356398014544], [101.74230445700005, -2.993563999999962], [101.7423044570041, -2.9935640000269665]]], [[[101.74158240700008, -2.992960693999957], [101.74120604492617, -2.994127899445974], [101.7412357330001, -2.9934978489999122], [101.74158240700008, -2.992960693999957]]], [[[101.74348939312108, -2.9892258307074777], [101.7457499087658, -2.9921368668862476], [101.74179789547274, -2.9869092161254094], [101.74348939312108, -2.9892258307074777]]], [[[101.72776702844185, -2.96782633909558], [101.73504829524268, -2.977855682293859], [101.73587177912971, -2.978960151269253], [101.72776702844185, -2.96782633909558]]], [[[101.72122797629015, -2.9593471993137523], [101.72229266525419, -2.9607275792150856], [101.72122797600011, -2.959347199000021], [101.72193005482347, -2.959069052999269], [101.72122797629015, -2.9593471993137523]]], [[[101.72236478635942, -2.9588392797369822], [101.72287178000005, -2.957708358999952], [101.72303393352617, -2.957442427558897], [101.72287941035654, -2.958419800433371], [101.72236478635942, -2.9588392797369822]]], [[[101.7235889430753, -2.9572525020013285], [101.72358894300005, -2.957252501999982], [101.72358906934939, -2.9572525002782313], [101.7235889430753, -2.9572525020013285]]], [[[101.72400665298471, -2.957247973015505], [101.72400298441839, -2.9572480105174304], [101.72401153742074, -2.9572480428490913], [101.72400665298471, -2.957247973015505]]], [[[101.72464032400009, -2.957088436999913], [101.72467970830196, -2.9570528237287586], [101.72464032429161, -2.9570884368818042], [101.72445682302401, -2.9572543779871077], [101.7244568228078, -2.9572543781708958], [101.72464032400009, -2.957088436999913]]], [[[101.72520151182239, -2.9563213247557125], [101.72470283526769, -2.9570331582535765], [101.72469165175393, -2.9570424773718176], [101.72501564000007, -2.9564208980000135], [101.72520151182239, -2.9563213247557125]]], [[[101.72538757325303, -2.956221818908575], [101.72537748693655, -2.956227203053838], [101.72538757300003, -2.956221818999959], [101.72538757325303, -2.956221818908575]]], [[[101.72763566873704, -2.9546630179688522], [101.72653389002704, -2.955141068305628], [101.72604560941738, -2.9559841161739717], [101.72604370105603, -2.955984831135029], [101.72559798642476, -2.9561458194511046], [101.72653389000001, -2.955141067999901], [101.72763566873704, -2.9546630179688522]]], [[[101.72818946816949, -2.952329635604148], [101.72818946816949, -2.9526977541979735], [101.72802925124898, -2.953353881576333], [101.72809028643763, -2.953710556297099], [101.72773170409111, -2.954599379766066], [101.72809028600008, -2.9537105560000105], [101.7280292510001, -2.9533538819999112], [101.72818946800004, -2.9526977539998875], [101.72818946800004, -2.9523296359999756], [101.72796821600011, -2.9520339959999493], [101.72783851700004, -2.9513683319999284], [101.72805238413451, -2.9507517912422743], [101.72818946816949, -2.952329635604148]]], [[[101.72746117512571, -2.948343744244423], [101.72807502943914, -2.949907301780521], [101.72808155471914, -2.9505551301825115], [101.72807502700007, -2.949907301999935], [101.72769355800004, -2.949554443999945], [101.72736553500008, -2.948396793000011], [101.72746117512571, -2.948343744244423]]], [[[101.72763824400982, -2.9482455264098926], [101.72763824400008, -2.948245525999914], [101.72797147543439, -2.947934609181463], [101.72763824400982, -2.9482455264098926]]], [[[101.72801208498981, -2.9478967189583694], [101.72557286800007, -2.945441697000012], [101.72557286822102, -2.9454416966048664], [101.72801208498981, -2.9478967189583694]]], [[[101.72557328022417, -2.945440959791466], [101.72557348682669, -2.9454405903100214], [101.72557348692693, -2.9454405904109033], [101.72557328022417, -2.945440959791466]]], [[[101.71862622113167, -2.9384481511324028], [101.72257493138802, -2.9424225366706844], [101.72551943407062, -2.945386186425246], [101.71862622113167, -2.9384481511324028]]], [[[101.7186247290001, -2.9384485149999557], [101.71851016200013, -2.937952445999941], [101.71831832250238, -2.937340044523087], [101.71851016211434, -2.937952445648821], [101.7186247290001, -2.9384485149999557]]], [[[101.71816063000007, -2.9367523189999423], [101.71816063070861, -2.9367523192640963], [101.71829404271513, -2.9372625368246013], [101.71816063000007, -2.9367523189999423]]], [[[101.71784019412533, -2.936265944189988], [101.71761512800005, -2.9356174449999224], [101.71684495100001, -2.9344163629999307], [101.71682544973166, -2.9343786621603996], [101.71761512803579, -2.935617444989028], [101.71784019412533, -2.936265944189988]]], [[[101.71655005790663, -2.9338444201283496], [101.71666381528291, -2.9340651332992205], [101.71680600576977, -2.9343410144557738], [101.71655005790663, -2.9338444201283496]]], [[[101.71655845610793, -2.9329242713379764], [101.71655742592117, -2.9329371475009367], [101.71654412988934, -2.9328101053949163], [101.71655845610793, -2.9329242713379764]]], [[[101.71652445633868, -2.9326533271892563], [101.71653594825477, -2.9327449057855057], [101.71651913012053, -2.9326108882428743], [101.71652445633868, -2.9326533271892563]]], [[[101.71630668600007, -2.9318218219999346], [101.7161808020025, -2.9310779559828584], [101.7163066864045, -2.931821822119334], [101.71649742091932, -2.932437894593139], [101.71650712039997, -2.9325151870919206], [101.71630668600007, -2.9318218219999346]]], [[[101.71510089178209, -2.9294193854801858], [101.71553993342127, -2.929779051661846], [101.7160122233432, -2.930736284423864], [101.71553993200004, -2.9297790519999407], [101.71510089178209, -2.9294193854801858]]], [[[101.71510089178209, -2.9294193854801858], [101.7150860455846, -2.9294072233645965], [101.71505451230607, -2.9293813909091986], [101.71510089178209, -2.9294193854801858]]], [[[101.71441459735587, -2.9288043961059285], [101.71505451230607, -2.9293813909091986], [101.71486473100003, -2.929225920000004], [101.71441459700011, -2.9288043959999417], [101.71407340788761, -2.9285412760695277], [101.71441459735587, -2.9288043961059285]]], [[[101.71259011792957, -2.9265714893487784], [101.71270942699852, -2.9273090366826264], [101.71366720588226, -2.9282212894259723], [101.71259011792957, -2.9265714893487784]]], [[[101.71242350643973, -2.9258182952780705], [101.71258621018995, -2.926547332326382], [101.71242350615105, -2.9258182946984856], [101.71242350643973, -2.9258182952780705]]], [[[101.71146117723568, -2.9224415938526875], [101.71125115075758, -2.9222557317906674], [101.71136746313795, -2.922358660923406], [101.71146117723568, -2.9224415938526875]]], [[[101.71061897143073, -2.920998763119085], [101.71095364729302, -2.921570226184934], [101.71102296036875, -2.9217459396872387], [101.71061897143073, -2.920998763119085]]], [[[101.70845981609942, -2.9166224246874184], [101.7105059683758, -2.9208058078416963], [101.71057672675802, -2.920926629699336], [101.70982171900005, -2.9197287349999583], [101.70845981609942, -2.9166224246874184]]], [[[101.7080703992296, -2.9160417877982323], [101.70839299594007, -2.916522792892528], [101.7083953788295, -2.9165263459033905], [101.70810067500011, -2.9162476239999755], [101.7080703992296, -2.9160417877982323]]], [[[101.74791856900005, -3.1040034509999255], [101.74791856858712, -3.1040034507985825], [101.74826307207806, -3.1038171624022897], [101.74791856900005, -3.1040034509999255]]], [[[101.74874435396885, -3.103537651441407], [101.74874435500007, -3.103537650999934], [101.74865682679541, -3.103588762724757], [101.74874435396885, -3.103537651441407]]], [[[101.74982249000001, -3.1028283049999485], [101.74982249001596, -3.102828304882335], [101.74986041568275, -3.102801312108709], [101.74982249000001, -3.1028283049999485]]], [[[101.75076428794159, -3.1022600412678725], [101.75079869754741, -3.1022398246382843], [101.75076362486142, -3.102260430988299], [101.75076428794159, -3.1022600412678725]]], [[[101.7513895209097, -3.101856948039656], [101.75138952200008, -3.10185694799996], [101.75130712766382, -3.101917343406055], [101.7513895209097, -3.101856948039656]]], [[[101.75204603629246, -3.1014127816474386], [101.75231596021348, -3.101191120573735], [101.75246695931062, -3.1010668839069258], [101.75204603629246, -3.1014127816474386]]], [[[101.75282692891972, -3.1007707126981865], [101.75303652401641, -3.1006064946939276], [101.75306046529735, -3.100585055549485], [101.75303652500011, -3.1006064939999645], [101.752826929, -3.1007707129999593], [101.75267206737999, -3.1008981279295322], [101.75282692891972, -3.1007707126981865]]], [[[101.75375842400007, -3.099930132999966], [101.75375842331266, -3.099930132569518], [101.75391353660882, -3.099774786648276], [101.75375842400007, -3.099930132999966]]], [[[101.75435000095183, -3.0993505878593126], [101.75435000100008, -3.0993505879999694], [101.75432488088707, -3.0993761685637207], [101.75435000095183, -3.0993505878593126]]], [[[101.75520555389323, -3.098348109977225], [101.75538876573316, -3.0981512195174203], [101.75509483239804, -3.098476365738256], [101.75520555389323, -3.098348109977225]]], [[[101.75540322128171, -3.0981356847140162], [101.75540349244973, -3.098135410716491], [101.75540322126085, -3.098135684736423], [101.75540322128171, -3.0981356847140162]]], [[[101.75573894100006, -3.097775042999986], [101.75566886281975, -3.097854434675869], [101.75581738213593, -3.0976851813536292], [101.75573894100006, -3.097775042999986]]], [[[101.75633023974882, -3.0970887497459825], [101.75633024000007, -3.0970887499999584], [101.75621102110952, -3.0972203178791213], [101.75633023974882, -3.0970887497459825]]], [[[101.75672593800002, -3.096499434999956], [101.75672593695248, -3.0964994348010495], [101.75683871193706, -3.0963093720798125], [101.75685690026215, -3.096281394264804], [101.75672593800002, -3.096499434999956]]], [[[101.75774332300008, -3.0948125849999233], [101.75774332199677, -3.0948125854324], [101.75784416073863, -3.0946491126663305], [101.75774332300008, -3.0948125849999233]]], [[[101.75818985517776, -3.0940570820686197], [101.75818985600009, -3.0940570809999333], [101.75818107374164, -3.0940720990504618], [101.75818985517776, -3.0940570820686197]]], [[[101.75810044368058, -3.093659300236479], [101.75810044400006, -3.09365929999998], [101.75813236157207, -3.093705466820996], [101.75810044368058, -3.093659300236479]]], [[[101.758894887689, -3.093656697598475], [101.75899151994064, -3.0936435427150335], [101.75888488364365, -3.0936455599483708], [101.758894887689, -3.093656697598475]]], [[[101.75801679613373, -3.0934953245141794], [101.75803266629391, -3.0935563813163376], [101.75801679593843, -3.093495325049153], [101.75801679613373, -3.0934953245141794]]], [[[101.75812923367727, -3.093400978072615], [101.75812923400004, -3.0934009780000173], [101.7581195248558, -3.093406530500995], [101.75812923367727, -3.093400978072615]]], [[[101.75890661035186, -3.0933927106050936], [101.75890993499156, -3.0934165779896854], [101.75889540372403, -3.0933617829621083], [101.75890661035186, -3.0933927106050936]]], [[[101.75824853500005, -3.0933606609999633], [101.75817566990725, -3.0933852852874546], [101.75836071968835, -3.0933048081428103], [101.75824853500005, -3.0933606609999633]]], [[[101.75884431100006, -3.093287398999944], [101.7588160364902, -3.093277262586419], [101.75888422818404, -3.093330941109857], [101.75884431100006, -3.093287398999944]]], [[[101.75947906031047, -3.09329249015627], [101.759479061, -3.093292489999917], [101.75940415814473, -3.0933589856288566], [101.75947906031047, -3.09329249015627]]], [[[101.75869277675031, -3.093251937926546], [101.75869277600005, -3.0932519379999412], [101.7586914699105, -3.093251971769613], [101.75869277675031, -3.093251937926546]]], [[[101.75982457800008, -3.09298450699993], [101.75982457714258, -3.092984507429028], [101.75996288917187, -3.0928372649845755], [101.75982457800008, -3.09298450699993]]], [[[101.76015230988128, -3.0925955029800383], [101.7601523110001, -3.0925955029998855], [101.76010780830887, -3.0926659954202953], [101.76015230988128, -3.0925955029800383]]], [[[101.76043777987968, -3.0922533828872427], [101.76043778000009, -3.0922533829999197], [101.76035815151054, -3.092331990354988], [101.76043777987968, -3.0922533828872427]]], [[[101.76112003300005, -3.091638984999969], [101.7611200325635, -3.091638984951153], [101.76121684229305, -3.0915663208879347], [101.76112003300005, -3.091638984999969]]], [[[101.76161155257442, -3.0912666351836453], [101.76200421901956, -3.090961192005348], [101.76219392984409, -3.090807422719198], [101.76161155257442, -3.0912666351836453]]], [[[101.76255145918253, -3.090509271885373], [101.7625514600001, -3.090509271999929], [101.762485704733, -3.0905665446527246], [101.76255145918253, -3.090509271885373]]], [[[101.76305950100003, -3.090086542999958], [101.76299540273737, -3.0901385250351128], [101.7632030602907, -3.089994270318455], [101.76305950100003, -3.090086542999958]]], [[[101.76332880200002, -3.0898889149999453], [101.76321112602342, -3.089988783970117], [101.76339546283552, -3.089807521084207], [101.76332880200002, -3.0898889149999453]]], [[[101.76372975900007, -3.0892357639999966], [101.7636211074313, -3.089469730581687], [101.76383775568175, -3.089087649992124], [101.76372975900007, -3.0892357639999966]]], [[[101.7650018578653, -3.0878581010422033], [101.76498559766206, -3.0878631974424273], [101.76500185724997, -3.0878581010704744], [101.7650018578653, -3.0878581010422033]]], [[[101.76534713756043, -3.0878592755850636], [101.76534713800004, -3.0878592759999623], [101.76513631544223, -3.0878530231085577], [101.76534713756043, -3.0878592755850636]]], [[[101.76512176026108, -3.087852590924287], [101.7651218697623, -3.087852594258453], [101.76511337205716, -3.0878529764615372], [101.76512176026108, -3.087852590924287]]], [[[101.74654782212883, -3.080447581834807], [101.74656405700006, -3.080430406999924], [101.74656405730269, -3.080430407025195], [101.74654782212883, -3.080447581834807]]], [[[101.74667627910506, -3.080421096393264], [101.7473845750001, -3.080313778999945], [101.74810812650867, -3.0802819096020593], [101.74738457543788, -3.0803137792574344], [101.74667627910506, -3.080421096393264]]], [[[101.74999597500006, -3.08015801399994], [101.7506693342959, -3.0800033788195704], [101.7490628669149, -3.0802235628995756], [101.74999597500006, -3.08015801399994]]], [[[101.75493735357605, -3.0798428996300826], [101.7549373540001, -3.0798428989999866], [101.75500352497579, -3.079838945561152], [101.75493735357605, -3.0798428996300826]]], [[[101.75456074628147, -3.0798069744122967], [101.75456074600001, -3.079806973999938], [101.75459114948862, -3.0798257382478207], [101.75456074628147, -3.0798069744122967]]], [[[101.75298920438831, -3.0797699160487513], [101.75298672462178, -3.0797699974096187], [101.75300465192983, -3.0797702802428137], [101.75298920438831, -3.0797699160487513]]], [[[101.7549619410186, -3.079382728161562], [101.75498822822419, -3.0796109419913527], [101.75500840541366, -3.079838653930665], [101.7549619410186, -3.079382728161562]]], [[[101.75480508900007, -3.0789251519999845], [101.7547851082215, -3.0786772170120695], [101.75495488523016, -3.079360874618901], [101.75480508900007, -3.0789251519999845]]], [[[101.75492163600003, -3.0784311159999644], [101.7554325148987, -3.0779072744011278], [101.75487882633335, -3.0784750121112765], [101.75492163600003, -3.0784311159999644]]], [[[101.75427556703691, -3.076389996890496], [101.75527448602878, -3.077132944629629], [101.75537516872915, -3.077626277630535], [101.75542187762282, -3.077855151686128], [101.75427556703691, -3.076389996890496]]], [[[101.75419858358563, -3.076170439871944], [101.75427104600924, -3.0745851209927157], [101.75421974674396, -3.0759044653187897], [101.75419858358563, -3.076170439871944]]], [[[101.75476331417964, -3.071992866753224], [101.75458212226721, -3.0727457081478597], [101.75441980099066, -3.073390082058072], [101.75471217300012, -3.0721657219999994], [101.75476331417964, -3.071992866753224]]], [[[101.75523344456786, -3.0694911012332757], [101.75514880100009, -3.0703766439999334], [101.75523344400008, -3.0694911009999397], [101.75608259329192, -3.069653538199016], [101.75523344456786, -3.0694911012332757]]], [[[101.75648374700005, -3.0696883770000083], [101.75650910642644, -3.069140363319636], [101.75632343167717, -3.0696744541930117], [101.75648374700005, -3.0696883770000083]]], [[[101.75653769811582, -3.0683710841542733], [101.75655956800001, -3.065819377999993], [101.75659228383448, -3.064860062362199], [101.75658843330962, -3.0668835052695185], [101.75658080166272, -3.0671072898695115], [101.75655324733458, -3.0679151922323054], [101.75653769811582, -3.0683710841542733]]], [[[101.75659855297822, -3.0646699168483704], [101.75663012999327, -3.0636915172118124], [101.75663013037627, -3.0636915172496524], [101.75659855297822, -3.0646699168483704]]], [[[101.75608367262345, -3.063637516558117], [101.75655313213173, -3.063683908339114], [101.75597529054342, -3.0636268078511124], [101.75608367262345, -3.063637516558117]]], [[[101.74715265400728, -3.0582457450079885], [101.75262761037595, -3.061454522907867], [101.7536837305001, -3.06252267784528], [101.75262761000003, -3.061454522999966], [101.74776000700007, -3.0589247059999876], [101.74715265400728, -3.0582457450079885]]], [[[101.74651245068912, -3.0578246307020995], [101.74714984632051, -3.0582438981640494], [101.74651245000005, -3.0578246309999315], [101.7459997620001, -3.0576618519999523], [101.74550534284452, -3.0573698919016454], [101.74651245068912, -3.0578246307020995]]], [[[101.74461644300003, -3.024797555000004], [101.74489478796414, -3.0246390401595082], [101.74425234306261, -3.0252226559269433], [101.74461644300003, -3.024797555000004]]], [[[101.74518271471881, -3.02453518077819], [101.74499596200008, -3.0245471309999665], [101.74518270900008, -3.02453517999996], [101.74518271471881, -3.02453518077819]]], [[[101.74584852097065, -3.024492573019986], [101.74675327400008, -3.0230613349999658], [101.74683299158639, -3.0230260038079493], [101.74600743189751, -3.0244824043394343], [101.74584852097065, -3.024492573019986]]], [[[101.74736084199999, -3.0227920579999754], [101.7482435502224, -3.0204918320339016], [101.74712062959547, -3.0228985213067125], [101.74736084199999, -3.0227920579999754]]], [[[101.7482614020873, -3.0204945539805976], [101.74831760194644, -3.0204820712808758], [101.7482614027416, -3.020494554080363], [101.7482614020873, -3.0204945539805976]]], [[[101.74868456074392, -3.020177168941126], [101.74854631385493, -3.020342348498007], [101.74881573837841, -3.0200075204867427], [101.74868456074392, -3.020177168941126]]], [[[101.74912816213504, -3.0196752932801068], [101.74893950000005, -3.019873584999992], [101.74912816200003, -3.019675293000011], [101.74915807398011, -3.0196388725037124], [101.74912816213504, -3.0196752932801068]]], [[[101.74935378944588, -3.019367554269195], [101.75095153400008, -3.0169062409999707], [101.75125519187755, -3.0168292690310614], [101.75095153398615, -3.016906241130067], [101.74935378944588, -3.019367554269195]]], [[[101.75126286688192, -3.016780838104123], [101.75157621000008, -3.01582330599999], [101.75210232329317, -3.014997152387423], [101.75126286688192, -3.016780838104123]]], [[[101.75632398801768, -3.009118010875509], [101.7569442977412, -3.010372306736536], [101.75577447940879, -3.011541380430291], [101.75506291332283, -3.011961612038697], [101.75408137975194, -3.0129550877070903], [101.75345255039497, -3.013470331790365], [101.75220181603906, -3.0148275388971864], [101.75345255000008, -3.0134703319999], [101.75506291300009, -3.011961611999946], [101.75577447900008, -3.0115413799998936], [101.75694429700006, -3.010372306999989], [101.75632398801768, -3.009118010875509]]], [[[101.75632398801768, -3.009118010875509], [101.75541364892081, -3.0080822281123067], [101.7552836663859, -3.0079343338861597], [101.75632398801768, -3.009118010875509]]], [[[101.7552836663859, -3.0079343338861597], [101.75419266100002, -3.0069504709999233], [101.7537898189509, -3.0064896400604413], [101.75419266096259, -3.006950470887497], [101.75499804432434, -3.007609352889292], [101.7552836663859, -3.0079343338861597]]], [[[101.74750691947395, -3.004706642763094], [101.75195594630993, -3.005058687608305], [101.75313026215196, -3.0058226077271115], [101.75371288217097, -3.006411831416383], [101.75195594600005, -3.00505868799998], [101.74750691947395, -3.004706642763094]]], [[[101.74439058899999, -3.0056274569999597], [101.74590480756086, -3.0051250620718952], [101.74743839539217, -3.0047242409089585], [101.74590480800005, -3.0051250619999728], [101.74439058899999, -3.0056274569999597]]], [[[101.74567985500009, -2.9934463499999184], [101.74587058996823, -2.9922752381965627], [101.74554980450449, -2.994175009170853], [101.74567985500009, -2.9934463499999184]]], [[[101.76561536128011, -2.9076664673902197], [101.76574260400008, -2.9076952819999566], [101.76574260451761, -2.9076952822030866], [101.76561536128011, -2.9076664673902197]]], [[[101.76233770022475, -2.9068509314253173], [101.76228464737629, -2.9067771436839682], [101.76235714349905, -2.9068779738268877], [101.76233770022475, -2.9068509314253173]]], [[[101.76183088842814, -2.9062316258239647], [101.76165633966838, -2.9060540997168687], [101.76154424499175, -2.9058533609973396], [101.76183088842814, -2.9062316258239647]]], [[[101.7595733691556, -2.9058035579221384], [101.75934478900008, -2.90585924799993], [101.75948715700004, -2.9058232039999665], [101.7595733691556, -2.9058035579221384]]], [[[101.75972250139239, -2.9057670514082505], [101.75963983327627, -2.905787953131638], [101.75977336571614, -2.9057436146283355], [101.75972250139239, -2.9057670514082505]]], [[[101.75865600706913, -2.905729005589076], [101.75864796646282, -2.905724607676924], [101.75865600796222, -2.9057290059793015], [101.75865600706913, -2.905729005589076]]], [[[101.75993568600003, -2.9056540210000033], [101.75998953103749, -2.9056091731196383], [101.75986798037114, -2.9056945232959848], [101.75993568600003, -2.9056540210000033]]], [[[101.75829228396958, -2.9054133519963843], [101.75829228400004, -2.9054133519998953], [101.75829234139005, -2.9054134030559062], [101.75829228396958, -2.9054133519963843]]], [[[101.76987112420376, -3.088825881009909], [101.77032779800003, -3.0888558089999076], [101.7701138140001, -3.088857408999948], [101.76993285500004, -3.0888376239999102], [101.76987112420376, -3.088825881009909]]], [[[101.77069869128574, -3.088834695202419], [101.77122118599475, -3.088743178540426], [101.77077482000007, -3.0888271029999337], [101.77069869128574, -3.088834695202419]]], [[[101.77144178730869, -3.088700651613753], [101.7714417870001, -3.0887006519999574], [101.7713431592349, -3.0887211709085927], [101.77144178730869, -3.088700651613753]]], [[[101.77199244399617, -3.0885713866601407], [101.7719924450001, -3.088571386999915], [101.77186919414915, -3.0886034746195676], [101.77199244399617, -3.0885713866601407]]], [[[101.78310328998492, -3.0884524738025902], [101.78310550886202, -3.088452808390277], [101.78308846198466, -3.0884502389905832], [101.78310328998492, -3.0884524738025902]]], [[[101.76903245138658, -3.08843936888172], [101.76903245100007, -3.0884393689999152], [101.76895297002078, -3.088408943913999], [101.76903245138658, -3.08843936888172]]], [[[101.78334614510948, -3.088444237505436], [101.78350249100005, -3.088360456999958], [101.78338173800009, -3.088435369999937], [101.78334614510948, -3.088444237505436]]], [[[101.78294157299524, -3.088361344600337], [101.78308743491287, -3.0884496174364475], [101.78283311051834, -3.0882713092293144], [101.78294157299524, -3.088361344600337]]], [[[101.77257018826361, -3.0883282702334363], [101.77261011529122, -3.0882973445387925], [101.77256377904003, -3.0883332346947534], [101.77257018826361, -3.0883282702334363]]], [[[101.76805579810993, -3.0880747547216383], [101.76852285660823, -3.088254306180252], [101.76837540000005, -3.088202598999957], [101.76805579810993, -3.0880747547216383]]], [[[101.77809020360007, -3.088035783724359], [101.77809020400005, -3.0880357839999184], [101.77807447649126, -3.0880313273417954], [101.77809020360007, -3.088035783724359]]], [[[101.76768068400013, -3.0879934619999663], [101.76768068401641, -3.0879934616289186], [101.7678295946601, -3.0880122916338935], [101.76786163068945, -3.0880193922395764], [101.76768068400013, -3.0879934619999663]]], [[[101.77899652956627, -3.0879310378870226], [101.77916006338207, -3.08785953937341], [101.77847001279166, -3.088073606725992], [101.77899652956627, -3.0879310378870226]]], [[[101.77665587800222, -3.087947181528798], [101.776843285, -3.0879538459999836], [101.77672182300007, -3.0879567589999524], [101.77665587800222, -3.087947181528798]]], [[[101.77781855537684, -3.087950721821858], [101.77757281600006, -3.087839173999995], [101.77730961900927, -3.087775346311954], [101.77781855537684, -3.087950721821858]]], [[[101.77343208412073, -3.0877776246317037], [101.77311804356293, -3.087913219619334], [101.77335296176983, -3.087810762556614], [101.77343208412073, -3.0877776246317037]]], [[[101.76599527895901, -3.087848742725275], [101.76599527900002, -3.087848742999896], [101.76583167337223, -3.087852785819855], [101.76599527895901, -3.087848742725275]]], [[[101.76707648169436, -3.087805384610753], [101.76707648100005, -3.087805384999953], [101.76692696027206, -3.0877854776477074], [101.76707648169436, -3.087805384610753]]], [[[101.7666815695988, -3.0878051328006046], [101.76668157370366, -3.0878051323376434], [101.76665047491518, -3.0878087433800543], [101.7666815695988, -3.0878051328006046]]], [[[101.77956796598892, -3.0877208573316524], [101.77959356856343, -3.0877150450075006], [101.77955062843029, -3.0877247935368755], [101.77956796598892, -3.0877208573316524]]], [[[101.78194598841668, -3.08770670559994], [101.78202887948609, -3.087745164773765], [101.78190677492596, -3.0876847078163023], [101.78194598841668, -3.08770670559994]]], [[[101.7735052691529, -3.0877469727445277], [101.77350527000003, -3.0877469729999993], [101.77344479109118, -3.0877723026969726], [101.7735052691529, -3.0877469727445277]]], [[[101.78160535040666, -3.087591113938689], [101.7816053500001, -3.087591113999982], [101.78145096282302, -3.0875749056364334], [101.78160535040666, -3.087591113938689]]], [[[101.78016426956543, -3.0875777617042663], [101.78042854897774, -3.087546492519618], [101.78011301373421, -3.087590252217105], [101.78016426956543, -3.0875777617042663]]], [[[101.78078285024839, -3.087534043861019], [101.78078285, -3.0875340439999768], [101.78073397135049, -3.0875346912803656], [101.78078285024839, -3.087534043861019]]], [[[101.78426340103516, -3.0875261586052636], [101.78426340200012, -3.08752615899993], [101.78416850780798, -3.0876272369004973], [101.78426340103516, -3.0875261586052636]]], [[[101.77465345159555, -3.0872259190408635], [101.77466360474612, -3.0872222379187186], [101.7746534520001, -3.0872259189999625], [101.77452286600003, -3.0872948479999764], [101.77436898015084, -3.0873722380908304], [101.77465345159555, -3.0872259190408635]]], [[[101.77533519256514, -3.0872168556733257], [101.775335193, -3.0872168559999307], [101.77530955498887, -3.087203731331478], [101.77533519256514, -3.0872168556733257]]], [[[101.77502847608338, -3.0871381667928963], [101.77502847600003, -3.087138166999993], [101.77498339759657, -3.087141755325648], [101.77502847608338, -3.0871381667928963]]], [[[101.78468834400012, -3.086915943999893], [101.78462225708006, -3.087021913788059], [101.78473033172115, -3.0868275676020045], [101.78468834400012, -3.086915943999893]]], [[[101.78478306270242, -3.0867165786263704], [101.78478845248908, -3.0866986080045113], [101.78478306300005, -3.086716577999925], [101.78478306270242, -3.0867165786263704]]], [[[101.78489808857597, -3.0862375749040916], [101.78498037285365, -3.0860270819537057], [101.78488667840391, -3.0862992565180742], [101.78489808857597, -3.0862375749040916]]], [[[101.7854415384752, -3.0853071764945703], [101.78510388715635, -3.0857799599151865], [101.78512815673912, -3.0857341856840828], [101.7854415384752, -3.0853071764945703]]], [[[101.78625311138408, -3.0839093724387], [101.7860858546785, -3.084182790403422], [101.78621441816091, -3.083966302003198], [101.78625311138408, -3.0839093724387]]], [[[101.78668896792158, -3.0831104405942846], [101.78679624446532, -3.082941028322644], [101.78668896800009, -3.083110440999969], [101.78658319100003, -3.0833268679999457], [101.78646169500011, -3.083564481999881], [101.78643567832313, -3.083610382479794], [101.78668896792158, -3.0831104405942846]]], [[[101.78695325259059, -3.082733246042431], [101.78695325300002, -3.0827332459999486], [101.78682963814745, -3.0828935145756002], [101.78695325259059, -3.082733246042431]]], [[[101.79797172741337, -3.082349776920645], [101.79797172600006, -3.0823497769999175], [101.7970436243236, -3.0821131552344285], [101.79797172741337, -3.082349776920645]]], [[[101.79631614657296, -3.0819187165754425], [101.79694118360926, -3.0820863241307714], [101.79595591969756, -3.081818162134089], [101.79631614657296, -3.0819187165754425]]], [[[101.78805146240512, -3.081965022667583], [101.78805146300002, -3.0819650229999715], [101.78797686995719, -3.0820215694252244], [101.78805146240512, -3.081965022667583]]], [[[101.79541279000007, -3.0816119769999872], [101.7954127901682, -3.0816119767113217], [101.79562819144373, -3.0817138566141575], [101.79541279000007, -3.0816119769999872]]], [[[101.78929025321004, -3.0811083258645864], [101.78855298000003, -3.0815930770000115], [101.78836125833557, -3.081742507473852], [101.78929025321004, -3.0811083258645864]]], [[[101.79495430139997, -3.0810070036702086], [101.79495430000007, -3.0810070039999258], [101.79484869568857, -3.080682906474461], [101.79495430139997, -3.0810070036702086]]], [[[101.789483326994, -3.080983884798393], [101.78965430975481, -3.080913473365754], [101.78929235734569, -3.0811069697040065], [101.789483326994, -3.080983884798393]]], [[[101.79036760518092, -3.0806332517231563], [101.79036760500009, -3.08063325199992], [101.79030183266957, -3.0806643843290673], [101.79036760518092, -3.0806332517231563]]], [[[101.79083579012735, -3.080251408875388], [101.79083579000009, -3.0802514089999398], [101.79083560957048, -3.0802515823384207], [101.79083579012735, -3.080251408875388]]], [[[101.79483292287202, -3.0806350790343133], [101.7946376806845, -3.0801277158213933], [101.79471778869504, -3.08028793274184], [101.79483292287202, -3.0806350790343133]]], [[[101.79161685703241, -3.0797571447763508], [101.79161685700007, -3.079757144999991], [101.79157889791644, -3.079772666053734], [101.79161685703241, -3.0797571447763508]]], [[[101.79203889537877, -3.0796044938522793], [101.79203889600008, -3.0796044939999714], [101.79195405600207, -3.0796381976823795], [101.79203889537877, -3.0796044938522793]]], [[[101.79248776859572, -3.0794353268788153], [101.79253447154099, -3.0794153010527197], [101.79233480254092, -3.0794859763345093], [101.79248776859572, -3.0794353268788153]]], [[[101.79334068292621, -3.0791187286463297], [101.79334068300005, -3.0791187289999313], [101.7933401906611, -3.0791187885993425], [101.79334068292621, -3.0791187286463297]]], [[[101.77319008886928, -2.9101603069387414], [101.77326835358907, -2.910189553846336], [101.77326835355171, -2.910189553904733], [101.77319008886928, -2.9101603069387414]]], [[[101.77339266144224, -2.909995159149214], [101.77327726986603, -2.9101756111261925], [101.77358000746558, -2.9097021820557685], [101.77339266144224, -2.909995159149214]]], [[[101.77223233900006, -2.909797798999925], [101.77223233905124, -2.9097977993289432], [101.77206219384358, -2.90975451100875], [101.77223233900006, -2.909797798999925]]], [[[101.77063700559341, -2.9083776493090494], [101.77053715488738, -2.9083004212932577], [101.77102772556219, -2.9087288574411065], [101.77063700559341, -2.9083776493090494]]], [[[101.7756549565099, -2.907421836579022], [101.77473416035326, -2.9089463293096216], [101.77416798770312, -2.909209115055483], [101.77473416000002, -2.9089463289999165], [101.7756549565099, -2.907421836579022]]], [[[101.7694197354325, -2.9079286313012753], [101.76941973500004, -2.9079286309999084], [101.76958077733954, -2.907958937190391], [101.7694197354325, -2.9079286313012753]]], [[[101.7664286523605, -2.9079645664115783], [101.76603966047293, -2.907811881462429], [101.7665838165589, -2.907857968797618], [101.7664286523605, -2.9079645664115783]]], [[[101.76678383302718, -2.9077205589491997], [101.76709015213179, -2.907147057675725], [101.76678383330733, -2.9077205587567443], [101.76678383302718, -2.9077205589491997]]], [[[101.76818100834691, -2.9072345192575995], [101.76818100800004, -2.9072345189999345], [101.76821336483603, -2.90725673093167], [101.76818100834691, -2.9072345192575995]]], [[[101.77568901823366, -2.9073699760435248], [101.7756791321321, -2.907385027802962], [101.7760499271525, -2.9068204637483523], [101.77568901823366, -2.9073699760435248]]], [[[101.77611773200002, -2.9054530049999774], [101.77651425233091, -2.9062560730592986], [101.77616091926443, -2.906668143825219], [101.77651425200004, -2.9062560729999936], [101.77611773200002, -2.9054530049999774]]], [[[101.77622971721777, -2.9053410530073966], [101.77682872700004, -2.904742220999965], [101.77690116830613, -2.9046772949976947], [101.77682872726399, -2.9047422208767615], [101.77622971721777, -2.9053410530073966]]], [[[101.77782925802508, -2.903497642968174], [101.77781402052726, -2.9035261721622776], [101.77782925800004, -2.903497643000014], [101.77782925802508, -2.903497642968174]]], [[[101.78089919000003, -2.8990958139999523], [101.78034297474852, -2.8999184300914176], [101.77929927733982, -2.9007619258221653], [101.77891891267774, -2.9020751131759046], [101.77820861643454, -2.9025408711642107], [101.7780738512273, -2.903186482769915], [101.77794522868219, -2.903350110422538], [101.77820861500008, -2.902540870999892], [101.77891891200005, -2.9020751130000053], [101.77929927700009, -2.900761925999973], [101.78089919000003, -2.8990958139999523]]], [[[101.7814538928829, -2.898807812330622], [101.78090683592947, -2.899091844232274], [101.78185764552829, -2.898529549592404], [101.7814538928829, -2.898807812330622]]], [[[101.78267564796283, -2.897675232226169], [101.78267564800002, -2.8976752319999277], [101.78301760755593, -2.8973630973393023], [101.78267564796283, -2.897675232226169]]], [[[101.78346251698161, -2.8968773860824557], [101.78342002941088, -2.896889561104325], [101.78322448375744, -2.8971570050471946], [101.78346251698161, -2.8968773860824557]]], [[[101.78345341407845, -2.896853243873784], [101.78345994812625, -2.89687057310877], [101.78345341400008, -2.896853243999945], [101.78345341407845, -2.896853243873784]]], [[[101.7839391797545, -2.8960595553957327], [101.78421028200007, -2.8955856739999613], [101.78421028238623, -2.895585673976015], [101.7839391797545, -2.8960595553957327]]], [[[101.78445976400012, -2.8955702059999266], [101.78445976440668, -2.8955702062000257], [101.78439854725144, -2.8955740014716627], [101.78445976400012, -2.8955702059999266]]], [[[101.7857401540001, -2.895409944999904], [101.78600549395911, -2.8953680350063666], [101.78525369187616, -2.895486779572089], [101.7857401540001, -2.895409944999904]]], [[[101.7982166226564, -2.8949414616182985], [101.79874529100003, -2.8952706389999197], [101.79891522362406, -2.895344990895688], [101.79874529096247, -2.8952706393284933], [101.7982166226564, -2.8949414616182985]]], [[[101.78654958443425, -2.8950450726988053], [101.78753679100006, -2.8944590839999136], [101.78753679103875, -2.894459084009294], [101.78654958443425, -2.8950450726988053]]], [[[101.7965673506028, -2.8944541556347145], [101.79647880622908, -2.8944424125891217], [101.79659193023363, -2.894457415384132], [101.7965673506028, -2.8944541556347145]]], [[[101.79628839700005, -2.8944171599999153], [101.7962892920667, -2.89441727870617], [101.79620463381015, -2.8944145148384233], [101.79628839700005, -2.8944171599999153]]], [[[101.78902214655488, -2.8941291739221873], [101.78902214600005, -2.8941291739999744], [101.79033571370745, -2.8938217515357145], [101.78902214655488, -2.8941291739221873]]], [[[101.79362961800007, -2.8939590919999336], [101.79362961801252, -2.893959092338215], [101.79348081924559, -2.8939238531333755], [101.79362961800007, -2.8939590919999336]]], [[[101.79227974911117, -2.8938711332461393], [101.79227974900002, -2.8938711329999354], [101.79228662129067, -2.8938712935741218], [101.79227974911117, -2.8938711332461393]]], [[[101.79075158700006, -2.8936662989999613], [101.79085128043819, -2.8936981136613373], [101.79068581689813, -2.8936908841179556], [101.79075158700006, -2.8936662989999613]]], [[[101.86530616232024, -3.106795709955085], [101.86530616100006, -3.106795709999936], [101.86525998553721, -3.106796099645716], [101.86530616232024, -3.106795709955085]]], [[[101.86572209316081, -3.106781578506535], [101.86630439822943, -3.106702804590725], [101.86649245547761, -3.1067188587285925], [101.86630439800007, -3.1067028049999745], [101.86572209316081, -3.106781578506535]]], [[[101.86036984854783, -3.1064603971714964], [101.86279106175817, -3.1067352287477674], [101.8632106782303, -3.106760024855198], [101.86391067633674, -3.106807485676884], [101.86404815389926, -3.1068063246520903], [101.86431857781919, -3.10680404326061], [101.86036984854783, -3.1064603971714964]]], [[[101.86024883211797, -3.106431760617221], [101.86024883200012, -3.106431760999929], [101.8601941004564, -3.1064250888256986], [101.86024883211797, -3.106431760617221]]], [[[101.85996632803146, -3.1063973234442566], [101.85932731600009, -3.106319427999958], [101.85906312624448, -3.1062869337632324], [101.85932731840109, -3.106319428099087], [101.85996632803146, -3.1063973234442566]]], [[[101.85686302221075, -3.1060276025917197], [101.857399019381, -3.10610107657955], [101.85658538976007, -3.1059561737375434], [101.85686302221075, -3.1060276025917197]]], [[[101.85605049103737, -3.105831145690794], [101.85630586635494, -3.105889186184077], [101.85573032862465, -3.1058010457939527], [101.85605049103737, -3.105831145690794]]], [[[101.85165923600006, -3.105575480999968], [101.8527240759554, -3.105587004936297], [101.85331535412035, -3.105787276761361], [101.85375404341443, -3.105768203939412], [101.85429954518793, -3.105747222756069], [101.85503959640035, -3.1057624815532496], [101.85548617943945, -3.1057836043175167], [101.85331535400003, -3.105787276999907], [101.85165923600006, -3.105575480999968]]], [[[101.85125923212263, -3.105539321011065], [101.85011840850642, -3.1052767899214664], [101.85062599269548, -3.10531806987297], [101.85125923212263, -3.105539321011065]]], [[[101.84784101057686, -3.105103476586604], [101.84705925000011, -3.104646682999943], [101.84652859788982, -3.1047425169995853], [101.84705924998445, -3.104646682798152], [101.84784101057686, -3.105103476586604]]], [[[101.84601020790484, -3.1042041776806295], [101.84619714201071, -3.1047137595346417], [101.8457685924318, -3.1040811738688623], [101.84601020790484, -3.1042041776806295]]], [[[101.84380951096107, -3.102748442726062], [101.8444881440127, -3.103204726916551], [101.84496116672454, -3.103548050302213], [101.84533311276365, -3.1038243533525924], [101.84380951096107, -3.102748442726062]]], [[[101.84322280737089, -3.1024264474236527], [101.84180259841122, -3.101726531953822], [101.84229469304569, -3.1020145416377396], [101.84322280737089, -3.1024264474236527]]], [[[101.84045219441327, -3.1006431582550813], [101.84160455280447, -3.1016123789656858], [101.84105110200002, -3.1011753079999527], [101.84045219400012, -3.1006431579999822], [101.84010927508093, -3.100414545931947], [101.84045219441327, -3.1006431582550813]]], [[[101.83955955522936, -3.100118636765615], [101.83955955500008, -3.100118637000011], [101.83915320358288, -3.099937184633409], [101.83955955522936, -3.100118636765615]]], [[[101.83872573440516, -3.0996380831309764], [101.83872573400001, -3.0996380829999475], [101.83863065833846, -3.0995503587232838], [101.83872573440516, -3.0996380831309764]]], [[[101.83807945190523, -3.099075317072155], [101.8385829915435, -3.099506377744913], [101.83797807185084, -3.099168444916624], [101.83807945190523, -3.099075317072155]]], [[[101.83546304200006, -3.099435552999985], [101.83559189190575, -3.098073339186582], [101.83691892267018, -3.099203853574924], [101.83646898005705, -3.0998802559789653], [101.83546304200006, -3.099435552999985]]], [[[101.8327455423491, -3.0973891209354285], [101.83405876200231, -3.0978755935837565], [101.83460426467514, -3.0979328147475367], [101.83490181077002, -3.097965239803946], [101.8350866259471, -3.0979915287859927], [101.8353449885804, -3.098028448653959], [101.83548564621698, -3.0980540222195887], [101.8327455423491, -3.0973891209354285]]], [[[101.82908561840829, -3.0957917153042134], [101.8303432462439, -3.0966796877173635], [101.83139228832351, -3.0968875875920445], [101.83188819968075, -3.097019196178913], [101.83193026598121, -3.097031815990696], [101.82908561840829, -3.0957917153042134]]], [[[101.82902336343756, -3.095542907778912], [101.82902336100007, -3.095542907999961], [101.82901181276351, -3.095541752990358], [101.82902336343756, -3.095542907778912]]], [[[101.8290045452555, -3.095541028954577], [101.82900290800005, -3.0955199679999166], [101.82898816091432, -3.0952702042405558], [101.8290045452555, -3.095541028954577]]], [[[101.82897910261097, -3.0950976690407033], [101.82528877200005, -3.0933094029999815], [101.82496833800009, -3.0932941439999664], [101.8247699881276, -3.0931843048128873], [101.82546806370021, -3.0933170317555923], [101.82641029330046, -3.0937385556897468], [101.82837867723426, -3.0943164816202993], [101.82894706765313, -3.0945377346287177], [101.82895469840065, -3.0947017655739755], [101.82897377032333, -3.094991683619245], [101.82897910261097, -3.0950976690407033]]], [[[101.8245549592956, -3.0930652776708607], [101.8240299227428, -3.092344283661696], [101.82418632743713, -3.0926895136101376], [101.82428932229448, -3.0929183955674326], [101.8245549592956, -3.0930652776708607]]], [[[101.82371212841207, -3.0918171883125103], [101.82384304914946, -3.0920205851952898], [101.82364130203366, -3.0917115531540564], [101.82371212841207, -3.0918171883125103]]], [[[101.82349967976648, -3.091533660849731], [101.82349967900008, -3.0915336609999606], [101.8233223377184, -3.091360541773081], [101.82349967976648, -3.091533660849731]]], [[[101.82282829359093, -3.091043472777985], [101.82282829300004, -3.0910434729999996], [101.82254207781214, -3.090958348098222], [101.82282829359093, -3.091043472777985]]], [[[101.82215766127682, -3.090846607911737], [101.821592331, -3.09068488999999], [101.82078236762895, -3.090563281922349], [101.82215766127682, -3.090846607911737]]], [[[101.81997489900003, -3.0901927949999446], [101.8199748994221, -3.090192795061396], [101.82012225666811, -3.0903293904437357], [101.81997489900003, -3.0901927949999446]]], [[[101.81988374144159, -3.08987481457098], [101.81988315615703, -3.0898787156597116], [101.81988528118845, -3.0898645489531082], [101.81988374144159, -3.08987481457098]]], [[[101.81991194073599, -3.089658863332436], [101.81987953441302, -3.089372634039763], [101.81992149318245, -3.0895824440744892], [101.81991194073599, -3.089658863332436]]], [[[101.81809044202032, -3.0870037037578935], [101.81886100812909, -3.087869643868935], [101.81954515802298, -3.0885632617002154], [101.81848335300008, -3.0874881739999003], [101.81809535600003, -3.087009769999932], [101.81809044200007, -3.0870037039999603], [101.81807691200001, -3.086993325999995], [101.81794273447352, -3.0868903532991014], [101.81809044202032, -3.0870037037578935]]], [[[101.81728172307311, -3.086383819957285], [101.81766698573408, -3.0866783754863567], [101.81718905603138, -3.086278630817719], [101.81728172307311, -3.086383819957285]]], [[[101.81690025314424, -3.085948943788655], [101.81690025300009, -3.0859489439999153], [101.8166385834919, -3.0856558743878404], [101.81690025314424, -3.085948943788655]]], [[[101.81470048174191, -3.084509255997309], [101.81549263068041, -3.084730146578975], [101.815801622447, -3.084869384114705], [101.8160762780978, -3.0850734708639527], [101.81629753110622, -3.08529853789713], [101.81657655676676, -3.0855893304273696], [101.81470048174191, -3.084509255997309]]], [[[101.81428718840307, -3.0843372336763593], [101.81454342353447, -3.0844425371388855], [101.8139541901704, -3.0841984866092447], [101.81428718840307, -3.0843372336763593]]], [[[101.81371852459029, -3.0840319147410424], [101.8137185240001, -3.084031914999926], [101.81353863822466, -3.083887611406831], [101.81371852459029, -3.0840319147410424]]], [[[101.81349848800065, -3.083855152452153], [101.81239509665647, -3.0827903745760574], [101.81257438729818, -3.0831260681135313], [101.8126926427513, -3.0833492276846663], [101.81297111512492, -3.083503724017584], [101.8133449552056, -3.0837306976135275], [101.81349848800065, -3.083855152452153]]], [[[101.80541038518118, -3.0825901027510056], [101.80583588620402, -3.0826184700161128], [101.8051621975382, -3.0825475814749015], [101.80541038518118, -3.0825901027510056]]], [[[101.80743980430363, -3.0826377866044896], [101.80743980400008, -3.082637786999953], [101.8060703962128, -3.082630740394547], [101.80743980430363, -3.0826377866044896]]], [[[101.79845725429892, -3.082491844622892], [101.79876100292961, -3.082586994642272], [101.79838909298752, -3.0824706398643342], [101.79845725429892, -3.082491844622892]]], [[[101.79931362200007, -3.08247764199993], [101.7989593233142, -3.082584350687168], [101.79951469318216, -3.0824170823352683], [101.79931362200007, -3.08247764199993]]], [[[101.80462086640325, -3.082477517356191], [101.80438505809768, -3.0824590350075534], [101.80438505822394, -3.0824590346566576], [101.80462086640325, -3.082477517356191]]], [[[101.8035625104016, -3.0823564957556124], [101.80426398039245, -3.082450781317545], [101.80303956647455, -3.0822672573960572], [101.8035625104016, -3.0823564957556124]]], [[[101.7999902230001, -3.0822540319999923], [101.79999022337017, -3.082254030598968], [101.80016061955178, -3.0821841012075355], [101.7999902230001, -3.0822540319999923]]], [[[101.80836273894931, -3.082264651592374], [101.80836273900006, -3.082264652999899], [101.8082664899457, -3.082299793872246], [101.80836273894931, -3.082264651592374]]], [[[101.81030424124782, -3.0821986566426185], [101.81048052150588, -3.0822169140648636], [101.81029474940453, -3.0821976736549312], [101.81030424124782, -3.0821986566426185]]], [[[101.81202122441375, -3.082145689764691], [101.81166328503264, -3.08213615376041], [101.81178093074544, -3.082136153760412], [101.81202122441375, -3.082145689764691]]], [[[101.8025096551965, -3.08213458983943], [101.80250965500001, -3.082134589999965], [101.80213837824263, -3.0820185209221873], [101.8025096551965, -3.08213458983943]]], [[[101.80984306440598, -3.0821437836086663], [101.81028465078671, -3.0821965805617513], [101.80928802907817, -3.082051278004327], [101.80984306440598, -3.0821437836086663]]], [[[101.80067634673605, -3.082010267559775], [101.80094566376145, -3.081983016588469], [101.80067280607267, -3.0820106011106376], [101.80067634673605, -3.082010267559775]]], [[[101.801118713358, -3.081975516856578], [101.80137636419519, -3.081971049697485], [101.80108003962083, -3.0819762550599936], [101.801118713358, -3.081975516856578]]], [[[101.86635850943784, -2.9564074806046388], [101.8653579975736, -2.956434223260768], [101.86388662127064, -2.9564300441111797], [101.86354860251483, -2.956397215265497], [101.86635850943784, -2.9564074806046388]]], [[[101.86632719514398, -2.935674938647478], [101.86632719500008, -2.9356749389999743], [101.86632719494051, -2.9356749390448296], [101.86632719514398, -2.935674938647478]]], [[[101.86654680958765, -2.9354261313108614], [101.86656596581362, -2.9353915254385603], [101.86654419643118, -2.935430852509547], [101.86654680958765, -2.9354261313108614]]], [[[101.86693534818784, -2.9350575396736716], [101.86693534800013, -2.935057539999957], [101.86693900538702, -2.9350297273919685], [101.86693534818784, -2.9350575396736716]]], [[[101.86678315501865, -2.9350182905616213], [101.86678315500005, -2.9350182919999086], [101.86676927490832, -2.9350365308754025], [101.86678315501865, -2.9350182905616213]]], [[[101.86334876643247, -2.9218556530159416], [101.86334876629809, -2.921855652977425], [101.8633767477878, -2.9218535341580085], [101.86334876643247, -2.9218556530159416]]], [[[101.86213529400007, -2.921507856999919], [101.86213529410861, -2.9215078573017137], [101.86195206740712, -2.921462196355595], [101.86213529400007, -2.921507856999919]]], [[[101.8574202877577, -2.9198304283917405], [101.85815366800006, -2.919993885999969], [101.85818050715345, -2.920015597742355], [101.85815366805743, -2.9199938864086845], [101.8574202877577, -2.9198304283917405]]], [[[101.85602914953483, -2.919786487762993], [101.85715783000008, -2.919771930999989], [101.85715783016838, -2.9197719310374954], [101.85626649919965, -2.9197834270634613], [101.85602914953483, -2.919786487762993]]], [[[101.85370332704696, -2.919073441086377], [101.85364098536864, -2.9190513560094726], [101.85387312991465, -2.9191575793995277], [101.85370332704696, -2.919073441086377]]], [[[101.85130938817403, -2.917720471263922], [101.85081807785023, -2.9176020160704286], [101.85130938800006, -2.9177204709999733], [101.85130938817403, -2.917720471263922]]], [[[101.84845690834453, -2.915623666118577], [101.84913220800004, -2.9168064189999434], [101.84954802187094, -2.9170693421523812], [101.84913220798506, -2.916806419280767], [101.84845690834453, -2.915623666118577]]], [[[101.83910788512088, -2.9159641520239505], [101.84066672700003, -2.915279792000001], [101.84194374645027, -2.915098459853284], [101.84066672768739, -2.9152797922286027], [101.83910788512088, -2.9159641520239505]]], [[[101.84348885242866, -2.9151304634001387], [101.84346961936234, -2.9151311619867903], [101.84403611356643, -2.915110570743143], [101.84348885242866, -2.9151304634001387]]], [[[101.84202153289475, -2.9150702687281536], [101.84238029800005, -2.914940245999986], [101.84238029961656, -2.9149402462833005], [101.84202153289475, -2.9150702687281536]]], [[[101.83745956810463, -2.915239427057882], [101.83419312319012, -2.9141344443732837], [101.83754241697245, -2.915275853806451], [101.83745956810463, -2.915239427057882]]], [[[101.8473036490001, -2.914004055999969], [101.84752085107532, -2.9139842001318046], [101.84680108890515, -2.914049999295603], [101.8473036490001, -2.914004055999969]]], [[[101.82793488300005, -2.9102294509999447], [101.82685649013496, -2.909850717236742], [101.826569645389, -2.9096074472725606], [101.82685649000008, -2.90985071699995], [101.82793488300005, -2.9102294509999447]]], [[[101.82335565734246, -2.9061016200051233], [101.82342098400007, -2.906125912999958], [101.82342098413305, -2.9061259131099844], [101.82335565734246, -2.9061016200051233]]], [[[101.8211390844013, -2.905576805225341], [101.82113908417924, -2.905576805014837], [101.8216968158339, -2.905623254637645], [101.8211390844013, -2.905576805225341]]], [[[101.82047657093705, -2.90494879515075], [101.81997521414523, -2.904675902840689], [101.82057147799024, -2.905038759511512], [101.82047657093705, -2.90494879515075]]], [[[101.8148711550798, -2.9018008244484608], [101.8147049201859, -2.901697044967633], [101.81513399947052, -2.9019649153661633], [101.8148711550798, -2.9018008244484608]]], [[[101.81185496825607, -2.8999988041507563], [101.81201828795649, -2.9000949634023976], [101.81185496833217, -2.8999988043013394], [101.81185496825607, -2.8999988041507563]]], [[[101.80716261300006, -2.8975644759999932], [101.80795925500007, -2.8975667339999256], [101.80809006334609, -2.8975287765117086], [101.80795925541537, -2.8975667344172313], [101.80716261300006, -2.8975644759999932]]], [[[101.80991097009637, -2.897405297074035], [101.80973287711947, -2.897381427963136], [101.80991097, -2.8974052969999655], [101.80991097009637, -2.897405297074035]]], [[[101.80407969349713, -2.8971766812670876], [101.8040993440001, -2.897180111999899], [101.8040993442206, -2.897180112064941], [101.80407969349713, -2.8971766812670876]]], [[[101.79982755759579, -2.895733396279188], [101.79982755700004, -2.8957333959999207], [101.79984848581326, -2.895740476212768], [101.79982755759579, -2.895733396279188]]], [[[101.89230918911784, -3.108169555680371], [101.89232436523555, -3.1081578817254294], [101.89208815716536, -3.1079967652379827], [101.89230918911784, -3.108169555680371]]], [[[101.88252830643626, -3.108074187973328], [101.88252830500004, -3.1080741879999394], [101.88238799437919, -3.1080671219944382], [101.88252830643626, -3.108074187973328]]], [[[101.89350861045638, -3.108012756967471], [101.89406033700003, -3.1080872209999564], [101.89393995700001, -3.108071244999955], [101.89350861045638, -3.108012756967471]]], [[[101.88701760300005, -3.108044366999959], [101.88552463289281, -3.108039939854916], [101.88753095970365, -3.108045888079035], [101.88701760300005, -3.108044366999959]]], [[[101.89250755258155, -3.1080169677088554], [101.89280056334512, -3.1080099610750067], [101.89243734395237, -3.108070974657532], [101.89250755258155, -3.1080169677088554]]], [[[101.88471474538926, -3.1080375379020233], [101.88494895844157, -3.108038232583808], [101.88459695128894, -3.108024588064133], [101.88471474538926, -3.1080375379020233]]], [[[101.89165306100007, -3.1080131529999453], [101.89123486229752, -3.108012389350908], [101.89165306117222, -3.1080131527847383], [101.89165306100007, -3.1080131529999453]]], [[[101.88932774048263, -3.1079342686968134], [101.88853999642373, -3.108035180778921], [101.88901448143321, -3.107974394702516], [101.88932639419778, -3.1079344369246646], [101.88932774048263, -3.1079342686968134]]], [[[101.89038658157551, -3.1079540259574907], [101.89052137452174, -3.107967154945064], [101.89028178582647, -3.107948094090548], [101.89038658157551, -3.1079540259574907]]], [[[101.88368797322147, -3.107923506564534], [101.88368797300006, -3.107923507999906], [101.8834991350843, -3.10797071652764], [101.88368797322147, -3.107923506564534]]], [[[101.87985755061243, -3.1076923453288035], [101.88143876000004, -3.1080048889999743], [101.88142147700003, -3.10800353099995], [101.88084220900006, -3.107915877999986], [101.8803501130001, -3.107803343999916], [101.87985801700007, -3.107692718999897], [101.87985755061243, -3.1076923453288035]]], [[[101.8918285365578, -3.107793808137665], [101.89182853676208, -3.107793808297356], [101.89179581438079, -3.107834711276588], [101.8918285365578, -3.107793808137665]]], [[[101.87488838129383, -3.1077663275539242], [101.87488838100002, -3.107766327999955], [101.87431579724979, -3.107752632150505], [101.87488838129383, -3.1077663275539242]]], [[[101.87101368823119, -3.107638991646133], [101.87101368800006, -3.107638991999982], [101.87069229501212, -3.107696744920365], [101.87101368823119, -3.107638991646133]]], [[[101.87280353335645, -3.10756622660005], [101.8733739547855, -3.1076622864737518], [101.87217631650134, -3.1074673149190044], [101.87280353335645, -3.10756622660005]]], [[[101.87551684000006, -3.107529421999983], [101.87534724628321, -3.107593352645829], [101.87553919813388, -3.107520993781964], [101.87551684000006, -3.107529421999983]]], [[[101.86928292004546, -3.1073376867869933], [101.87011753000007, -3.107620113977015], [101.87062065741267, -3.1077096179257393], [101.87011753000007, -3.1076201139999378], [101.86928292004546, -3.1073376867869933]]], [[[101.87178594236741, -3.10750022175778], [101.8717859420001, -3.107500221999963], [101.8717628755022, -3.1075043670454283], [101.87178594236741, -3.10750022175778]]], [[[101.87922477700008, -3.107185363999942], [101.87922477730172, -3.107185363713542], [101.87955951302882, -3.107453556631626], [101.87922477700008, -3.107185363999942]]], [[[101.87762041375117, -3.1072657208363177], [101.877662542899, -3.107261216297514], [101.8775419664307, -3.107274207790105], [101.87762041375117, -3.1072657208363177]]], [[[101.87818788596223, -3.1072110618409914], [101.87818788599999, -3.1072110619999336], [101.87799641150522, -3.107228819389201], [101.87818788596223, -3.1072110618409914]]], [[[101.87883186439912, -3.1071929926624144], [101.87883186400008, -3.1071929929999427], [101.8785855431515, -3.107197919411448], [101.87883186439912, -3.1071929926624144]]], [[[101.8670798386637, -3.106847082826563], [101.86727358251564, -3.1068963875687694], [101.86679030860394, -3.106773500976407], [101.8670798386637, -3.106847082826563]]], [[[101.88811563836039, -2.9969238775815334], [101.89239092800001, -2.998513472999952], [101.89261958715515, -2.998629230655122], [101.89239092759932, -2.9985134730183014], [101.88983581517078, -2.9976432251546674], [101.88827840612362, -2.9970576073226813], [101.88811563836039, -2.9969238775815334]]], [[[101.88743951312307, -2.996368374101103], [101.88743951300005, -2.996368373999928], [101.8874395269919, -2.9963683854956327], [101.88743951312307, -2.996368374101103]]], [[[101.88427699228941, -2.993488722426554], [101.88360137586339, -2.993206143625516], [101.88428388227068, -2.9934960505854233], [101.88427699228941, -2.993488722426554]]], [[[101.88059642200007, -2.9924289369999317], [101.88068847033212, -2.9924333443094566], [101.88004085805764, -2.9924023350027076], [101.88059642200007, -2.9924289369999317]]], [[[101.87729101805854, -2.990850528557933], [101.87902850000009, -2.991113834000006], [101.87902850023531, -2.9911138341360286], [101.87810009144613, -2.991111178438075], [101.87729101805854, -2.990850528557933]]], [[[101.87522026540647, -2.988631814532564], [101.87551444000005, -2.988673465999976], [101.8755144400167, -2.988673466105189], [101.87522026540647, -2.988631814532564]]], [[[101.8721358469918, -2.9878889120436165], [101.87213584700001, -2.987888911999988], [101.8723196368675, -2.987945267558023], [101.8721358469918, -2.9878889120436165]]], [[[101.87182173898213, -2.9874653511449782], [101.87182173900135, -2.9874653510016844], [101.8718789566064, -2.9875425065709593], [101.87182173898213, -2.9874653511449782]]], [[[101.87186670688305, -2.987129894129282], [101.87186670700002, -2.9871298939999864], [101.87182241886464, -2.987460279270798], [101.87186670688305, -2.987129894129282]]], [[[101.87199667957915, -2.9839156578497654], [101.87174283200008, -2.9844008299999585], [101.87176239801848, -2.9847960113547956], [101.87174283156651, -2.984400830333983], [101.87199667957915, -2.9839156578497654]]], [[[101.87215150945042, -2.9819800305333466], [101.87215259592438, -2.9819716979517477], [101.87215259600006, -2.981971697999953], [101.87215150945042, -2.9819800305333466]]], [[[101.87168048696498, -2.9816709634441656], [101.87168048700008, -2.9816709629999387], [101.87195280918345, -2.981844433201046], [101.87168048696498, -2.9816709634441656]]], [[[101.87102106896877, -2.979467717966511], [101.87102106900005, -2.979467717999989], [101.87102848983551, -2.97949487534568], [101.87102106896877, -2.979467717966511]]], [[[101.87057333159402, -2.9789883820082013], [101.87053632796463, -2.9789487659042386], [101.87101698478386, -2.979463345545129], [101.87057333159402, -2.9789883820082013]]], [[[101.86976259456816, -2.978495524748604], [101.86966003665204, -2.978372375668757], [101.86976259495295, -2.9784955249434], [101.86976259456816, -2.978495524748604]]], [[[101.86895966095966, -2.9774894118068533], [101.86894965002637, -2.97739995605529], [101.86895966098164, -2.9774894118350037], [101.86895966095966, -2.9774894118068533]]], [[[101.86885874000195, -2.976009812038235], [101.86887127063993, -2.9762675710205384], [101.86885873993896, -2.9760098121030785], [101.86885874000195, -2.976009812038235]]], [[[101.86966104042472, -2.9750149865523734], [101.86966104000005, -2.9750149879998986], [101.8695977437619, -2.9751323696523735], [101.86966104042472, -2.9750149865523734]]], [[[101.86977240999417, -2.9745433716544607], [101.86982718287474, -2.9742338791748537], [101.86982718300003, -2.9742338799999355], [101.86977240999417, -2.9745433716544607]]], [[[101.87060694314006, -2.9714678103978738], [101.87039353100009, -2.972175023000022], [101.87037352474712, -2.9722215895260478], [101.87039353103671, -2.9721750228589556], [101.87060694314006, -2.9714678103978738]]], [[[101.87097616240048, -2.9700000175860257], [101.8709776380001, -2.970028160999928], [101.870977637995, -2.970028161028924], [101.87097616240048, -2.9700000175860257]]], [[[101.87094517351805, -2.969408997294764], [101.8709443909913, -2.9693940739663884], [101.8709443910001, -2.969394073999959], [101.87094517351805, -2.969408997294764]]], [[[101.8708134510001, -2.968893747999953], [101.87081345058033, -2.9688937474484267], [101.8710160579454, -2.968792620644952], [101.8708134510001, -2.968893747999953]]], [[[101.87156188700091, -2.968520178998265], [101.87156188700003, -2.9685201789999502], [101.87156103223643, -2.968520605641935], [101.87156188700091, -2.968520178998265]]], [[[101.87195686391817, -2.9644130714060557], [101.87193929996097, -2.9643621574857417], [101.87200451719578, -2.96451812597868], [101.87195686391817, -2.9644130714060557]]], [[[101.87155384803174, -2.9627935371919447], [101.87154873984225, -2.9627643006767133], [101.87155430195558, -2.9627961352161094], [101.87155384803174, -2.9627935371919447]]], [[[101.87168377395452, -2.9618587152757097], [101.87166896323765, -2.9618442948236714], [101.87168377400008, -2.9618587149999778], [101.87168377395452, -2.9618587152757097]]], [[[101.87049992000476, -2.959266554022128], [101.87072224403641, -2.9603089163233487], [101.87049991993541, -2.9592665544079244], [101.87049992000476, -2.959266554022128]]], [[[101.87053786237303, -2.9590554357514365], [101.87050018406197, -2.9592650847108106], [101.87050837985788, -2.959219480294739], [101.87053786237303, -2.9590554357514365]]], [[[101.86699232743405, -2.9351210767762312], [101.86705404438447, -2.93512044007741], [101.86696096026238, -2.9351027619942065], [101.86699232743405, -2.9351210767762312]]], [[[101.8671255051525, -2.9351092489258668], [101.86712550500005, -2.935109248999976], [101.86710458195894, -2.9351129951354444], [101.8671255051525, -2.9351092489258668]]], [[[101.86723598525259, -2.9350425515724456], [101.86723598500004, -2.9350425519999654], [101.867222523485, -2.9350533635976914], [101.86723598525259, -2.9350425515724456]]], [[[101.86704702041894, -2.9348719845328537], [101.86696339862054, -2.934972657686538], [101.866965023, -2.934969174999935], [101.86704702041894, -2.9348719845328537]]], [[[101.86710740290566, -2.9347244460730852], [101.86707944505714, -2.9347461105230273], [101.86710740288441, -2.934724446076305], [101.86710740290566, -2.9347244460730852]]], [[[101.86715254705247, -2.934732262983516], [101.86715254700006, -2.9347322629999604], [101.86715248122907, -2.934731361065247], [101.86715254705247, -2.934732262983516]]], [[[101.86715198857348, -2.9347246106522076], [101.86715198858784, -2.934724610848867], [101.86714030761793, -2.9347203293150623], [101.86715198857348, -2.9347246106522076]]], [[[101.86737762721012, -2.9348380869593487], [101.86742846700008, -2.9347230760000027], [101.8673933370001, -2.934808174999937], [101.86737762721012, -2.9348380869593487]]], [[[101.86755676713113, -2.934395289710776], [101.86756379502202, -2.9343824938334775], [101.86755676701344, -2.934395289975551], [101.86755676713113, -2.934395289710776]]], [[[101.86808025306814, -2.933792841888697], [101.86833768803393, -2.933495983852531], [101.86842558626878, -2.9333993111235284], [101.86808025306814, -2.933792841888697]]], [[[101.86900878720203, -2.9326961737310047], [101.86892852522953, -2.9327879826140424], [101.86896386888748, -2.9327475536566032], [101.86900878720203, -2.9326961737310047]]], [[[101.86925279857786, -2.9324357676964685], [101.86926616286577, -2.9324218929158508], [101.86916055537587, -2.9325139520036387], [101.86925279857786, -2.9324357676964685]]], [[[101.86939740265314, -2.932285643861789], [101.86944976899173, -2.932231278950326], [101.86970901506801, -2.932007002157915], [101.86939740265314, -2.932285643861789]]], [[[101.86976116100007, -2.931961889999968], [101.86976116104881, -2.9319618897293966], [101.86982737421884, -2.9318734926141254], [101.86976116100007, -2.931961889999968]]], [[[101.87065957567893, -2.9308752865651924], [101.87091835929961, -2.9305322223468306], [101.87050231325392, -2.931027071438484], [101.87065957567893, -2.9308752865651924]]], [[[101.87169952100005, -2.929078116999942], [101.87169952111606, -2.929078115562554], [101.87175239273142, -2.9289642924855888], [101.87169952100005, -2.929078116999942]]], [[[101.87192931823648, -2.9283797435458094], [101.87197030800007, -2.9281284449999574], [101.87193027100005, -2.9283756749998995], [101.87192931823648, -2.9283797435458094]]], [[[101.87204855200007, -2.9270042019999267], [101.87204949479212, -2.927388551208986], [101.87200286922328, -2.926653535123791], [101.87204855200007, -2.9270042019999267]]], [[[101.8719531838924, -2.9263461982184293], [101.87195136122264, -2.926301756794058], [101.87195761423186, -2.9263763195913297], [101.8719531838924, -2.9263461982184293]]], [[[101.87196022558402, -2.925678564913761], [101.87196537600637, -2.9256508181443692], [101.87195432835523, -2.925710336828765], [101.87196022558402, -2.925678564913761]]], [[[101.87197284467206, -2.925623816769767], [101.87196733813944, -2.92564024758392], [101.87196733832207, -2.9256402466000386], [101.87197284467206, -2.925623816769767]]], [[[101.87204998691743, -2.925363090833909], [101.8720499870001, -2.9253630909999466], [101.87204296399331, -2.925390034578736], [101.87204998691743, -2.925363090833909]]], [[[101.87210286797993, -2.9250421881218447], [101.87210301679991, -2.9250403927951885], [101.87210286800003, -2.925042187999958], [101.87210286797993, -2.9250421881218447]]], [[[101.87178041200008, -2.924446580999963], [101.87178041243612, -2.9244465809449], [101.87106376942077, -2.924601113909244], [101.87178041200008, -2.924446580999963]]], [[[101.87214287519362, -2.9245008919025888], [101.87214391300006, -2.9244850319999505], [101.87214123819184, -2.9245259144225275], [101.87214287519362, -2.9245008919025888]]], [[[101.86958971699192, -2.923487406318713], [101.8695045387888, -2.923445514190617], [101.86996912414415, -2.923674003605821], [101.86958971699192, -2.923487406318713]]], [[[101.86720743087831, -2.922805729201001], [101.86720743100008, -2.922805728999918], [101.86767076314425, -2.9229140124692945], [101.86720743087831, -2.922805729201001]]], [[[101.92633700824638, -3.1119167689436726], [101.92633700800003, -3.111916768999914], [101.92629666904446, -3.111914752093731], [101.92633700824638, -3.1119167689436726]]], [[[101.92403602624165, -3.1116733548413995], [101.9243316103425, -3.1117141255437013], [101.92364570017764, -3.111618850439413], [101.92403602624165, -3.1116733548413995]]], [[[101.9227573791498, -3.111494479686421], [101.9230476489614, -3.1115352323039756], [101.92249665121233, -3.1114578754131426], [101.9227573791498, -3.111494479686421]]], [[[101.9219532026782, -3.1113357538418973], [101.92201056242328, -3.1113495016898653], [101.92145997218576, -3.111191422174408], [101.9219532026782, -3.1113357538418973]]], [[[101.92074012695538, -3.1110630029551714], [101.92074012700004, -3.1110630029999653], [101.92037727073185, -3.1110346878825315], [101.92074012695538, -3.1110630029551714]]], [[[101.91899681095413, -3.1109390278138633], [101.91899681100004, -3.110939027999921], [101.91791505470555, -3.110871204568469], [101.91899681095413, -3.1109390278138633]]], [[[101.91694831900975, -3.110685347950384], [101.91695865404851, -3.1106875309483892], [101.91689538224304, -3.110678279921884], [101.91694831900975, -3.110685347950384]]], [[[101.91493787286969, -3.1103045353851786], [101.91559028606292, -3.1105041507459017], [101.91627693193493, -3.110595702629554], [101.91650092552098, -3.11062561158692], [101.91493787286969, -3.1103045353851786]]], [[[101.91087441046471, -3.1100050311867307], [101.91086387700011, -3.110006331999938], [101.91086387688036, -3.1100063318879148], [101.91087441046471, -3.1100050311867307]]], [[[101.910848901056, -3.1099923222877788], [101.91085362950102, -3.109996745763524], [101.91079127235155, -3.1099384124600777], [101.910848901056, -3.1099923222877788]]], [[[101.9127063751991, -3.1099224089919058], [101.91270637500004, -3.109922408999998], [101.91261210003877, -3.109913160656126], [101.9127063751991, -3.1099224089919058]]], [[[101.91203384848183, -3.1098707452926866], [101.91149711600009, -3.109928130999949], [101.9109798081841, -3.1099920152601785], [101.91149711619903, -3.1099281295794947], [101.91203384848183, -3.1098707452926866]]], [[[101.91008567971039, -3.109363555883366], [101.91068525684918, -3.109839492691854], [101.90968831523627, -3.109120904011135], [101.91008567971039, -3.109363555883366]]], [[[101.90243918591977, -3.1089733508394444], [101.90358880255145, -3.108977786761856], [101.90243918600008, -3.108973350999998], [101.90170477500006, -3.109138858999915], [101.90139159500008, -3.1091483009999084], [101.90119120153696, -3.109130560539216], [101.90170477525521, -3.1091388575721925], [101.90243918591977, -3.1089733508394444]]], [[[101.90404482740689, -3.108999166778058], [101.90496243279603, -3.108990317225566], [101.90398991969026, -3.1089945320134413], [101.90404482740689, -3.108999166778058]]], [[[101.90865898172666, -3.108921050765847], [101.90952028197216, -3.109062974101981], [101.90865898100009, -3.108921050999925], [101.90825462400004, -3.1089363099999505], [101.90736198400008, -3.108964919999925], [101.90655708300008, -3.108976363999976], [101.90541648852596, -3.108934403019324], [101.90865898172666, -3.108921050765847]]], [[[101.8997936250758, -3.1088962555576884], [101.90104211269777, -3.109117362229186], [101.90043023200012, -3.1090447609999567], [101.90018123700013, -3.1089867749999502], [101.89979362500011, -3.1088962560000177], [101.8992508190456, -3.1088410827139423], [101.8997936250758, -3.1088962555576884]]], [[[101.89881591867493, -3.1088039882565757], [101.89793205200002, -3.108736037999985], [101.89699738674085, -3.108464914961646], [101.89881591867493, -3.1088039882565757]]], [[[101.89583015543741, -3.1083240511140406], [101.8958301540001, -3.1083240509999257], [101.89531684321878, -3.1082164818999267], [101.89583015543741, -3.1083240511140406]]], [[[101.9227430593114, -3.066224052123151], [101.92211809787199, -3.065251385942639], [101.9210191712672, -3.0638892223311447], [101.92211809800001, -3.065251385999979], [101.9227430593114, -3.066224052123151]]], [[[101.91737145900004, -3.0581208779999165], [101.91946471671305, -3.0613245393063044], [101.91917757558468, -3.0609871146635963], [101.91737145902567, -3.058120878175935], [101.91640391355341, -3.0574013711174426], [101.91737145900004, -3.0581208779999165]]], [[[101.91504160624062, -3.055456626140433], [101.91507751496029, -3.055513123483325], [101.91506788157756, -3.0554979667576867], [101.91504160624062, -3.055456626140433]]], [[[101.915931516486, -3.0552356829961247], [101.9157337073696, -3.055230398553822], [101.91574746957014, -3.055230765587337], [101.915931516486, -3.0552356829961247]]], [[[101.91571080421028, -3.055229057774739], [101.91571287839764, -3.055229186062955], [101.91569838354997, -3.0552282896240506], [101.91571080421028, -3.055229057774739]]], [[[101.91488441400004, -3.0552093059999716], [101.9148871852611, -3.055213666196268], [101.91501331772854, -3.0552074067811077], [101.91488441400004, -3.0552093059999716]]], [[[101.91630456990003, -3.055134158614464], [101.91638630690048, -3.0549686990396823], [101.91625812929222, -3.0551699584744587], [101.91630456990003, -3.055134158614464]]], [[[101.91640145414168, -3.054839416415439], [101.91639453100002, -3.0549520509999235], [101.9163945308871, -3.054952051228526], [101.91640145414168, -3.054839416415439]]], [[[101.91639950177512, -3.0547432546871427], [101.9164062400001, -3.054761553999968], [101.91640623999744, -3.054761554043261], [101.91639950177512, -3.0547432546871427]]], [[[101.91605626396385, -3.0543354527078335], [101.91633482100006, -3.0545675979999136], [101.91633482103046, -3.054567598082463], [101.91605626396385, -3.0543354527078335]]], [[[101.91483177356753, -3.0538208984156645], [101.91483177400004, -3.053820897999938], [101.91555727450269, -3.0541147100586543], [101.91483177356753, -3.0538208984156645]]], [[[101.91455218684283, -3.053703966695843], [101.91456781582382, -3.0537105032859095], [101.91455344238751, -3.053704491968691], [101.91455218684283, -3.053703966695843]]], [[[101.9141535048804, -3.0534160128386785], [101.9141426128526, -3.0533542888571024], [101.9141535049896, -3.0534160129406875], [101.9141535048804, -3.0534160128386785]]], [[[101.91415422464021, -3.053233672453739], [101.91412619611712, -3.0532612568847366], [101.91412619606717, -3.053261256601663], [101.91415422464021, -3.053233672453739]]], [[[101.91452660391968, -3.05306847163263], [101.9145266040001, -3.0530684719999535], [101.9144932094738, -3.0530756264766548], [101.91452660391968, -3.05306847163263]]], [[[101.9152048140001, -3.0529990389998933], [101.91468453481397, -3.053050513499311], [101.91489197058803, -3.053026924752718], [101.91520481415091, -3.0529990385747356], [101.91527672353352, -3.0529735669007736], [101.9152048140001, -3.0529990389998933]]], [[[101.91543291838842, -3.0528338680941163], [101.91543537598729, -3.052828834794672], [101.91543537600006, -3.0528288349999246], [101.91543291838842, -3.0528338680941163]]], [[[101.9138608969641, -3.051882030222369], [101.91386823413521, -3.0518265517647185], [101.9138608970001, -3.0518820299999176], [101.9138608969641, -3.051882030222369]]], [[[101.91388346140134, -3.051708584694774], [101.91388365700001, -3.0517099349999826], [101.91388365699798, -3.051709935015387], [101.91388346140134, -3.051708584694774]]], [[[101.91313890503648, -3.0511270511724367], [101.91313890500004, -3.051127050999981], [101.91334069662845, -3.0512037316296357], [101.91313890503648, -3.0511270511724367]]], [[[101.91152747371399, -3.049996365040165], [101.91156702682194, -3.0497765357884536], [101.91152244918202, -3.050024292988588], [101.91152747371399, -3.049996365040165]]], [[[101.91193858259959, -3.047499186937904], [101.91193858300002, -3.0474991869999264], [101.91193972857958, -3.047606475090449], [101.91193858259959, -3.047499186937904]]], [[[101.91228012892488, -3.0467818615936073], [101.91228012900005, -3.046781862999993], [101.9121308675897, -3.047002832748596], [101.91228012892488, -3.0467818615936073]]], [[[101.9124662975816, -3.0464149552859072], [101.9124684494431, -3.046385032570447], [101.91246471509757, -3.046436969421295], [101.9124662975816, -3.0464149552859072]]], [[[101.91136700588265, -3.0454031622261417], [101.91136700600006, -3.045403161999969], [101.91143286399418, -3.0454435340178514], [101.91136700588265, -3.0454031622261417]]], [[[101.90995341821576, -3.0447360703133173], [101.90995341800009, -3.0447360699999275], [101.91014499609382, -3.04475249983833], [101.90995341821576, -3.0447360703133173]]], [[[101.91055828873408, -3.0446668432002206], [101.91037893671204, -3.0447357616201653], [101.9106671436937, -3.044586136696695], [101.91055828873408, -3.0446668432002206]]], [[[101.9094871745935, -3.0445370386533455], [101.9094193360005, -3.044452108337372], [101.9094871748297, -3.0445370387867197], [101.9094871745935, -3.0445370386533455]]], [[[101.91114819093633, -3.044487064226579], [101.91086188023155, -3.0444993818717445], [101.91118838507643, -3.0445142392911384], [101.91114819093633, -3.044487064226579]]], [[[101.90934118852027, -3.0443074293109205], [101.9093510379657, -3.0443666027935237], [101.90935103792015, -3.0443666027364933], [101.90934118852027, -3.0443074293109205]]], [[[101.9098398805614, -3.0418440180768833], [101.90965906300006, -3.0416328899999345], [101.90983560800002, -3.0418302500000194], [101.9098398805614, -3.0418440180768833]]], [[[101.90952166089602, -3.0400788150852303], [101.90956571692304, -3.0399738438178674], [101.90950489786272, -3.040111029874239], [101.90952166089602, -3.0400788150852303]]], [[[101.9101804565629, -3.0384966872722385], [101.91018045700012, -3.038496686999978], [101.91016903133523, -3.038519703150092], [101.9101804565629, -3.0384966872722385]]], [[[101.91020432816725, -3.038448599623111], [101.91020432800006, -3.0384485999999935], [101.91020427842332, -3.038448699869995], [101.91020432816725, -3.038448599623111]]], [[[101.91031368392942, -3.0382181816237352], [101.91033069496825, -3.0381882672779876], [101.91026859223805, -3.038313192364897], [101.91031368392942, -3.0382181816237352]]], [[[101.91051847567735, -3.037829431368801], [101.91050520900008, -3.037871571999945], [101.91050520896289, -3.037871572068913], [101.91051847567735, -3.037829431368801]]], [[[101.91064525767257, -3.037305356257151], [101.91064533500004, -3.037304583999934], [101.91064115253143, -3.0373465548447247], [101.91064525767257, -3.037305356257151]]], [[[101.91034028857354, -3.036527913932042], [101.91030464900632, -3.0364885173055813], [101.9103408290278, -3.036528511039603], [101.91034028857354, -3.036527913932042]]], [[[101.91017457575023, -3.03634731932755], [101.91016945176945, -3.0363420278797073], [101.91016945200002, -3.036342027999954], [101.91017457575023, -3.03634731932755]]], [[[101.9095232401055, -3.0356498743422025], [101.90943179226905, -3.0354510855856693], [101.90956409391765, -3.0357120923471506], [101.9095232401055, -3.0356498743422025]]], [[[101.90939303895766, -3.0347916018508756], [101.90939303900008, -3.0347916019999235], [101.9093919510611, -3.0347961795635032], [101.90939303895766, -3.0347916018508756]]], [[[101.9096179000461, -3.0343950359021536], [101.90961790000003, -3.0343950359999745], [101.90961533097342, -3.0343992833242672], [101.9096179000461, -3.0343950359021536]]], [[[101.9095271080896, -3.033296923214381], [101.90952710805792, -3.0332969231191766], [101.90952712837672, -3.0332969649890447], [101.9095271080896, -3.033296923214381]]], [[[101.90948793900012, -3.03317926099993], [101.90948793901727, -3.033179261313825], [101.90946306106788, -3.0330381243845124], [101.90948793900012, -3.03317926099993]]], [[[101.90944416991255, -3.032904189276857], [101.90944417000004, -3.0329041889999915], [101.9094612347361, -3.0330251760063907], [101.90944416991255, -3.032904189276857]]], [[[101.90947603289266, -3.0325249595591632], [101.90950778153696, -3.032429661564816], [101.90946227878798, -3.032587711095156], [101.90947603289266, -3.0325249595591632]]], [[[101.90978093013379, -3.03188260436709], [101.90972316556356, -3.0319653116881313], [101.90974987555637, -3.0319270668806046], [101.90978093013379, -3.03188260436709]]], [[[101.9100760200001, -3.0316004279999453], [101.91007602009233, -3.03160042771753], [101.91012554012958, -3.0315642917404273], [101.9100760200001, -3.0316004279999453]]], [[[101.91054909496484, -3.031271688637452], [101.910674229009, -3.0311885716893396], [101.91038155343097, -3.031382717918384], [101.91054909496484, -3.031271688637452]]], [[[101.91099830900002, -3.0309568299999836], [101.91088437040479, -3.0310416347924054], [101.9110170989904, -3.0309378369930724], [101.91099830900002, -3.0309568299999836]]], [[[101.91127943259977, -3.0305907516618036], [101.911287595512, -3.0305626652243767], [101.91122164278744, -3.030694188091573], [101.91127943259977, -3.0305907516618036]]], [[[101.91129570493794, -3.030195943905263], [101.91129570500003, -3.0301959439999973], [101.91129999246002, -3.0302109889160342], [101.91129570493794, -3.030195943905263]]], [[[101.91057767092286, -3.0301101602556235], [101.91057767100004, -3.030110159999923], [101.91059384178243, -3.030110485805864], [101.91057767092286, -3.0301101602556235]]], [[[101.91080594044183, -3.030093324047649], [101.91068111706136, -3.030112243802692], [101.91088425411274, -3.0300788237345], [101.91080594044183, -3.030093324047649]]], [[[101.91117185970835, -3.030080416375194], [101.91101683200004, -3.0300627119999914], [101.91110230000001, -3.0300612789999506], [101.91117185970835, -3.030080416375194]]], [[[101.9086662435424, -3.0097297260852764], [101.90854072100008, -3.0109962439999154], [101.90850978352935, -3.0112526506961497], [101.90854072087762, -3.0109962437815585], [101.9086662435424, -3.0097297260852764]]], [[[101.90880918199822, -3.0040948598898423], [101.90881810534204, -3.003983040763162], [101.90880356644426, -3.004197901812386], [101.90880918199822, -3.0040948598898423]]], [[[101.907598776059, -3.0034174509673845], [101.90798235104685, -3.003205404487156], [101.90759877636249, -3.0034174509545397], [101.907598776059, -3.0034174509673845]]], [[[101.89742971877693, -3.0016355798372634], [101.89821798500013, -3.0021383519999305], [101.89948389686852, -3.002566592968809], [101.89821798497206, -3.002138352402997], [101.89742971877693, -3.0016355798372634]]], [[[101.89442007602577, -2.999540718229534], [101.89411017158216, -2.999383830933455], [101.89483837102074, -2.9998592880627806], [101.89442007602577, -2.999540718229534]]], [[[101.94084079500007, -3.119301898999978], [101.94000579860337, -3.11892659887529], [101.9414385881465, -3.119787662258783], [101.94084079500007, -3.119301898999978]]], [[[101.93964186131022, -3.118755880275423], [101.93907532496632, -3.118414645919128], [101.93943496924851, -3.1186312647210475], [101.93964186131022, -3.118755880275423]]], [[[101.9381987179965, -3.1178319508837893], [101.93819871800004, -3.1178319509999524], [101.9376332352962, -3.1174458418676205], [101.9381987179965, -3.1178319508837893]]], [[[101.93683102543156, -3.116972594709402], [101.93683102500003, -3.11697259499989], [101.93657400646383, -3.1168609776080047], [101.93683102543156, -3.116972594709402]]], [[[101.93638491602057, -3.116778859747489], [101.93575358100006, -3.1165046829999885], [101.93503312825302, -3.1158645002247405], [101.93575358096302, -3.1165046828447744], [101.93638491602057, -3.116778859747489]]], [[[101.93296722547336, -3.114710043129615], [101.93409356600002, -3.1153469669999554], [101.93352535000008, -3.115001987999908], [101.93296722547336, -3.114710043129615]]], [[[101.93025424643639, -3.113118386404385], [101.93155537298213, -3.113913534581904], [101.93221405623378, -3.1143160720290552], [101.93238225497976, -3.1144040543825455], [101.93221405600012, -3.114316071999921], [101.93025424500006, -3.1131183859999494], [101.92877347559869, -3.112506412781354], [101.93025424643639, -3.113118386404385]]], [[[101.92775766700008, -3.1122801489999468], [101.92701850386533, -3.1120856188245556], [101.92835733224406, -3.1124125956793383], [101.92775766700008, -3.1122801489999468]]], [[[101.9264771253125, -3.1119266822361444], [101.92646519040092, -3.11192317841116], [101.92646519041625, -3.111923178411925], [101.9264771253125, -3.1119266822361444]]], [[[101.93984836987757, -3.0919940244335478], [101.93997017600006, -3.092518817999941], [101.94038404361035, -3.0930100786014143], [101.9399701755832, -3.0925188177891383], [101.93984836987757, -3.0919940244335478]]], [[[101.93909994870603, -3.087067984489663], [101.93909645998458, -3.0870444829591235], [101.93909646000007, -3.087044482999959], [101.93909994870603, -3.087067984489663]]], [[[101.9385668150066, -3.0856481781208944], [101.93853072733394, -3.0855944972029055], [101.93873322528933, -3.086086887028576], [101.9385668150066, -3.0856481781208944]]], [[[101.93243402501031, -3.0780128512120584], [101.9311883494914, -3.0768836392201666], [101.93267079810461, -3.0782522459111092], [101.93243402501031, -3.0780128512120584]]], [[[101.93935946666613, -3.066887045900386], [101.93935946700007, -3.066887045999951], [101.93919731345609, -3.0668825939408375], [101.93935946666613, -3.066887045900386]]], [[[101.94036024123221, -3.0666403888428184], [101.94036024100009, -3.066640388999972], [101.94022508278073, -3.066658126385534], [101.94036024123221, -3.0666403888428184]]], [[[101.94050896123576, -3.0666175991170643], [101.94114867900005, -3.066438833999909], [101.94098558400006, -3.066496868999913], [101.94050896123576, -3.0666175991170643]]], [[[101.94147985041485, -3.066296876599548], [101.94147985000009, -3.0662968769999677], [101.94133835017593, -3.0663464240253804], [101.94147985041485, -3.066296876599548]]], [[[101.93815634089468, -3.0661107532840264], [101.93797312000002, -3.066335961999913], [101.93804968900005, -3.0662224879999456], [101.93815634089468, -3.0661107532840264]]], [[[101.93881736500008, -3.065317533999946], [101.93881736522928, -3.0653175337770833], [101.93874521656127, -3.0654465733154437], [101.93881736500008, -3.065317533999946]]], [[[101.9391508383406, -3.0642520170169445], [101.93915083800005, -3.0642520159999664], [101.93917201476313, -3.0640230401292157], [101.9391508383406, -3.0642520170169445]]], [[[101.93918196900006, -3.0633603579999273], [101.93912870213089, -3.063086464672616], [101.9391783249987, -3.063923214474733], [101.93918196900006, -3.0633603579999273]]], [[[101.93884438168688, -3.062795555834324], [101.93867395300002, -3.0627052329999804], [101.93867395279241, -3.0627052328674833], [101.93879383536729, -3.062761766642161], [101.93884438168688, -3.062795555834324]]], [[[101.9384053534244, -3.062426068608151], [101.93844242776765, -3.062480136029038], [101.93832337901274, -3.0622304893150605], [101.9384053534244, -3.062426068608151]]], [[[101.93791086119734, -3.0615208002447014], [101.93791710191611, -3.0615301449921497], [101.9378735139519, -3.061435495440064], [101.93791086119734, -3.0615208002447014]]], [[[101.93771844130781, -3.0610392678562324], [101.9377184410001, -3.0610392669999813], [101.9377139523978, -3.061010367477869], [101.93771844130781, -3.0610392678562324]]], [[[101.9378389448187, -3.0600287534786883], [101.93770274700005, -3.060423920999959], [101.93775295500011, -3.060232543999941], [101.9378389448187, -3.0600287534786883]]], [[[101.93805324096434, -3.0596340981350703], [101.9379075691233, -3.059883742739471], [101.93820161343059, -3.0594605048715957], [101.93805324096434, -3.0596340981350703]]], [[[101.93831930118985, -3.059348460300895], [101.93873660200006, -3.0590272849999542], [101.93889647204192, -3.058977744139744], [101.93831930118985, -3.059348460300895]]], [[[101.93946513340923, -3.0586667549667443], [101.93946513300003, -3.05866675399997], [101.93959682076621, -3.0585747268441357], [101.93946513340923, -3.0586667549667443]]], [[[101.93964577843417, -3.058540513829473], [101.94070507008297, -3.057535522046627], [101.94052389626086, -3.0577366563215898], [101.94005907626541, -3.058206500829324], [101.93964976242665, -3.058537730132114], [101.93964577843417, -3.058540513829473]]], [[[101.94103722757443, -3.056587572823521], [101.94092774300007, -3.056780464999942], [101.94097375200008, -3.0566620589999185], [101.94103722757443, -3.056587572823521]]], [[[101.941542084, -3.05605063099995], [101.94167321904388, -3.0559145462193067], [101.94154208439971, -3.056050630731988], [101.94140324166631, -3.056241548708438], [101.9413541083823, -3.0562863894890144], [101.941542084, -3.05605063099995]]], [[[101.94160692731788, -3.0520847572056984], [101.94164121198084, -3.0521891458541384], [101.94137787000939, -3.0517418601230357], [101.94160692731788, -3.0520847572056984]]], [[[101.94137787000939, -3.0517418601230357], [101.94115673659417, -3.051410825049518], [101.94110163159691, -3.051328332953928], [101.94137787000939, -3.0517418601230357]]], [[[101.94062231986425, -3.0508767932293437], [101.94110163159691, -3.051328332953928], [101.94007324470974, -3.0508319205760546], [101.94062231986425, -3.0508767932293437]]], [[[101.93821788794527, -3.05098124858569], [101.93821788800004, -3.0509812489999946], [101.93804570403398, -3.0509968541566996], [101.93821788794527, -3.05098124858569]]], [[[101.93736512852543, -3.0510585349523107], [101.93736512800008, -3.0510585349999158], [101.93743932488451, -3.0509049042935286], [101.93736512852543, -3.0510585349523107]]], [[[101.93893527894005, -3.050815135709914], [101.93901352153378, -3.050797018682379], [101.93868086716424, -3.0508740454034835], [101.93893527894005, -3.050815135709914]]], [[[101.93746973000003, -3.050815135999935], [101.93744356267035, -3.0508961295527146], [101.93744356205805, -3.050896130820531], [101.93746973000003, -3.050815135999935]]], [[[101.93917856404637, -3.050758803167207], [101.93992795870838, -3.0508200469075777], [101.94004827855383, -3.050829880215122], [101.93917856404637, -3.050758803167207]]], [[[101.93757091026936, -3.050439959236653], [101.93754684394163, -3.050547011147192], [101.93764026170601, -3.050220665105781], [101.93757091026936, -3.050439959236653]]], [[[101.93773723941462, -3.049887960996751], [101.93774800674286, -3.049840340442526], [101.93774069777504, -3.0498726659906836], [101.93773723941462, -3.049887960996751]]], [[[101.93779854149273, -3.0495715943644743], [101.9378364773716, -3.049140553093992], [101.93782107558224, -3.0493867838729396], [101.93779854149273, -3.0495715943644743]]], [[[101.93782328341786, -3.048454446815248], [101.9378367040655, -3.0487778857058965], [101.93779403549844, -3.048219651005126], [101.93782328341786, -3.048454446815248]]], [[[101.93779272175675, -3.0482091045664705], [101.93779272187791, -3.0482091055391574], [101.93777524449132, -3.0481431512312716], [101.93779272175675, -3.0482091045664705]]], [[[101.9374356971997, -3.0472680602726956], [101.93759549195993, -3.047612555757257], [101.93743402186081, -3.0472656549797006], [101.9374356971997, -3.0472680602726956]]], [[[101.93714476471916, -3.046873689569048], [101.93714476500006, -3.0468736899999653], [101.93697735729275, -3.046707201578956], [101.93714476471916, -3.046873689569048]]], [[[101.93445361544207, -3.046760697847898], [101.93445361500005, -3.046760697999933], [101.93438786489656, -3.0467641491575344], [101.93445361544207, -3.046760697847898]]], [[[101.93673922443571, -3.046564144719461], [101.936964726451, -3.046695215185295], [101.9366298494396, -3.046530966902477], [101.93673922443571, -3.046564144719461]]], [[[101.93576753500005, -3.0464468499998953], [101.93506833551905, -3.0466173014890945], [101.93606331511353, -3.046440999873892], [101.93576753500005, -3.0464468499998953]]], [[[101.93321813041246, -3.046512831202172], [101.93321812900007, -3.046512830999947], [101.93315634577253, -3.046450084762838], [101.93321813041246, -3.046512831202172]]], [[[101.93630658800008, -3.0464600509999253], [101.936306587579, -3.0464600508905777], [101.93635250340644, -3.046468066977881], [101.93630658800008, -3.0464600509999253]]], [[[101.93303448986816, -3.046253804589627], [101.93309422700011, -3.0463619079999793], [101.93303737000012, -3.046259678999958], [101.93303448986816, -3.046253804589627]]], [[[101.93297082944031, -3.046046149610049], [101.93297082900004, -3.0460461499999614], [101.93296770257948, -3.045868398752707], [101.93297082944031, -3.046046149610049]]], [[[101.93306656300004, -3.045663836999948], [101.93322003190924, -3.0454943282243763], [101.93317204825149, -3.0455564993329203], [101.9330665631714, -3.0456638370164426], [101.9329853206029, -3.045783117883653], [101.93306656300004, -3.045663836999948]]], [[[101.9333925143531, -3.0451876909590982], [101.93337462594285, -3.0452310058726644], [101.93341311470694, -3.0451026852039274], [101.9333925143531, -3.0451876909590982]]], [[[101.93345734108351, -3.044667295559174], [101.93345058029765, -3.044876333964643], [101.93345670955549, -3.0446255848491672], [101.93345734108351, -3.044667295559174]]], [[[101.93351007667259, -3.0441195405481034], [101.93346981900001, -3.04418799099997], [101.93349747100008, -3.044130920999948], [101.93351007667259, -3.0441195405481034]]], [[[101.93397762800002, -3.0440866059999308], [101.93397762856478, -3.0440866060120007], [101.93361732544265, -3.044093801448158], [101.93397762800002, -3.0440866059999308]]], [[[101.93431273934152, -3.0439904082306866], [101.93416227244457, -3.04406000253786], [101.934345713614, -3.0439670689368907], [101.93431273934152, -3.0439904082306866]]], [[[101.93460435703378, -3.0434400706299387], [101.93458706044453, -3.0436955690951772], [101.93454104573654, -3.0437750220356543], [101.93460435703378, -3.0434400706299387]]], [[[101.93455003535594, -3.043309214048912], [101.93455003500013, -3.043309214000003], [101.93452289422737, -3.0432771456787715], [101.93455003535594, -3.043309214048912]]], [[[101.93414217400004, -3.042939200999938], [101.93371422731052, -3.0427187646525273], [101.93434504258872, -3.0430953736494484], [101.93414217400004, -3.042939200999938]]], [[[101.93334253763467, -3.0424554710281377], [101.933355969, -3.04250064299988], [101.93334345700005, -3.042472755999982], [101.93334253763467, -3.0424554710281377]]], [[[101.9338572667347, -3.0406007808224675], [101.93381901243754, -3.0409387432283688], [101.93376957670466, -3.0411431285525126], [101.93369131140497, -3.041358606114731], [101.93343182641769, -3.041952811572966], [101.93336626493944, -3.042165377113823], [101.93343182600007, -3.0419528119999395], [101.93376957600003, -3.041143129000013], [101.93381901000004, -3.0409387429999746], [101.93383544100007, -3.040770479999906], [101.93385226900004, -3.0406189669999897], [101.9338572667347, -3.0406007808224675]]], [[[101.93393646929269, -3.0404173369904623], [101.93392885985905, -3.040430843634761], [101.93397907517924, -3.0403674406345464], [101.93393646929269, -3.0404173369904623]]], [[[101.94014738789167, -3.0404116712615594], [101.9399619552603, -3.0401813151065076], [101.94017570199307, -3.040399987146904], [101.94014738789167, -3.0404116712615594]]], [[[101.9405764544399, -3.040234616334437], [101.94048399528674, -3.0402727689716245], [101.94058245696056, -3.0402358410261088], [101.9405764544399, -3.040234616334437]]], [[[101.9406583314169, -3.040251322140763], [101.94069677800006, -3.0402154509998955], [101.94069677824163, -3.0402154509682178], [101.9406583314169, -3.040251322140763]]], [[[101.94133295425252, -3.040202798320429], [101.94133295400012, -3.040202797999918], [101.94148498808796, -3.040199312580068], [101.94133295425252, -3.040202798320429]]], [[[101.9412815031389, -3.0401387692887116], [101.94122811401716, -3.0401457705698247], [101.94128523224859, -3.0401434099455753], [101.9412815031389, -3.0401387692887116]]], [[[101.93429896442575, -3.0400150648433226], [101.93429896300005, -3.0400150650000124], [101.93445844404683, -3.0398545100069447], [101.93429896442575, -3.0400150648433226]]], [[[101.93446029845796, -3.039852643108382], [101.93452848217409, -3.0397840006057892], [101.9344610627279, -3.039851873864854], [101.93446029845796, -3.039852643108382]]], [[[101.93924932399716, -3.039205735256424], [101.93920205690263, -3.0391563538461446], [101.93934242660124, -3.0393433659449225], [101.93924932399716, -3.039205735256424]]], [[[101.93525916427905, -3.0390374765981885], [101.9346885013737, -3.039629787992061], [101.9353268461082, -3.0386483538961118], [101.93525916427905, -3.0390374765981885]]], [[[101.93531741606597, -3.0385486438048037], [101.93531741600003, -3.038548643999918], [101.93531606767407, -3.038535386935287], [101.93531741606597, -3.0385486438048037]]], [[[101.93749313500011, -3.0383539089999805], [101.93812845572786, -3.0384267099135713], [101.93707555797019, -3.038264969704718], [101.93749313500011, -3.0383539089999805]]], [[[101.93668101941358, -3.0381809362011785], [101.93668099368425, -3.03818092369761], [101.9368163194661, -3.0382097543702704], [101.93668101941358, -3.0381809362011785]]], [[[101.93478500600013, -3.037259556000029], [101.93524399811207, -3.0381609397754765], [101.93524803565636, -3.0381811491140174], [101.93478500600013, -3.037259556000029]]], [[[101.9486232148895, -3.1233279866971797], [101.94862321500005, -3.123327986999943], [101.94853009525414, -3.123281427442218], [101.9486232148895, -3.1233279866971797]]], [[[101.94564820580055, -3.12210200608683], [101.94799614000004, -3.123090743999935], [101.94743156400006, -3.1228981009999894], [101.94679069400004, -3.1226673159998994], [101.9461923160001, -3.1224090559999422], [101.94589560200006, -3.1222809919999945], [101.94564820580055, -3.12210200608683]]], [[[101.9455241676884, -3.1219952580258554], [101.94458035800004, -3.1214961209999834], [101.94401371400005, -3.1212790419999643], [101.94338429712153, -3.121012482151728], [101.9455241676884, -3.1219952580258554]]], [[[101.94151922554437, -3.1198531876639652], [101.94276194370877, -3.1207201308293335], [101.94320533254265, -3.1209303680020684], [101.94276194300004, -3.120720130999906], [101.94151922554437, -3.1198531876639652]]], [[[101.94981317803581, -3.098225506302016], [101.94959964600011, -3.098203415999906], [101.94981317800001, -3.0982255059999657], [101.94985087044265, -3.098179387535714], [101.94981317803581, -3.098225506302016]]], [[[101.94990594940009, -3.09811257123812], [101.94990267368023, -3.098116290447933], [101.95003025503357, -3.097971393287069], [101.94990594940009, -3.09811257123812]]], [[[101.94900196400005, -3.098068560999934], [101.94836573898773, -3.0980168294130923], [101.94830141453224, -3.097894742070529], [101.94836573900007, -3.0980168289999197], [101.94900196400005, -3.098068560999934]]], [[[101.94908853041143, -3.0971221352782474], [101.94908853000001, -3.097122134999968], [101.94943389860468, -3.096625589564296], [101.94908853041143, -3.0971221352782474]]], [[[101.9460430720001, -3.096255824999962], [101.94619278003302, -3.0959755963104967], [101.94468993353992, -3.0966810678303203], [101.9460430720001, -3.096255824999962]]], [[[101.94624236499322, -3.095882783163863], [101.94620234125358, -3.095957699286129], [101.9466153721953, -3.0951845740080954], [101.94624236499322, -3.095882783163863]]], [[[101.95041328917527, -3.095155329009575], [101.95021728486708, -3.095454367453831], [101.95041328900002, -3.0951553289999505], [101.95041328917527, -3.095155329009575]]], [[[101.94697598196187, -3.095199562085841], [101.94754026000007, -3.0952230149999487], [101.94754026000797, -3.095223015318754], [101.94697598196187, -3.095199562085841]]], [[[101.95116382900004, -3.0951965309999925], [101.95111912135042, -3.0951940769450688], [101.95079662111891, -3.0951763726526327], [101.95116382900004, -3.0951965309999925]]], [[[101.94359413900007, -3.0942102059999925], [101.94387528495635, -3.0948441533721165], [101.94256232111627, -3.0942429799962663], [101.94359413900007, -3.0942102059999925]]], [[[101.95287767456513, -3.0803666423066667], [101.95215313126204, -3.083894748343944], [101.9517458328818, -3.0871608715020358], [101.952153131, -3.0838947479999486], [101.952877674, -3.0803666419999667], [101.95297715700006, -3.078745631999969], [101.95250733300009, -3.07715278999997], [101.95112098300005, -3.076755403999958], [101.94970048400002, -3.0758572269999798], [101.94884915961535, -3.075934369107682], [101.94970048399023, -3.075857226629633], [101.9525073337465, -3.0771527899692663], [101.95297715756982, -3.078745632305007], [101.95287767456513, -3.0803666423066667]]], [[[101.94546430000008, -3.076774895999966], [101.94438033600002, -3.0756789589999856], [101.94438641700008, -3.075585450999969], [101.94439536561241, -3.0755579636402235], [101.94546430000008, -3.076774895999966]]], [[[101.94441241819862, -3.0755055836157297], [101.94445881400011, -3.0752999069999665], [101.9445015270001, -3.075061938999995], [101.94452567700004, -3.074937640000017], [101.9445265746911, -3.0749278139919825], [101.94441241819862, -3.0755055836157297]]], [[[101.94630593246353, -3.0747183812045185], [101.94539681617749, -3.0754872108499116], [101.94539681611025, -3.0754872095670263], [101.94630593246353, -3.0747183812045185]]], [[[101.9444763357144, -3.0744792458205024], [101.94447633500005, -3.07447924599993], [101.9444547814916, -3.0744289984138375], [101.9444763357144, -3.0744792458205024]]], [[[101.94437903266629, -3.0742480256258244], [101.94438364317105, -3.0742583255790072], [101.94436268322406, -3.0742115014069533], [101.94437903266629, -3.0742480256258244]]], [[[101.94415015300007, -3.073710263999984], [101.94406632588654, -3.0734229709300296], [101.9442585812902, -3.0739661030025767], [101.94415015300007, -3.073710263999984]]], [[[101.94402431114018, -3.0731654235474664], [101.94402782308514, -3.0732188534509626], [101.94402782300007, -3.073218853000008], [101.94402431114018, -3.0731654235474664]]], [[[101.94389131143492, -3.072110000775866], [101.94389131100004, -3.0721099999999155], [101.94387073459934, -3.0720394776049336], [101.94389131143492, -3.072110000775866]]], [[[101.94373125819106, -3.071690270089847], [101.94373125800004, -3.0716902700000035], [101.94372265275328, -3.071675431663323], [101.94373125819106, -3.071690270089847]]], [[[101.94315160831678, -3.070506644055027], [101.94327815157719, -3.0707737992179016], [101.94318823600005, -3.070590452999946], [101.94315160831678, -3.070506644055027]]], [[[101.94302858640022, -3.070112160447824], [101.94302858500008, -3.070112159999986], [101.9430145276611, -3.0700174694362405], [101.94302858640022, -3.070112160447824]]], [[[101.94338615264724, -3.0695903578736567], [101.94300740207326, -3.0699306671291957], [101.94304131200008, -3.069810424999977], [101.94338615264724, -3.0695903578736567]]], [[[101.94351485972305, -3.0693526290205546], [101.94344444582468, -3.0695052420086335], [101.94354114897901, -3.069251684902314], [101.94351485972305, -3.0693526290205546]]], [[[101.94355186209013, -3.069194740241457], [101.94355566125758, -3.0691688270619166], [101.94355431028328, -3.0691780436317724], [101.94355186209013, -3.069194740241457]]], [[[101.943564694748, -3.069038084631719], [101.94356685222851, -3.068883012041341], [101.94356714540748, -3.068946790162217], [101.9435652541332, -3.0690247856653134], [101.943564694748, -3.069038084631719]]], [[[101.94357198915606, -3.068583012595931], [101.94357100511239, -3.0685891505203404], [101.9435777801006, -3.068542401382375], [101.94357198915606, -3.068583012595931]]], [[[101.94355425722324, -3.068294237588935], [101.94357567065825, -3.0683886330799246], [101.94354740167832, -3.068279674536409], [101.94355425722324, -3.068294237588935]]], [[[101.94339814978514, -3.0678586417413514], [101.94348941610373, -3.068082878022384], [101.94350837740973, -3.0681370909539396], [101.94351807740567, -3.068193729518316], [101.94348941600002, -3.0680828779999514], [101.94342640100004, -3.067940694999904], [101.94340605100004, -3.0678907139999456], [101.94339814978514, -3.0678586417413514]]], [[[101.94339616900002, -3.0676955299999698], [101.94339616899805, -3.067695530124579], [101.94338943505358, -3.067804453218565], [101.94339616900002, -3.0676955299999698]]], [[[101.9434384371342, -3.067557166729842], [101.94343843700005, -3.067557166999969], [101.94343993193895, -3.0675522439469707], [101.9434384371342, -3.067557166729842]]], [[[101.94347283899828, -3.06731053211659], [101.94349920342557, -3.067022330016464], [101.94348595641179, -3.0671847511752666], [101.94347283899828, -3.06731053211659]]], [[[101.942935117162, -3.066346290748692], [101.94293511700008, -3.06634629099998], [101.94289691368303, -3.0663336879320076], [101.942935117162, -3.066346290748692]]], [[[101.9423583594738, -3.066237459487648], [101.94188586643963, -3.066250319596526], [101.94209118526004, -3.066236454748547], [101.94230079744392, -3.0662345625749423], [101.9423583594738, -3.066237459487648]]], [[[101.95216175306251, -3.0637316324088597], [101.95147794863554, -3.063336222341555], [101.95242900009188, -3.0638758996041493], [101.95216175306251, -3.0637316324088597]]], [[[101.9510122710995, -3.063066945283261], [101.95101227100011, -3.063066944999983], [101.95121906308805, -3.0631865222518537], [101.9510122710995, -3.063066945283261]]], [[[101.95012191493632, -3.060494762471387], [101.95019696800007, -3.0606082759999467], [101.95019696803787, -3.060608276781554], [101.95012191493632, -3.060494762471387]]], [[[101.9495871945934, -3.0599173000433133], [101.94953575491937, -3.0597526797957153], [101.94970766081009, -3.060037737396847], [101.9495871945934, -3.0599173000433133]]], [[[101.94953083498012, -3.059736934711741], [101.94953080085871, -3.0597350925862834], [101.9495308349957, -3.059736934761561], [101.94953083498012, -3.059736934711741]]], [[[101.95112245700008, -3.057095601000004], [101.95106353496574, -3.057192540892895], [101.95127806946007, -3.0568410010189773], [101.95112245700008, -3.057095601000004]]], [[[101.95174219504634, -3.056081637557491], [101.95174219500011, -3.056081637999955], [101.9515552025357, -3.0563875792793076], [101.95174219504634, -3.056081637557491]]], [[[101.94180287437993, -3.0557082710330685], [101.94182134817676, -3.055382590933794], [101.94186093543391, -3.0555644239589697], [101.94180287437993, -3.0557082710330685]]], [[[101.95033056700214, -3.054985033032773], [101.95032971421425, -3.054983800777255], [101.95033097627274, -3.0549852590665174], [101.95033056700214, -3.054985033032773]]], [[[101.9507112804531, -3.0550909568984173], [101.95105557795262, -3.055013786157254], [101.95071128239982, -3.05509095698205], [101.9507112804531, -3.0550909568984173]]], [[[101.95021972743444, -3.0548248766275794], [101.95028603607655, -3.0549206885605202], [101.95021972735861, -3.0548248772662343], [101.95021972743444, -3.0548248766275794]]], [[[101.94169737500007, -3.054047443999939], [101.94171232437853, -3.05396367631261], [101.94177393657922, -3.0549709768313873], [101.94169737500007, -3.054047443999939]]], [[[101.94180702740282, -3.0534330157624976], [101.94189247998624, -3.0529541900773864], [101.94189248005398, -3.0529541902836277], [101.94180702740282, -3.0534330157624976]]], [[[101.9492323949591, -3.0530409280963156], [101.94923239500011, -3.0530409279999735], [101.94923344110023, -3.0530486267248977], [101.9492323949591, -3.0530409280963156]]], [[[101.94167589272831, -3.0522947390109674], [101.94184003773815, -3.052794517531064], [101.94166517689733, -3.052262112763017], [101.94167589272831, -3.0522947390109674]]], [[[101.94901282997819, -3.0519948402895802], [101.94901283011772, -3.0519948399888635], [101.94907124445852, -3.0519893388352677], [101.94901282997819, -3.0519948402895802]]], [[[101.94933927800007, -3.050956326999894], [101.94933927758564, -3.0509563265731563], [101.94927447649198, -3.0508251068408927], [101.94933927800007, -3.050956326999894]]], [[[101.94832603302007, -3.0486655176994173], [101.94832603300007, -3.0486655179999738], [101.94832578567664, -3.0486679349766286], [101.94832603302007, -3.0486655176994173]]], [[[101.94848985000004, -3.0482202859999092], [101.94848984992672, -3.0482202858374907], [101.94853311597325, -3.048037753433723], [101.94848985000004, -3.0482202859999092]]], [[[101.94863608238933, -3.0476653348872635], [101.94863678900003, -3.0476658349999544], [101.94862737155603, -3.047659167336635], [101.94863608238933, -3.0476653348872635]]], [[[101.94868107187405, -3.047489885249939], [101.94868107200006, -3.047489884999965], [101.94867938732011, -3.047496578806087], [101.94868107187405, -3.047489885249939]]], [[[101.94971159691272, -3.0466204575679985], [101.94971159700005, -3.046620458999966], [101.94958830131351, -3.04669542578114], [101.94971159691272, -3.0466204575679985]]], [[[101.94988381891514, -3.0465157440516015], [101.94990311066462, -3.046482712618542], [101.94988381900001, -3.0465157440000064], [101.94988381891514, -3.0465157440516015]]], [[[101.95025763917876, -3.045985041576393], [101.95025763900011, -3.0459850429999706], [101.95025250972586, -3.045990902296996], [101.95025763917876, -3.045985041576393]]], [[[101.9510980193776, -3.045672371396536], [101.9510980190001, -3.0456723719999395], [101.95062599429428, -3.045359038788538], [101.9510980193776, -3.045672371396536]]], [[[101.95150314265595, -3.0450005951013277], [101.9515722208221, -3.0450203385998895], [101.95143508285693, -3.044981142887258], [101.95150314265595, -3.0450005951013277]]], [[[101.9520903766309, -3.044887791144544], [101.95210239152215, -3.0448497360089433], [101.95209037700005, -3.044887790999959], [101.9520903766309, -3.044887791144544]]], [[[101.95190944556452, -3.043682382336045], [101.9516992417766, -3.0436136702523506], [101.95237835508814, -3.0438356586462834], [101.95190944556452, -3.043682382336045]]], [[[101.95165244900005, -3.043249851999966], [101.95165244900136, -3.0432498515993465], [101.95166300028154, -3.0432183276044076], [101.95165244900005, -3.043249851999966]]], [[[101.95066417544435, -3.0417076309886637], [101.95106413300005, -3.0419581109999454], [101.95106413319073, -3.041958111269931], [101.95066417544435, -3.0417076309886637]]], [[[101.94718447588292, -3.0404270451719593], [101.9469398248992, -3.040433347181447], [101.94731765512488, -3.04038778629572], [101.94718447588292, -3.0404270451719593]]], [[[101.94174404335297, -3.0401933734253777], [101.94174404300011, -3.040193372999942], [101.94183627024064, -3.0401936356859287], [101.94174404335297, -3.0401933734253777]]], [[[101.9419066012008, -3.0401938356768863], [101.94191478756639, -3.040180660009192], [101.94190660120876, -3.040193835676916], [101.9419066012008, -3.0401938356768863]]], [[[101.94805557090791, -3.040060735114768], [101.94803441018365, -3.0400658810093804], [101.9483260115952, -3.039994968016592], [101.94805557090791, -3.040060735114768]]], [[[101.94892681522043, -3.0399909612138454], [101.94892681500005, -3.039990960999981], [101.94903395399238, -3.0399995528072146], [101.94892681522043, -3.0399909612138454]]], [[[101.94610645494902, -3.039180686439468], [101.9461064550001, -3.0391806860000026], [101.94611465115514, -3.0391972848712405], [101.94610645494902, -3.039180686439468]]], [[[101.94292297786117, -3.0379291382067217], [101.94219073211667, -3.039006122634418], [101.9422044647643, -3.0393775750150156], [101.94218450857086, -3.0396290497137586], [101.94213308500005, -3.0384859799999715], [101.94256265200008, -3.0381306459999733], [101.94287560600011, -3.0379556299999733], [101.94292297786117, -3.0379291382067217]]], [[[101.94417190899999, -3.038684916999925], [101.94458584638261, -3.0386600762834846], [101.94415469209488, -3.038681019502672], [101.94417190899999, -3.038684916999925]]], [[[101.94484794457702, -3.0385949957624296], [101.9448127487165, -3.038603735066344], [101.94487026273856, -3.0385894537662894], [101.94484794457702, -3.0385949957624296]]], [[[101.94536926537933, -3.038569470304764], [101.94536926500004, -3.0385694699999495], [101.94549853177368, -3.0385766783052786], [101.94536926537933, -3.038569470304764]]], [[[101.94336692075409, -3.037993183416992], [101.94340537500008, -3.037999335999949], [101.94340537503483, -3.037999336048759], [101.94336692075409, -3.037993183416992]]], [[[102.03469749159603, -3.108906853168721], [102.03415959105988, -3.1083960364710204], [102.03490630200007, -3.108999082999991], [102.03469749159603, -3.108906853168721]]], [[[102.03408589775846, -3.10830734322908], [102.03412299556315, -3.1083519927395424], [102.0340906065963, -3.108313011036552], [102.03408589775846, -3.10830734322908]]], [[[102.03360100398324, -3.107396916634336], [102.03360100400006, -3.107396916999938], [102.03360118438178, -3.1074030736362444], [102.03360100398324, -3.107396916634336]]], [[[102.03317902858936, -3.106301936285259], [102.03292450952057, -3.1060813830836604], [102.03355320146844, -3.1069438415205415], [102.03317902858936, -3.106301936285259]]], [[[102.0322144140001, -3.1049208619999824], [102.03221318189287, -3.105361716669847], [102.03221444477852, -3.1049098411563496], [102.0322144140001, -3.1049208619999824]]], [[[102.0314715119008, -3.10121302805874], [102.03147151200008, -3.101213027999961], [102.0314846674898, -3.101243009434129], [102.0314715119008, -3.10121302805874]]], [[[102.031030759562, -3.100392310356772], [102.0310280664713, -3.1003872951787934], [102.03109322404946, -3.1005086245539326], [102.031030759562, -3.100392310356772]]], [[[102.03054430457604, -3.0992813472563467], [102.03062421937632, -3.099153611370518], [102.03036059378988, -3.099886065048609], [102.03054430457604, -3.0992813472563467]]], [[[102.03099318419774, -3.098563854655993], [102.03099467590624, -3.0985614698875286], [102.03099467600006, -3.098561469999955], [102.03099318419774, -3.098563854655993]]], [[[102.02995739801554, -3.0975128853113487], [102.02995739800005, -3.097512884999977], [102.03013917796865, -3.097667020777871], [102.02995739801554, -3.0975128853113487]]], [[[101.95390366320305, -3.0954657068035103], [101.9537805780001, -3.0933142789999413], [101.9511186910141, -3.09108029491585], [101.9537805804095, -3.0933142789307944], [101.95409670739718, -3.094736806758198], [101.95390366320305, -3.0954657068035103]]], [[[102.00221085144972, -3.0928354052297236], [102.00187258244792, -3.092834444998367], [102.002449480343, -3.092844968665252], [102.00221085144972, -3.0928354052297236]]], [[[102.0002808191046, -3.0928299220632245], [102.00028081900007, -3.0928299219999276], [102.00029929387753, -3.0928251852174715], [102.0002808191046, -3.0928299220632245]]], [[[101.99999445896755, -3.0927522864553563], [102.00007851222281, -3.0927750744793037], [102.0000019069625, -3.0927543061662353], [101.99999445896755, -3.0927522864553563]]], [[[102.00096121200004, -3.0926554749999666], [102.00123328474564, -3.0926141889889074], [102.00049028089384, -3.0927762179506995], [102.00096121200004, -3.0926554749999666]]], [[[102.02717592892606, -3.0922557750839164], [102.02717592900002, -3.0922557749999355], [102.02759964806555, -3.093006050642113], [102.02717592892606, -3.0922557750839164]]], [[[102.00317729200007, -3.0923310559999533], [102.00398664859561, -3.091694839013429], [102.00317729259802, -3.0923310564330615], [102.00304427297488, -3.092837773144645], [102.00299778128992, -3.092841888470845], [102.00317729200007, -3.0923310559999533]]], [[[101.99861226644299, -3.0921691164115193], [101.9986021673516, -3.0921622067687116], [101.9986476619195, -3.092193333078651], [101.99861226644299, -3.0921691164115193]]], [[[102.01453142318667, -3.0917972062760013], [102.01446203583336, -3.091775678320604], [102.01463904486141, -3.0918305963156327], [102.01453142318667, -3.0917972062760013]]], [[[102.01600943500009, -3.0917500679999237], [102.01600943558702, -3.091750068310946], [102.01557010833204, -3.091991352817672], [102.01600943500009, -3.0917500679999237]]], [[[102.01432394059742, -3.091472303703829], [102.01432394100007, -3.0914723039999488], [102.01433727995536, -3.09156212077395], [102.01432394059742, -3.091472303703829]]], [[[102.00874504215005, -3.091180657161537], [102.00874504200006, -3.0911806569999762], [102.00884932630254, -3.091183947906468], [102.00874504215005, -3.091180657161537]]], [[[102.0110007698007, -3.091161811828379], [102.00936177243204, -3.0912001190473815], [102.01050613400011, -3.0911171619999585], [102.0110007698007, -3.091161811828379]]], [[[102.00814518490364, -3.0909330822924788], [102.00860982900005, -3.091152660999964], [102.00861764318309, -3.0911563538026807], [102.0086098290804, -3.0911526612662774], [102.00814518490364, -3.0909330822924788]]], [[[102.00476148700005, -3.0905276449999475], [102.00476148705303, -3.0905276450347325], [102.00445196198854, -3.091408673071777], [102.00442992507536, -3.0914216198620545], [102.00476148700005, -3.0905276449999475]]], [[[102.01385927258741, -3.0908230651323287], [102.01329197394551, -3.090970711329187], [102.0128050681747, -3.090579766747192], [102.01329197400013, -3.090970710999924], [102.01385927258741, -3.0908230651323287]]], [[[102.01411976973118, -3.090755267422067], [102.0142138130001, -3.0907307909999617], [102.01421381302148, -3.0907307911439825], [102.01411976973118, -3.090755267422067]]], [[[102.01101045400029, -3.091162685993868], [102.01103436200002, -3.0904572249999815], [102.01118285470028, -3.0901423208692567], [102.01103436444441, -3.09045722542055], [102.01101045400029, -3.091162685993868]]], [[[102.00673557358789, -3.090467098178001], [102.00673557347831, -3.090467098124429], [102.00678883027098, -3.0904809552506802], [102.00673557358789, -3.090467098178001]]], [[[102.01663242744462, -3.0906373002711724], [102.01613628909372, -3.091371059978757], [102.01663913011407, -3.089486834969692], [102.01663242744462, -3.0906373002711724]]], [[[102.0113873771258, -3.089708599172468], [102.01126883685461, -3.0899599820544124], [102.01149643788649, -3.0896614568270797], [102.0113873771258, -3.089708599172468]]], [[[101.99577124604622, -3.0898186402180294], [101.99577124600005, -3.089818639999997], [101.9958648804904, -3.0898789138818232], [101.99577124604622, -3.0898186402180294]]], [[[102.01181159690769, -3.0895252275371896], [102.01204614900007, -3.089423840999926], [102.01204614926444, -3.0894238415001634], [102.01181159690769, -3.0895252275371896]]], [[[101.99502686100091, -3.0893535270436066], [101.99501046976438, -3.089336956100284], [101.99506441576355, -3.0893772707870095], [101.99502686100091, -3.0893535270436066]]], [[[102.01673453083278, -3.08946149293515], [102.0171839350001, -3.0893219639999314], [102.01736515922506, -3.0892522368677673], [102.01673453083278, -3.08946149293515]]], [[[102.01768336246305, -3.0890816187496872], [102.01816446000004, -3.0886837129999627], [102.01819500683816, -3.088273499061636], [102.01816446032166, -3.0886837128829803], [102.01768336246305, -3.0890816187496872]]], [[[102.0180203340712, -3.087721779136755], [102.01817971782854, -3.0882071516635023], [102.01802048761876, -3.0876668175647595], [102.0180203340712, -3.087721779136755]]], [[[102.0184639108417, -3.087326057855117], [102.01814125241691, -3.0874358981481524], [102.01802068399917, -3.0875965583121934], [102.0184639108417, -3.087326057855117]]], [[[101.99248859017638, -3.087273849308648], [101.99248859000005, -3.087273848999942], [101.9927741424842, -3.0873371037482165], [101.99248859017638, -3.087273849308648]]], [[[101.99011993937607, -3.0865221460319354], [101.99132203692326, -3.0869253771160987], [101.99014392989852, -3.0865396140119463], [101.99011993937607, -3.0865221460319354]]], [[[102.01892539828856, -3.0870221920204757], [102.0189713830001, -3.086485654999912], [102.01908781300006, -3.0862131769999324], [102.01932290740983, -3.085981625533771], [102.01892539828856, -3.0870221920204757]]], [[[102.02567249400006, -3.0857278459999096], [102.02567249400006, -3.086828346999936], [102.02577581500009, -3.0872510220000065], [102.02577820984824, -3.087260819381803], [102.02567249400006, -3.0857278459999096]]], [[[102.02333618583555, -3.085789202122311], [102.024423277, -3.085817075999933], [102.0245366421141, -3.0858089785931044], [102.02442327771217, -3.0858170761970887], [102.02333618583555, -3.085789202122311]]], [[[101.98880813988382, -3.085808250250516], [101.98880814000007, -3.0858082499999977], [101.9888468210833, -3.0858473557154227], [101.98880813988382, -3.085808250250516]]], [[[102.01991413812705, -3.0855640510400844], [102.01970093310686, -3.085709347791524], [102.01997995974038, -3.085518833166644], [102.01991413812705, -3.0855640510400844]]], [[[101.98865542507194, -3.0855212001350814], [101.98845816331362, -3.0854765443070264], [101.98831695676886, -3.085451079426466], [101.98865542507194, -3.0855212001350814]]], [[[101.98773453900007, -3.085430389999902], [101.98773453911775, -3.085430390200318], [101.98763243756478, -3.0853787066810527], [101.98773453900007, -3.085430389999902]]], [[[102.0202469574312, -3.0853354136983175], [102.02010126819923, -3.0854354973465687], [102.0203949773324, -3.085238226010378], [102.0202469574312, -3.0853354136983175]]], [[[101.9868760484108, -3.0851339236131254], [101.98718197859148, -3.0851883068509274], [101.98710508023532, -3.0851746373995796], [101.9868760484108, -3.0851339236131254]]], [[[102.02163290900005, -3.084485119999934], [102.0232207022957, -3.085753318255114], [102.0216329089658, -3.0844851200194676], [102.02163290900005, -3.084485119999934]]], [[[102.02114725524173, -3.084747615010377], [102.02060135816852, -3.0851027213763373], [102.02147843486277, -3.084571888734383], [102.02114725524173, -3.084747615010377]]], [[[101.98442589643805, -3.0843406484021396], [101.98398479106345, -3.084097855963674], [101.98489886563877, -3.084447720625725], [101.98442589643805, -3.0843406484021396]]], [[[101.98080512200005, -3.082398000999921], [101.98088598082917, -3.0824760324706584], [101.98068229150927, -3.082279464892457], [101.98080512200005, -3.082398000999921]]], [[[101.97821709348669, -3.081402163528723], [101.97903806600003, -3.081723720999901], [101.97906864639997, -3.0817328574645506], [101.97903806615386, -3.0817237210728243], [101.97821709348669, -3.081402163528723]]], [[[101.97463495304072, -3.07990329719933], [101.97463495300005, -3.079903296999922], [101.97504338708632, -3.0801132165831753], [101.97463495304072, -3.07990329719933]]], [[[101.97224944825348, -3.0786808433462003], [101.97221885089522, -3.0786590982292332], [101.9725222695856, -3.0788747309837485], [101.97224944825348, -3.0786808433462003]]], [[[101.96913848555272, -3.0769553501092517], [101.9691384860001, -3.076955349999892], [101.97015344620984, -3.0776330456608822], [101.96913848555272, -3.0769553501092517]]], [[[101.9665675775375, -3.0752439190969545], [101.96848154788518, -3.07660072224547], [101.96775925288728, -3.0760915800623225], [101.96677378658103, -3.0755816851466284], [101.9665675775375, -3.0752439190969545]]], [[[101.96585660759645, -3.0741901110846976], [101.96582817817482, -3.074178247815647], [101.96598794849604, -3.0743644302746787], [101.96585660759645, -3.0741901110846976]]], [[[101.96515587426312, -3.073813312177344], [101.96458585295483, -3.073745542023115], [101.96458161382269, -3.073741324444693], [101.96515587426312, -3.073813312177344]]], [[[101.96342382095264, -3.0726268141760857], [101.96342382100005, -3.072626813999957], [101.9634750863287, -3.072626960619549], [101.96342382095264, -3.0726268141760857]]], [[[101.9625941379092, -3.0718928163003683], [101.9617453374497, -3.0712489041382867], [101.96271108563089, -3.0719962765281252], [101.9625941379092, -3.0718928163003683]]], [[[101.95921947959539, -3.06902647908867], [101.95921948000007, -3.069026478999948], [101.95984905529804, -3.069635904510498], [101.95921947959539, -3.06902647908867]]], [[[101.95886934438636, -3.068410285585267], [101.95894908927569, -3.068550626423372], [101.95888991493769, -3.068446487415426], [101.95886934438636, -3.068410285585267]]], [[[101.95825161392088, -3.068114284146877], [101.95822885556892, -3.0681055667526627], [101.95827351221804, -3.0681235315166115], [101.95825161392088, -3.068114284146877]]], [[[101.95690786580542, -3.0676839594471534], [101.95690786400004, -3.067683957999979], [101.95751044366311, -3.0678306362807937], [101.95690786580542, -3.0676839594471534]]], [[[101.95621358474506, -3.0672953891082364], [101.95626369000003, -3.067298383999962], [101.95626369013611, -3.0672983840963], [101.95621358474506, -3.0672953891082364]]], [[[101.95539563798144, -3.0672252161103666], [101.95538876578884, -3.067224636753046], [101.95539563800006, -3.06722521599995], [101.95539563798144, -3.0672252161103666]]], [[[101.95521502072044, -3.067209992062917], [101.95537447391034, -3.0672234321149623], [101.95535932857024, -3.067222155777809], [101.95521502072044, -3.067209992062917]]], [[[101.95508131977309, -3.0669563113551193], [101.95501524208986, -3.0671931526780525], [101.95501524166013, -3.067193152641835], [101.95508131977309, -3.0669563113551193]]], [[[101.95497976430477, -3.0657215739914268], [101.95494589610449, -3.0656762166612856], [101.95512701483149, -3.0659187742240204], [101.95497976430477, -3.0657215739914268]]], [[[101.95467855172843, -3.065533582445938], [101.95469011731484, -3.065538737708413], [101.95468932555201, -3.0655383847885678], [101.95467855172843, -3.065533582445938]]], [[[101.95373766920227, -3.0648274472508454], [101.95373977676256, -3.064830062619746], [101.95373766925809, -3.064827447328811], [101.95373766920227, -3.0648274472508454]]]]}}, {"type": "Feature", "properties": {"NAMOBJ": "PT BAT", "ORGANISASI": null}, "geometry": {"type": "MultiPolygon", "coordinates": [[[[101.52462749499203, -2.861611047999759], [101.52442515108213, -2.8612758498884836], [101.524669093857, -2.861703811601626], [101.52462749499203, -2.861611047999759]]], [[[101.52289891699203, -2.85703135099982], [101.52289891705146, -2.8570313508161527], [101.52292992682708, -2.857115824473846], [101.52289891699203, -2.85703135099982]]], [[[101.52261000444821, -2.8561977287421345], [101.52261000299193, -2.8561977289998635], [101.52255723631531, -2.856085067127996], [101.52261000444821, -2.8561977287421345]]], [[[101.52249726399195, -2.8559570169999247], [101.52249726543653, -2.8559570171025794], [101.52250340918899, -2.855970140137928], [101.52249726399195, -2.8559570169999247]]], [[[101.52050972144656, -2.8471298222834216], [101.52060449399205, -2.84849628799992], [101.52040549132023, -2.8469922972870236], [101.52050972144656, -2.8471298222834216]]], [[[101.51996098840897, -2.8464049642176925], [101.519960986992, -2.846404963999878], [101.51989697422965, -2.8461441657092794], [101.51996098840897, -2.8464049642176925]]], [[[101.51971795601038, -2.845414748952434], [101.51928138899211, -2.844837188999918], [101.51885051899217, -2.844489679999871], [101.51873585654486, -2.8443972006760094], [101.51971795601038, -2.845414748952434]]], [[[101.51368179766756, -2.8444956274164177], [101.5130261189923, -2.8442915739998904], [101.51288510352046, -2.844238733485455], [101.51368179766756, -2.8444956274164177]]], [[[101.51852207499219, -2.8442248809998945], [101.51824842742303, -2.844154207550613], [101.5185221470414, -2.8442248994938133], [101.51852207499219, -2.8442248809998945]]], [[[101.51560831156614, -2.8435892332223176], [101.51575279255741, -2.8435096742320463], [101.51575279256627, -2.8435096742343333], [101.51560831156614, -2.8435892332223176]]], [[[101.5157540819921, -2.8435100069999004], [101.5157540821852, -2.8435100069812105], [101.51581409531919, -2.8435255063782985], [101.5157540819921, -2.8435100069999004]]], [[[101.50925329439976, -2.8421199771659196], [101.51067543342458, -2.8432674409396], [101.51239965366085, -2.84405630145743], [101.51067543199231, -2.843267440999906], [101.50974845899229, -2.8427734379998757], [101.50925329439976, -2.8421199771659196]]], [[[101.50479915975347, -2.8389803187866463], [101.50607376976566, -2.8399248608129826], [101.5047006388109, -2.838905553334631], [101.50479915975347, -2.8389803187866463]]], [[[101.50255472875442, -2.8371637497923348], [101.50391545834401, -2.8383036481588015], [101.50320182440475, -2.837705829260583], [101.50255472875442, -2.8371637497923348]]], [[[101.5021294439924, -2.836807483999913], [101.50212944401869, -2.8368074838782027], [101.50255472875442, -2.8371637497923348], [101.5021294439924, -2.836807483999913]]], [[[101.50174691828573, -2.836471918943849], [101.50157849184734, -2.836324169202546], [101.50188866884771, -2.836596267488087], [101.50174691828573, -2.836471918943849]]], [[[101.50072670127628, -2.8355769478178576], [101.50157849184734, -2.836324169202546], [101.49992142698959, -2.8349136221424405], [101.50072670127628, -2.8355769478178576]]], [[[101.49864561537545, -2.8337620846431184], [101.49955493141499, -2.834622986561548], [101.49980275047217, -2.8348195102056306], [101.4995549309925, -2.834622986999817], [101.49864561537545, -2.8337620846431184]]], [[[101.49862980499256, -2.8337471159998158], [101.49855468443565, -2.8336612086223334], [101.49862980504744, -2.8337471160517858], [101.49862980499256, -2.8337471159998158]]], [[[101.49701740745668, -2.8321948556973178], [101.49753927731587, -2.8324999929802224], [101.4977302161711, -2.832718350319012], [101.49701740745668, -2.8321948556973178]]], [[[101.49483361615361, -2.8304967045949474], [101.49543860940435, -2.8309627692163972], [101.49566434914819, -2.831160977908411], [101.49543860899269, -2.830962768999823], [101.49483361615361, -2.8304967045949474]]], [[[101.49219059811765, -2.828632663566516], [101.4921905979927, -2.8286326639998807], [101.49218996899272, -2.82863368099988], [101.49219059811765, -2.828632663566516]]], [[[101.4926821799927, -2.8278427729998774], [101.49265288731004, -2.8278868350702537], [101.49292377261958, -2.8281316272033488], [101.4926821799927, -2.8278427729998774]]], [[[101.4916594871683, -2.826955704198219], [101.49170992099262, -2.8257595569999125], [101.4923125529381, -2.824295179146117], [101.49170992127591, -2.8257595571577747], [101.4916594871683, -2.826955704198219]]], [[[101.4941764794854, -2.8236077660764147], [101.49378334242738, -2.8238003454095573], [101.49231580893446, -2.8242872671413237], [101.4941764794854, -2.8236077660764147]]], [[[101.49585533096352, -2.822786331014174], [101.49585533095882, -2.822786331024302], [101.49582758374505, -2.822799898076065], [101.49585533096352, -2.822786331014174]]], [[[101.49611650810179, -2.8222247076861797], [101.49610758899411, -2.8222437754298566], [101.49609358978611, -2.8222737011354893], [101.49611650810179, -2.8222247076861797]]], [[[101.49672395644552, -2.820974385059804], [101.49623334299251, -2.8216154709998618], [101.49672395599251, -2.8209743849998365], [101.49683466915242, -2.8206437413674244], [101.49672395644552, -2.820974385059804]]], [[[101.49738909912645, -2.8193446791711216], [101.49755087379434, -2.8189934352356], [101.49749432740136, -2.819116210344766], [101.49738909912645, -2.8193446791711216]]], [[[101.49981447003115, -2.8183000470170962], [101.49849628907253, -2.8191276272381764], [101.49759632800178, -2.818898502078009], [101.49981447003115, -2.8183000470170962]]], [[[101.50240736499252, -2.8186102749999087], [101.50240736613792, -2.818609992659529], [101.50137943569935, -2.818644078451078], [101.50240736499252, -2.8186102749999087]]], [[[101.49981495999243, -2.8183002649998454], [101.49981495959275, -2.818300265344926], [101.49981466800823, -2.8183001350966794], [101.49981495999243, -2.8183002649998454]]], [[[101.50241244807609, -2.8169093495867576], [101.5024124479925, -2.816909349999844], [101.50205178764173, -2.8160449593443038], [101.50241244807609, -2.8169093495867576]]], [[[101.50233022306139, -2.8152841541403366], [101.5025676298114, -2.814820542137634], [101.50256762985968, -2.8148205420989934], [101.50233022306139, -2.8152841541403366]]], [[[101.50790195810698, -2.8134183674119946], [101.50810022474566, -2.8134865721475486], [101.50809900526498, -2.8134868131658575], [101.50790195810698, -2.8134183674119946]]], [[[101.50518752548255, -2.813316385859317], [101.50529693932485, -2.8133320322720197], [101.5051875254016, -2.8133163858881955], [101.50518752548255, -2.813316385859317]]], [[[101.50956210240918, -2.8131551710742375], [101.50903892540612, -2.813301086975506], [101.50892649565242, -2.8133232527913954], [101.50903892499241, -2.813301086999903], [101.50956210240918, -2.8131551710742375]]], [[[101.50665229746197, -2.813019559222651], [101.50635669470574, -2.813446156614816], [101.50635642144768, -2.8134465503779458], [101.50665229746197, -2.813019559222651]]], [[[101.51076665799218, -2.812308374999815], [101.51076665795495, -2.812308374831559], [101.51077589730141, -2.812336664003153], [101.51076665799218, -2.812308374999815]]], [[[101.51060084654529, -2.8118006959669026], [101.51060084658384, -2.8118006959379795], [101.51062268033336, -2.8118675466025294], [101.51060084654529, -2.8118006959669026]]], [[[101.51034355211328, -2.8097839355801333], [101.51034355199222, -2.8097839359998638], [101.51000572979382, -2.808779680157072], [101.51034355211328, -2.8097839355801333]]], [[[101.5099239374398, -2.808536529137485], [101.5099526242209, -2.8086218120032886], [101.50966833982704, -2.808353743833996], [101.5099239374398, -2.808536529137485]]], [[[101.50962523841406, -2.8083229176684767], [101.50962523699238, -2.808322917999869], [101.50957395528532, -2.8082862870623497], [101.50962523841406, -2.8083229176684767]]], [[[101.52253474999198, -2.7320599979998996], [101.5225347500787, -2.732059998070391], [101.52248793455742, -2.7320430309754773], [101.52253474999198, -2.7320599979998996]]], [[[101.52218102603359, -2.731931799712756], [101.52221072705056, -2.7317354712172865], [101.52237080497795, -2.7320005803254386], [101.52218102603359, -2.731931799712756]]], [[[101.52084484771132, -2.729795201206175], [101.52097952357344, -2.7299404982662097], [101.5209346825896, -2.7298921211244678], [101.52084484771132, -2.729795201206175]]], [[[101.52021390499199, -2.728770790999872], [101.52021390474795, -2.7287707906394223], [101.52018566145301, -2.7287126593474635], [101.52021390499199, -2.728770790999872]]], [[[101.5193009288832, -2.7273073529483334], [101.51910265656244, -2.7268173309549883], [101.51908732068671, -2.726779427895261], [101.51910265699203, -2.726817330999893], [101.5193009288832, -2.7273073529483334]]], [[[101.51901767899213, -2.7266276889998227], [101.51901767872296, -2.726627689116518], [101.51885281177515, -2.7264053010358484], [101.51901767899213, -2.7266276889998227]]], [[[101.52558902041704, -2.8637552049386903], [101.52558901999188, -2.8637552049999013], [101.52546935989201, -2.8634883684950463], [101.52558902041704, -2.8637552049386903]]], [[[101.52535602999197, -2.863267943999918], [101.52532412903959, -2.8631645112352153], [101.52540736927001, -2.8633501326779114], [101.52535602999197, -2.863267943999918]]], [[[101.56955166399085, -2.8088735319998217], [101.5695516636784, -2.8088735320877665], [101.56936520578118, -2.808623372026342], [101.56955166399085, -2.8088735319998217]]], [[[101.56922717199085, -2.808458501999879], [101.56922717209636, -2.808458502158092], [101.56910728457918, -2.808321340242613], [101.56922717199085, -2.808458501999879]]], [[[101.56910101996098, -2.8083141729636645], [101.56910101969635, -2.808314172660907], [101.56910001982304, -2.8083129632212778], [101.56910101996098, -2.8083141729636645]]], [[[101.5687497709909, -2.807994100999892], [101.5687497705855, -2.807994101246724], [101.56872262915135, -2.807948146123973], [101.5687497709909, -2.807994100999892]]], [[[101.56864566345374, -2.8075230016100265], [101.56864942528674, -2.8075174882531617], [101.56865148399083, -2.807519298999799], [101.56864566345374, -2.8075230016100265]]], [[[101.56851368999084, -2.80719625999989], [101.56851368955518, -2.8071962595996673], [101.56848070933209, -2.807108051024304], [101.56851368999084, -2.80719625999989]]], [[[101.56813438199084, -2.806472640999907], [101.56813438159651, -2.806472640799705], [101.56811123381888, -2.806434707228219], [101.56813438199084, -2.806472640999907]]], [[[101.56722255999095, -2.804985857999886], [101.56722255987331, -2.8049858582107294], [101.5670079103735, -2.804423385739196], [101.56722255999095, -2.804985857999886]]], [[[101.5659512650811, -2.802752513989513], [101.56555810272431, -2.802024911420463], [101.56542193548162, -2.8018044050640416], [101.5659512650811, -2.802752513989513]]], [[[101.56504876899098, -2.8011853389999013], [101.5651566029899, -2.8013658583650565], [101.56494930533475, -2.801018831435894], [101.56504876899098, -2.8011853389999013]]], [[[101.5638784086549, -2.7991928588297053], [101.5644153579911, -2.7999830179999052], [101.56481047658643, -2.8007834796110798], [101.56441535758273, -2.799983017801987], [101.5638784086549, -2.7991928588297053]]], [[[101.56337690499109, -2.798192022999896], [101.56337690502023, -2.7981920233431734], [101.56337454548122, -2.798185931382946], [101.56337690499109, -2.798192022999896]]], [[[101.56303658299096, -2.797509384999892], [101.56303658267223, -2.797509384850175], [101.56292481593097, -2.797390226128531], [101.56303658299096, -2.797509384999892]]], [[[101.56190876022097, -2.7942913305746115], [101.56159765300936, -2.7935431183202075], [101.56146432451811, -2.7932224638083634], [101.561597652991, -2.793543117999884], [101.56190876022097, -2.7942913305746115]]], [[[101.5610806339911, -2.7920294259998775], [101.56108063366435, -2.7920294262170198], [101.5610708676, -2.791976195619217], [101.5610806339911, -2.7920294259998775]]], [[[101.56103084999111, -2.7917580669998174], [101.56103084989388, -2.7917580665814525], [101.56103051533469, -2.791756242844291], [101.56103084999111, -2.7917580669998174]]], [[[101.55971196439202, -2.7885414256993437], [101.56038309999114, -2.7894771409998977], [101.56038798603642, -2.789609685729165], [101.55971196439202, -2.7885414256993437]]], [[[101.55958099199108, -2.7883758119999102], [101.55959011331512, -2.7883873462496984], [101.55958099187173, -2.788375811950072], [101.55958099199108, -2.7883758119999102]]], [[[101.55910041399109, -2.7881751789998366], [101.55910041375313, -2.7881751792410765], [101.55886141950768, -2.7880754020272662], [101.55910041399109, -2.7881751789998366]]], [[[101.55865361017678, -2.787988644363803], [101.55860430004844, -2.7879680581792816], [101.55860429999896, -2.7879680580031305], [101.55865361017678, -2.787988644363803]]], [[[101.5579309859912, -2.786453018999906], [101.55793098572644, -2.7864530188916814], [101.55768025817268, -2.7860565403578126], [101.5579309859912, -2.786453018999906]]], [[[101.55737003690581, -2.7855869906863857], [101.55738889125, -2.7856124234782813], [101.55737003634002, -2.7855869899909327], [101.55737003690581, -2.7855869906863857]]], [[[101.55683609475683, -2.784866750703709], [101.5567728612786, -2.7847814544005556], [101.55677286124903, -2.78478145434759], [101.55683609475683, -2.784866750703709]]], [[[101.5551749129912, -2.781605899999871], [101.55517491259218, -2.7816058996924617], [101.55517310392433, -2.781600389162205], [101.5551749129912, -2.781605899999871]]], [[[101.55500185605003, -2.780593635488668], [101.5550014041899, -2.7807490077912616], [101.55500144056407, -2.780736373984446], [101.55500185605003, -2.780593635488668]]], [[[101.55500230799122, -2.780438234999895], [101.5550023079908, -2.7804382351413746], [101.55495084377561, -2.7804265764807705], [101.55500230799122, -2.780438234999895]]], [[[101.55411054899129, -2.7783604079999114], [101.55411054876288, -2.7783604083061273], [101.5541220260689, -2.778115293578556], [101.55411054899129, -2.7783604079999114]]], [[[101.55412439199127, -2.77806476499989], [101.55411955457384, -2.7780561946375952], [101.55411611756195, -2.7780501052145006], [101.55412439199127, -2.77806476499989]]], [[[101.55364931934508, -2.777140762125018], [101.55336841472065, -2.77609303576492], [101.5525144118571, -2.775085243639094], [101.55336841499135, -2.776093035999901], [101.55364931934508, -2.777140762125018]]], [[[101.55109205624878, -2.772709191910225], [101.55011878465427, -2.7709956172538983], [101.54947980749085, -2.7702056277513445], [101.5501187849913, -2.7709956169998717], [101.55109205624878, -2.772709191910225]]], [[[101.54865505199146, -2.7691859509998786], [101.54865505168937, -2.769185951070716], [101.54689229645915, -2.7671992258890903], [101.54865505199146, -2.7691859509998786]]], [[[101.54529610959885, -2.7653899889180384], [101.54583150964991, -2.7659971682716655], [101.5464822369914, -2.7667351369998383], [101.54654012779751, -2.7668007895050453], [101.54529610959885, -2.7653899889180384]]], [[[101.54447673652058, -2.7640468905424234], [101.5446346919873, -2.764359231036089], [101.54438048684848, -2.7638565674286464], [101.54447673652058, -2.7640468905424234]]], [[[101.53762212909379, -2.754307466574816], [101.53835777499158, -2.7554240909998433], [101.53850986355681, -2.755636800489794], [101.53835777469163, -2.7554240907491567], [101.53762212909379, -2.754307466574816]]], [[[101.53632778809703, -2.753326002992594], [101.53639898125638, -2.7533333721403865], [101.5364596223994, -2.753339649303823], [101.53632778809703, -2.753326002992594]]], [[[101.53570353359129, -2.7516114446124154], [101.53570353399168, -2.7516114449998588], [101.53583560963752, -2.7518924499075363], [101.53570353359129, -2.7516114446124154]]], [[[101.53463760499173, -2.750461449999813], [101.53463760494157, -2.7504614500358637], [101.53452661006934, -2.7502562231263923], [101.53463760499173, -2.750461449999813]]], [[[101.53344667399169, -2.7483964759998623], [101.53344667412478, -2.74839647621638], [101.53343399306985, -2.748377656711326], [101.53344667399169, -2.7483964759998623]]], [[[101.53208787299181, -2.746236734999858], [101.53256125930503, -2.7469906140921685], [101.53206480094236, -2.746200042917205], [101.53208787299181, -2.746236734999858]]], [[[101.53105719794266, -2.743748931952761], [101.53105719799173, -2.743748931999896], [101.53106262674615, -2.7437898504195863], [101.53105719794266, -2.743748931952761]]], [[[101.53083003701732, -2.743530662371473], [101.53034634410858, -2.743065901270252], [101.53030897582802, -2.743023379904007], [101.53034634399171, -2.7430659009999103], [101.53083003701732, -2.743530662371473]]], [[[101.52914362526592, -2.7416705739285065], [101.52913858517763, -2.741664626221455], [101.52913858517763, -2.7416646262192663], [101.52914362526592, -2.7416705739285065]]], [[[101.52913941299184, -2.741377909999758], [101.52913941255389, -2.7413779097626576], [101.52900074250402, -2.741237655671472], [101.52913941299184, -2.741377909999758]]], [[[101.52789632599195, -2.7398690149999028], [101.52789632555505, -2.739869014643268], [101.52773519864861, -2.7396484688529155], [101.52789632599195, -2.7398690149999028]]], [[[101.52732047872152, -2.7390808135057405], [101.52729749578288, -2.7390493563426555], [101.52729622810891, -2.739047620862755], [101.52732047872152, -2.7390808135057405]]], [[[101.52654838599179, -2.7376430229999205], [101.52656375816953, -2.737668956483435], [101.52654838582954, -2.7376430228267115], [101.52654838599179, -2.7376430229999205]]], [[[101.52432961701828, -2.7343738718566333], [101.52534032399188, -2.7363492739999065], [101.52568592473064, -2.736720673331438], [101.52534032369704, -2.7363492740996724], [101.52432961701828, -2.7343738718566333]]], [[[101.59135688501232, -2.83027647228129], [101.59135688499032, -2.830276471999804], [101.59140083086265, -2.83012351993474], [101.59135688501232, -2.83027647228129]]], [[[101.59062826699028, -2.8299416589997937], [101.59062826688108, -2.8299416591801836], [101.59036912655199, -2.829716985184125], [101.59062826699028, -2.8299416589997937]]], [[[101.59176748737585, -2.8285597690914313], [101.59176019407778, -2.8286065220733], [101.59173470088763, -2.8287699387297285], [101.59176748737585, -2.8285597690914313]]], [[[101.58872159432848, -2.8285011577315267], [101.58819335603863, -2.8281163582832316], [101.58804887913921, -2.827986461288174], [101.58819335599038, -2.8281163579998667], [101.58872159432848, -2.8285011577315267]]], [[[101.5920067377084, -2.8284148687005723], [101.59262702326625, -2.827761439863128], [101.59262705508773, -2.827750555059471], [101.5920067377084, -2.8284148687005723]]], [[[101.59262899199031, -2.8270874209998005], [101.59267846151204, -2.8262726171130406], [101.5926284814215, -2.827262282748937], [101.59262899199031, -2.8270874209998005]]], [[[101.59271855032091, -2.8257446266131887], [101.59271223389305, -2.8259089273294946], [101.59272666160312, -2.825533625704707], [101.59271855032091, -2.8257446266131887]]], [[[101.58580410599049, -2.825569849999904], [101.58588450205298, -2.8256816934697886], [101.58567261748473, -2.8253168471924552], [101.58580410599049, -2.825569849999904]]], [[[101.59304766499037, -2.8249175149998513], [101.59304766512241, -2.8249175149427903], [101.5929954987958, -2.8249740053240133], [101.59304766499037, -2.8249175149998513]]], [[[101.59377635399032, -2.824602561999819], [101.5937763535959, -2.824602562258403], [101.59347785603697, -2.8247315784424547], [101.59377635399032, -2.824602561999819]]], [[[101.59445213299018, -2.824613254999901], [101.59445213295966, -2.824613255197502], [101.59439561165424, -2.8246108150891893], [101.59445213299018, -2.824613254999901]]], [[[101.59503304099026, -2.824575054999848], [101.5950431985967, -2.824063459009647], [101.59503302958183, -2.824578977920684], [101.59503304099026, -2.824575054999848]]], [[[101.5950868919902, -2.8237833619999058], [101.59508689243785, -2.8237833617663024], [101.59507130028123, -2.823883309862899], [101.5950868919902, -2.8237833619999058]]], [[[101.58426417291167, -2.8237821689653346], [101.5844064176535, -2.8237748596141308], [101.58421517605335, -2.8237846867206158], [101.58426417291167, -2.8237821689653346]]], [[[101.58344882790112, -2.823456028273021], [101.58344882799051, -2.8234560279998853], [101.58370967428318, -2.8236671201326846], [101.58344882790112, -2.823456028273021]]], [[[101.59652918796898, -2.823171062853423], [101.59549476287305, -2.8235705110701526], [101.5954305737408, -2.823604008722339], [101.59652918796898, -2.823171062853423]]], [[[101.59699582772322, -2.8231411620170057], [101.59699582759544, -2.8231411621348963], [101.59694987249506, -2.8231441067828698], [101.59699582772322, -2.8231411620170057]]], [[[101.5970701859901, -2.8230725509998607], [101.59707018624016, -2.823072551057343], [101.59702876811002, -2.8231107677650296], [101.5970701859901, -2.8230725509998607]]], [[[101.59714343255574, -2.82300496506375], [101.59741019999018, -2.822442732999814], [101.59766433332894, -2.8223900298401197], [101.59741020012069, -2.8224427333454463], [101.5973317549566, -2.8228311973018623], [101.59714343255574, -2.82300496506375]]], [[[101.58250425961418, -2.822899586789878], [101.5818908749905, -2.822401858999901], [101.58212709199063, -2.822760416999803], [101.58250425961418, -2.822899586789878]]], [[[101.59851902999004, -2.822212779999901], [101.59851903002925, -2.8222127802955055], [101.59817632588839, -2.8222838510725663], [101.59851902999004, -2.822212779999901]]], [[[101.59860860599015, -2.8222049619998697], [101.59860860603541, -2.8222049619716043], [101.59860846630507, -2.8222057593401075], [101.59860860599015, -2.8222049619998697]]], [[[101.59893612899015, -2.822000471999878], [101.59903468731059, -2.821938936488088], [101.59884203183007, -2.822059221862714], [101.59893612899015, -2.822000471999878]]], [[[101.59989144943091, -2.82140401098627], [101.60064012599017, -2.820816079999859], [101.60212898709057, -2.8202389236075174], [101.60064012604107, -2.8208160800979885], [101.59989144943091, -2.82140401098627]]], [[[101.60241481938846, -2.8201281203164474], [101.60241481898996, -2.820128119999869], [101.60256306522898, -2.820070651918207], [101.60241481938846, -2.8201281203164474]]], [[[101.60303687595115, -2.819908861105038], [101.60303687598999, -2.8199088609998553], [101.60324503791186, -2.819837780776989], [101.60303687595115, -2.819908861105038]]], [[[101.604239181202, -2.819498313222857], [101.60439305098996, -2.8194457719998014], [101.60442941568978, -2.819433355485128], [101.60428424642089, -2.8194829259961622], [101.604239181202, -2.819498313222857]]], [[[101.60596707798986, -2.8189094489998503], [101.60596707848521, -2.8189094493293734], [101.60493202134947, -2.819262108596435], [101.60596707798986, -2.8189094489998503]]], [[[101.60603437683402, -2.818954218896253], [101.60603437658528, -2.8189542190619377], [101.60601681183894, -2.818942533956502], [101.60603437683402, -2.818954218896253]]], [[[101.6074089047982, -2.8177941289497266], [101.60719291741924, -2.8180100451274317], [101.6068458603512, -2.81835698340795], [101.6074089047982, -2.8177941289497266]]], [[[101.57796681999076, -2.8175413129998104], [101.57796681971303, -2.8175413130811156], [101.57787473904341, -2.81745881992342], [101.57796681999076, -2.8175413129998104]]], [[[101.60834395931398, -2.815810662811243], [101.60812220037928, -2.816546143089962], [101.60803996371541, -2.816764708556778], [101.60834395931398, -2.815810662811243]]], [[[101.5764253119908, -2.816161791999871], [101.57642531157893, -2.816161791733237], [101.57640131619108, -2.81609687250304], [101.5764253119908, -2.816161791999871]]], [[[101.60863231742758, -2.814594251823224], [101.60863231598987, -2.8145942519998832], [101.6086556125178, -2.81448456467145], [101.60863231742758, -2.814594251823224]]], [[[101.57531933791716, -2.814396731923573], [101.57530580321253, -2.814381085944927], [101.57532232804442, -2.8144001884702026], [101.57531933791716, -2.814396731923573]]], [[[101.60861813398978, -2.8140956459998065], [101.60861813421957, -2.8140956460971456], [101.60863354092832, -2.814222577929966], [101.60861813398978, -2.8140956459998065]]], [[[101.60875961098982, -2.813677377999836], [101.60875961106728, -2.8136773777087534], [101.60874237405113, -2.8138701905153707], [101.60875961098982, -2.813677377999836]]], [[[101.61352595218312, -2.8130437828415906], [101.61353234941618, -2.8130385510054996], [101.61352595226094, -2.8130437828442605], [101.61352595218312, -2.8130437828415906]]], [[[101.61168709060205, -2.812862514595294], [101.61231309898976, -2.81300212599982], [101.6133343612116, -2.8130372026548653], [101.61231309867065, -2.813002126247055], [101.61168709060205, -2.812862514595294]]], [[[101.60879410130855, -2.8133618981838193], [101.60915037998609, -2.8128201871019285], [101.60881758316498, -2.813326195147738], [101.60879410130855, -2.8133618981838193]]], [[[101.61438535184367, -2.8123259990114162], [101.6140537562759, -2.8126121298458937], [101.61398313347235, -2.8126698871015545], [101.61438535184367, -2.8123259990114162]]], [[[101.61478136059839, -2.811751206288567], [101.61471400344857, -2.8118483041558875], [101.61460689470657, -2.8120039837986113], [101.61478136059839, -2.811751206288567]]], [[[101.5721630261342, -2.8111421950458], [101.57312142299084, -2.812064493999906], [101.57359310492618, -2.8124814712620183], [101.57312142271553, -2.812064493981157], [101.5721630261342, -2.8111421950458]]], [[[101.61525329803627, -2.8115440506561957], [101.61513871727806, -2.811594346401929], [101.61504553104574, -2.8116352496876895], [101.61525329803627, -2.8115440506561957]]], [[[101.61545302223925, -2.8113108980794475], [101.61532098726062, -2.811471063011571], [101.61561429774883, -2.8111194579505305], [101.61545302223925, -2.8113108980794475]]], [[[101.57091439888995, -2.8102279253312674], [101.57104982686359, -2.810327088460703], [101.57091439852573, -2.8102279252600217], [101.57091439888995, -2.8102279253312674]]], [[[101.57052469199085, -2.8099152659999036], [101.5705246920788, -2.809915266082081], [101.57048730971519, -2.809889493471282], [101.57052469199085, -2.8099152659999036]]], [[[101.56998465799077, -2.8095820549998347], [101.56998465756595, -2.809582054867916], [101.56993992116915, -2.8095325572166843], [101.56998465799077, -2.8095820549998347]]], [[[101.56986284899094, -2.8093699319997985], [101.56986284889143, -2.8093699317768768], [101.56985771632965, -2.8093565225330615], [101.56986284899094, -2.8093699319997985]]], [[[101.61592799408899, -2.8107470873811207], [101.61585454525112, -2.8108353212929877], [101.61582662669642, -2.810867859740392], [101.61585454498959, -2.8108353209998755], [101.61585831198964, -2.81082980399979], [101.61592799408899, -2.8107470873811207]]], [[[101.61607261147998, -2.810569465969731], [101.61697109943674, -2.809076244672889], [101.61650868242981, -2.809915868822251], [101.61607261147998, -2.810569465969731]]], [[[101.61713976770595, -2.80881372874285], [101.61752861798959, -2.808774975999863], [101.61770212437831, -2.8085822532032996], [101.61713976770595, -2.80881372874285]]], [[[101.61804802139915, -2.808198046802381], [101.61786711680828, -2.808398987191667], [101.61835084452872, -2.8077030124650615], [101.61804802139915, -2.808198046802381]]], [[[101.61891097478691, -2.8064188735542857], [101.61886413097494, -2.8064422554057322], [101.61882361749768, -2.806603222596803], [101.61891097478691, -2.8064188735542857]]], [[[101.61893261704671, -2.806396060829514], [101.61893261698944, -2.8063960609998513], [101.61893361115845, -2.8063642907760276], [101.61893261704671, -2.806396060829514]]], [[[101.61894963042118, -2.805852441337046], [101.61894962898961, -2.8058524409998875], [101.61896129102897, -2.805479729964943], [101.61894963042118, -2.805852441337046]]], [[[101.64028741298895, -2.805204753999853], [101.64028741293384, -2.805204754096047], [101.64025064295306, -2.80520002450345], [101.64028741298895, -2.805204753999853]]], [[[101.65118153489999, -2.8050973759430873], [101.65118153498854, -2.8050973759998494], [101.65128438862186, -2.8052265545391086], [101.65118153489999, -2.8050973759430873]]], [[[101.65157846066246, -2.8051118242222977], [101.65143483255156, -2.805167860308473], [101.6513975930811, -2.805182388925957], [101.65157846066246, -2.8051118242222977]]], [[[101.63914916486357, -2.80484869756423], [101.63910749341613, -2.8048275964163722], [101.63910749327374, -2.8048275961440403], [101.63914916486357, -2.80484869756423]]], [[[101.65250737841285, -2.804749410257043], [101.65250737698858, -2.8047494099998596], [101.65462085223216, -2.804808674832389], [101.65250737841285, -2.804749410257043]]], [[[101.64146771196539, -2.8048344132774923], [101.64072046398901, -2.8049524209998573], [101.64146771198897, -2.8048344129998357], [101.64209631498885, -2.8044156499997515], [101.64215170610538, -2.8043935565590417], [101.64146771196539, -2.8048344132774923]]], [[[101.6198750029896, -2.804670705999895], [101.61987500312893, -2.804670706088195], [101.61973552252475, -2.804794205478739], [101.6198750029896, -2.804670705999895]]], [[[101.65567614798842, -2.804691766999871], [101.65567614773607, -2.804691767311175], [101.6553631695947, -2.804753771988549], [101.65567614798842, -2.804691766999871]]], [[[101.62045649898958, -2.8044869429998878], [101.62116022004427, -2.8042645551763203], [101.62026936841609, -2.804546079707392], [101.62045649898958, -2.8044869429998878]]], [[[101.63887442658023, -2.804381837573016], [101.63887163631705, -2.804376500974687], [101.63887097486293, -2.8043752358776177], [101.63887442658023, -2.804381837573016]]], [[[101.63884006698898, -2.8043161219998525], [101.6388400670758, -2.804316122165905], [101.63880129112452, -2.804301816912384], [101.63884006698898, -2.8043161219998525]]], [[[101.64574242298877, -2.8040055889998516], [101.64777247398874, -2.8045521869998713], [101.64850937604263, -2.8046098954208416], [101.64777247392063, -2.804552187133701], [101.64574242298877, -2.8040055889998516]]], [[[101.62239714781192, -2.8040437776270704], [101.62191568895793, -2.804102873248945], [101.62174551108848, -2.8041237610600747], [101.62239714781192, -2.8040437776270704]]], [[[101.63818347998897, -2.804073895999903], [101.63818347958397, -2.804073896193297], [101.6379493175479, -2.803978928078246], [101.63818347998897, -2.804073895999903]]], [[[101.64356145198876, -2.8039992989998543], [101.64356145239918, -2.8039992992282285], [101.64315376879179, -2.804082886659698], [101.64356145198876, -2.8039992989998543]]], [[[101.6449828359467, -2.8040033989273465], [101.64433823642054, -2.8040015403387963], [101.6441303983336, -2.8040009403555324], [101.64433823598888, -2.804001539999857], [101.6449828359467, -2.8040033989273465]]], [[[101.62341869522861, -2.8038693147984963], [101.62381334698938, -2.803537095999877], [101.62391188417335, -2.8034541459377595], [101.62381334840734, -2.8035370962599635], [101.62341869522861, -2.8038693147984963]]], [[[101.63732034064297, -2.803177268352968], [101.63727742701172, -2.803136968995892], [101.63715780809113, -2.803024636133412], [101.63732034064297, -2.803177268352968]]], [[[101.6239146460212, -2.803451820932419], [101.6245172339894, -2.80217058299988], [101.6249472098894, -2.801520346162064], [101.62451723428302, -2.802170582706193], [101.6239146460212, -2.803451820932419]]], [[[101.63641502812123, -2.802405144303826], [101.6364102206552, -2.802402979214093], [101.63635426449186, -2.8023777786263966], [101.63641502812123, -2.802405144303826]]], [[[101.63509901850313, -2.8021866242204294], [101.63492531495137, -2.802244288443084], [101.63480839086826, -2.802283101937913], [101.63509901850313, -2.8021866242204294]]], [[[101.63418524395388, -2.8022598691975458], [101.63418524398898, -2.8022598689998226], [101.63455675041533, -2.8022796242031704], [101.63418524395388, -2.8022598691975458]]], [[[101.63523124598903, -2.802142728999885], [101.63523124604441, -2.8021427289969494], [101.63522325367406, -2.8021453821983497], [101.63523124598903, -2.802142728999885]]], [[[101.63351008422798, -2.8020170837113794], [101.63310997044887, -2.8021666355817336], [101.63310997037702, -2.8021666354810955], [101.63351008422798, -2.8020170837113794]]], [[[101.63400650497394, -2.802079104948614], [101.6340065045966, -2.8020791045669893], [101.63395335595577, -2.801899085445313], [101.63400650497394, -2.802079104948614]]], [[[101.6338480343901, -2.801822755924802], [101.63361755140892, -2.801969302741091], [101.63360162938284, -2.8019794260229527], [101.6338480343901, -2.801822755924802]]], [[[101.63110894878872, -2.8016816167182736], [101.63107961333355, -2.801740188758628], [101.63107961311037, -2.8017401887579867], [101.63110894878872, -2.8016816167182736]]], [[[101.63117428109786, -2.801551171621018], [101.63112515590126, -2.8016492574072425], [101.63112384727842, -2.80165187001364], [101.63117428109786, -2.801551171621018]]], [[[101.63052543759892, -2.801716499716638], [101.63028242398933, -2.8013887309997765], [101.63053219931692, -2.8017256192171667], [101.63052543759892, -2.801716499716638]]], [[[101.63262510906162, -2.8011751564083065], [101.63262510898917, -2.801175155999865], [101.63272312997942, -2.801624779954969], [101.63262510906162, -2.8011751564083065]]], [[[101.63128994898928, -2.8013202239998636], [101.63133680911838, -2.8012994442901005], [101.63128994894797, -2.801320224082342], [101.63128994898928, -2.8013202239998636]]], [[[101.63254952336106, -2.8010399199000204], [101.63253638194851, -2.8010295813500585], [101.6325200226895, -2.801016711016078], [101.63254952336106, -2.8010399199000204]]], [[[101.63182840056032, -2.8010814533463355], [101.63182840098919, -2.8010814529998536], [101.63233689253673, -2.8008726374305706], [101.63182840056032, -2.8010814533463355]]], [[[101.6253718198172, -2.800964318039261], [101.62524371202772, -2.8009936543336345], [101.62520676195406, -2.8010021150704203], [101.6253718198172, -2.800964318039261]]], [[[101.62566630469632, -2.800506605810237], [101.6255322100435, -2.800715027276622], [101.62541635589503, -2.800895096661222], [101.62566630469632, -2.800506605810237]]], [[[101.62941753669003, -2.8004255310133837], [101.62941753698925, -2.800425530999831], [101.62943439835536, -2.800507230837023], [101.62941753669003, -2.8004255310133837]]], [[[101.62564380300846, -2.7998202185592667], [101.62580769698934, -2.8003560249998576], [101.62583078861002, -2.8003811753635954], [101.62564380300846, -2.7998202185592667]]], [[[101.62869156706222, -2.7998287148232657], [101.62860542635933, -2.7998104090785105], [101.62877956786662, -2.7998474152261608], [101.62869156706222, -2.7998287148232657]]], [[[101.62830761500447, -2.799479097082612], [101.62830761498932, -2.799479096999874], [101.62830823993255, -2.799479792245077], [101.62830761500447, -2.799479097082612]]], [[[101.62790636298932, -2.799237608999861], [101.62812904816919, -2.799238253242303], [101.62766209614284, -2.799236902963773], [101.62790636298932, -2.799237608999861]]], [[[101.6271732859894, -2.799145364999874], [101.62717328571864, -2.799145364966598], [101.62712541134893, -2.7990678478571285], [101.6271732859894, -2.799145364999874]]], [[[101.62632319452537, -2.7979507667342465], [101.62524446052733, -2.7992108683302988], [101.62514225998939, -2.798959238999868], [101.62529361598934, -2.798268739999888], [101.62598230298936, -2.797729997999831], [101.62632319452537, -2.7979507667342465]]], [[[101.69535673698715, -2.8183289579998494], [101.69535673742354, -2.8183289582147983], [101.69502211099649, -2.8183102908818967], [101.69535673698715, -2.8183289579998494]]], [[[101.6935177691228, -2.8180272099133417], [101.6939589859873, -2.8183590609998674], [101.69431667853722, -2.8183253616571506], [101.69395898591853, -2.8183590612216487], [101.6935177691228, -2.8180272099133417]]], [[[101.69345393698734, -2.817979199999876], [101.69345393705161, -2.8179792000482227], [101.69333567467541, -2.8179400496889806], [101.69345393698734, -2.817979199999876]]], [[[101.69305920098721, -2.817848523999797], [101.69305920072162, -2.8178485241899693], [101.69291169522876, -2.817799693579611], [101.69305920098721, -2.817848523999797]]], [[[101.68385361255423, -2.8166364709962832], [101.68380537759886, -2.816644151743752], [101.68397209473328, -2.816617603685302], [101.68385361255423, -2.8166364709962832]]], [[[101.69071278856438, -2.8165272582263516], [101.6907848779873, -2.8165797099997145], [101.69088115738282, -2.816649763046667], [101.69071278856438, -2.8165272582263516]]], [[[101.6846724279875, -2.8164926179997813], [101.68467242819008, -2.8164926181397667], [101.68464124914664, -2.816498456769041], [101.6846724279875, -2.8164926179997813]]], [[[101.6851788364342, -2.816389676342446], [101.68517883598746, -2.8163896759998868], [101.68537652481608, -2.8162167434323266], [101.6851788364342, -2.816389676342446]]], [[[101.68753516756752, -2.8161679582983363], [101.68743743518957, -2.8162004050246354], [101.68743743504744, -2.816200404979954], [101.68753516756752, -2.8161679582983363]]], [[[101.68976044518843, -2.8161809481921454], [101.6885492958038, -2.815859272001697], [101.69056268961427, -2.816470837700415], [101.68976044518843, -2.8161809481921454]]], [[[101.68848959298748, -2.815851093999832], [101.68848959319344, -2.8158510940280372], [101.68827627143551, -2.8159219156902897], [101.68848959298748, -2.815851093999832]]], [[[101.68381220660117, -2.815486026542884], [101.68379849580401, -2.815224828562915], [101.68392076169842, -2.8149153358221195], [101.68381220660117, -2.815486026542884]]], [[[101.68396344498754, -2.814807290999874], [101.68396344491511, -2.8148072911832354], [101.68394321380276, -2.814739761581226], [101.68396344498754, -2.814807290999874]]], [[[101.6828083379877, -2.812127956999883], [101.68280833773468, -2.8121279573393334], [101.68277837647736, -2.8120213680298565], [101.6828083379877, -2.812127956999883]]], [[[101.67984853488201, -2.812028768412866], [101.67975290248704, -2.8119520557442375], [101.6799753486324, -2.8121304899761044], [101.67984853488201, -2.812028768412866]]], [[[101.68067559410626, -2.811669187511439], [101.68036691040466, -2.8119232644470533], [101.6801259527375, -2.8121641719158976], [101.68067559410626, -2.811669187511439]]], [[[101.68145565395531, -2.811342188191356], [101.6814556539877, -2.811342187999873], [101.68164801444371, -2.8113160698900184], [101.68145565395531, -2.811342188191356]]], [[[101.67863976498776, -2.811281936999782], [101.67863976511313, -2.8112819372115556], [101.67810638906057, -2.8112076606626455], [101.67863976498776, -2.811281936999782]]], [[[101.68213450098764, -2.8112463479998477], [101.68213450090656, -2.8112463483402648], [101.68193904283237, -2.811275257988768], [101.68213450098764, -2.8112463479998477]]], [[[101.67540569882169, -2.811174659163736], [101.67533153162492, -2.8111776886993307], [101.67530514846017, -2.811178766155722], [101.67540569882169, -2.811174659163736]]], [[[101.677277981094, -2.810990966060166], [101.67727798098778, -2.8109909659998786], [101.6775333748728, -2.8110699225902493], [101.677277981094, -2.810990966060166]]], [[[101.67402336158892, -2.8106947788409062], [101.67402336198798, -2.810694778999868], [101.67415231564743, -2.8107999581392757], [101.67402336158892, -2.8106947788409062]]], [[[101.67383952397489, -2.8101687536849873], [101.673845117934, -2.8100895775353596], [101.67383892199558, -2.810177274150456], [101.67383952397489, -2.8101687536849873]]], [[[101.67359318851109, -2.8090503686665573], [101.6736321852772, -2.809355345672606], [101.67349662962418, -2.8089933111424017], [101.67359318851109, -2.8090503686665573]]], [[[101.6721631869496, -2.8080714607235406], [101.67332017414013, -2.808889041992786], [101.67332017465118, -2.808889042294792], [101.6721631869496, -2.8080714607235406]]], [[[101.669975365988, -2.8066383149997893], [101.67044699361618, -2.8069084141430336], [101.66993017098574, -2.806606880913868], [101.669975365988, -2.8066383149997893]]], [[[101.66922386998806, -2.80623155999981], [101.66922386958595, -2.8062315604381105], [101.66920333732142, -2.8062225748460548], [101.66922386998806, -2.80623155999981]]], [[[101.66910305498806, -2.8061786909998627], [101.66910305466229, -2.8061786910936974], [101.66908179459006, -2.8061786300669214], [101.66910305498806, -2.8061786909998627]]], [[[101.66850958608586, -2.806183163616574], [101.66849264791745, -2.8061848181747604], [101.6683996592966, -2.806193898768218], [101.66850958608586, -2.806183163616574]]], [[[101.6660701720009, -2.8057801574282784], [101.66607017198814, -2.8057801569998677], [101.6662137018032, -2.805830474614949], [101.6660701720009, -2.8057801574282784]]], [[[101.66565271598823, -2.805633807999834], [101.66565271570033, -2.805633808053754], [101.66559727583906, -2.8056296665773512], [101.66565271598823, -2.805633807999834]]], [[[101.66541787082441, -2.8056162648628873], [101.66510779758687, -2.8055931002413086], [101.66504462199802, -2.8055802066730693], [101.66541787082441, -2.8056162648628873]]], [[[101.66465386698816, -2.8055004589998855], [101.66465386658274, -2.805500459278731], [101.66452189772453, -2.805480653021891], [101.66465386698816, -2.8055004589998855]]], [[[101.6642668809881, -2.805442379999792], [101.66426688111176, -2.8054423801616464], [101.66420000464164, -2.805432342755973], [101.6642668809881, -2.805442379999792]]], [[[101.66385082235763, -2.805322367433285], [101.66376245067208, -2.8052903450854996], [101.66401798639482, -2.8053829383432296], [101.66385082235763, -2.805322367433285]]], [[[101.66318148897132, -2.805170021265073], [101.66301900342432, -2.805169556429864], [101.66300997345988, -2.8051695292949645], [101.66318148897132, -2.805170021265073]]], [[[101.66237891698827, -2.8051593759998124], [101.6623789172533, -2.805159376104262], [101.66228026497934, -2.805143423325077], [101.66237891698827, -2.8051593759998124]]], [[[101.66149091857108, -2.8050162490006327], [101.6614028379883, -2.805002150999846], [101.66162533968381, -2.8050377634380945], [101.66149091857108, -2.8050162490006327]]], [[[101.66058084498842, -2.804888537999806], [101.66058084512997, -2.8048885380755517], [101.66054186062219, -2.804879086384969], [101.66058084498842, -2.804888537999806]]], [[[101.65964012588145, -2.8047462995246235], [101.65946525142027, -2.8047418010931966], [101.65946525128417, -2.8047418010332272], [101.65964012588145, -2.8047462995246235]]], [[[101.65933392698832, -2.8046839409997464], [101.65933392701919, -2.804683941410696], [101.65924662699122, -2.804645475906612], [101.65933392698832, -2.8046839409997464]]], [[[101.65593579398855, -2.8046533679998635], [101.65593579370199, -2.804653368058441], [101.65593077121626, -2.804654110803357], [101.65593579398855, -2.8046533679998635]]], [[[101.65665925422127, -2.8046087931611994], [101.65665925398837, -2.8046087929998604], [101.65666726772596, -2.8046075768703878], [101.65665925422127, -2.8046087931611994]]], [[[101.65677946698843, -2.804590549999862], [101.65677946659918, -2.8045905504135393], [101.6567117598658, -2.804600824938529], [101.65677946698843, -2.804590549999862]]], [[[101.65745753498837, -2.804562807999865], [101.65745753473749, -2.8045628081270584], [101.6574238706799, -2.8045593256837438], [101.65745753498837, -2.804562807999865]]]]}}, {"type": "Feature", "properties": {"NAMOBJ": "PT PENYELAMAT ALAM NUSANTARA", "ORGANISASI": null}, "geometry": {"type": "MultiPolygon", "coordinates": [[[[105.74447048400003, -5.742422424999992], [105.74333272000004, -5.7398283239999515], [105.73918151300005, -5.743445222999983], [105.73705919700011, -5.7418922689999246], [105.7371361669447, -5.74116567153723], [105.73830744113553, -5.742237517147663], [105.74352106104817, -5.737889822057589], [105.74425716423679, -5.740450510282752], [105.74956920369236, -5.738317555578966], [105.75061583200002, -5.739024777999904], [105.74447048400003, -5.742422424999992]]], [[[105.75699015400004, -5.716420253000005], [105.75615191603028, -5.717000571921865], [105.75700211007074, -5.716286342794072], [105.75699015400004, -5.716420253000005]]], [[[105.75519817600009, -5.71816103199998], [105.75499974293008, -5.718322258981109], [105.7552522190496, -5.71806495536436], [105.75519817600009, -5.71816103199998]]], [[[105.75460938300004, -5.729885688999918], [105.74927374305739, -5.7326339808788145], [105.74900442721258, -5.732321453772045], [105.75243646317227, -5.729556796608848], [105.75474902361353, -5.728748614313343], [105.75460938300004, -5.729885688999918]]]]}}, {"type": "Feature", "properties": {"NAMOBJ": "PT SIPEF", "ORGANISASI": null}, "geometry": {"type": "MultiPolygon", "coordinates": [[[[101.43868959549638, -2.494421947099329], [101.43937339651205, -2.49631269017018], [101.43841546636096, -2.493684027458911], [101.43868959549638, -2.494421947099329]]], [[[101.43966523678291, -2.497130966686747], [101.4406086041223, -2.4995365608795006], [101.44077609724359, -2.500038768951956], [101.43966523678291, -2.497130966686747]]], [[[101.44139127062678, -2.50173999339124], [101.44168428535353, -2.502558966297269], [101.4421538897088, -2.503810634227368], [101.44139127062678, -2.50173999339124]]], [[[101.44364215363959, -2.5079041675086144], [101.44401973649236, -2.50889419464699], [101.44430396461853, -2.5096716967632027], [101.44373079424084, -2.5081992569900486], [101.44364215363959, -2.5079041675086144]]], [[[101.4450761994773, -2.5116646139015035], [101.44513737437373, -2.5118524277416805], [101.44481224064266, -2.5110016729129536], [101.4450761994773, -2.5116646139015035]]], [[[101.44549320111203, -2.512834478762136], [101.44686886447123, -2.5166825098422327], [101.4476477376996, -2.5186230561992313], [101.44690091074847, -2.5167725264308882], [101.4464857423232, -2.515662577765674], [101.44569259423787, -2.5137486639696376], [101.44549320111203, -2.512834478762136]]], [[[101.44919996205023, -2.5228104534438556], [101.45005717307177, -2.5237149465407], [101.45016105058218, -2.523821661221909], [101.44919996205023, -2.5228104534438556]]], [[[101.45075484186341, -2.524431669696203], [101.45099731529345, -2.525342234352976], [101.45122828491947, -2.5262561820403033], [101.45079392929648, -2.525118422077469], [101.45075484186341, -2.524431669696203]]], [[[101.45241785807414, -2.5310581567744768], [101.45241251112856, -2.531049302583196], [101.45240667254163, -2.5310134649020632], [101.45241785807414, -2.5310581567744768]]], [[[101.45458189752945, -2.539272796432991], [101.45498161880555, -2.540763827668859], [101.45506156094332, -2.5410770790085824], [101.45466963589502, -2.5398113622045493], [101.45458189752945, -2.539272796432991]]], [[[101.32957665792976, -2.4346388891854693], [101.32963888922342, -2.4346388891733626], [101.32971195291061, -2.434651595929533], [101.32957665792976, -2.4346388891854693]]], [[[101.32903900079275, -2.434641648472951], [101.32905555656873, -2.434638889173364], [101.32931771441157, -2.434638889204816], [101.32903900079275, -2.434641648472951]]], [[[101.32727781213016, -2.434432518356287], [101.32725104811489, -2.4344355358571335], [101.32732448572698, -2.4344410352640997], [101.32727781213016, -2.434432518356287]]], [[[101.32597489500176, -2.43457941478643], [101.32588320450391, -2.4334676940937325], [101.32477550262794, -2.432204150184384], [101.32597222194056, -2.4333888890859114], [101.32597489500176, -2.43457941478643]]], [[[101.23715432439296, -2.340286347754123], [101.2374648626803, -2.3348570939215114], [101.23599566907383, -2.329482484856885], [101.2365864441638, -2.3204373154690012], [101.25355011373662, -2.3143474574955403], [101.25538892945684, -2.311802465496561], [101.26076905147306, -2.3160105195317975], [101.26072686100008, -2.3197108479999367], [101.25915705400007, -2.3209110509999387], [101.24794549600006, -2.325111471999954], [101.24356959000005, -2.328219581999978], [101.24099018800007, -2.3323497309999692], [101.23845406800008, -2.338947878999932], [101.23715432439296, -2.340286347754123]]], [[[101.26764747972432, -2.321696898042342], [101.26852685203896, -2.3224574937194293], [101.26964970422691, -2.3234863173455196], [101.26764747972432, -2.321696898042342]]], [[[101.27730205874262, -2.330213442504693], [101.27738681774544, -2.330305859606777], [101.27705563818046, -2.330022292930639], [101.27730205874262, -2.330213442504693]]], [[[101.2794915203103, -2.332262071886739], [101.28069168628168, -2.3332830527562862], [101.28327001569619, -2.3356237241757487], [101.28188857040125, -2.334717717648513], [101.2794915203103, -2.332262071886739]]], [[[101.28589977260047, -2.3380325546530707], [101.28819996033215, -2.3400033606430775], [101.28982204563528, -2.3414687765929276], [101.28768940444252, -2.3399584611140707], [101.28589977260047, -2.3380325546530707]]], [[[101.28982390606056, -2.341470397983624], [101.2922443303467, -2.3436789393641195], [101.29256186436237, -2.343996610787899], [101.28982390606056, -2.341470397983624]]], [[[101.29288116751742, -2.3442810838859387], [101.29556021080212, -2.3466249049883525], [101.29727028665498, -2.348127532237215], [101.29288116751742, -2.3442810838859387]]], [[[101.30219633964353, -2.352441631027505], [101.30313670412099, -2.3532731016053816], [101.30373323001875, -2.353773064248264], [101.3028328446601, -2.3531374834080943], [101.30219633964353, -2.352441631027505]]], [[[101.30700927426375, -2.3565525118665005], [101.3090941673547, -2.3582898579097424], [101.31082380779489, -2.3598301450071344], [101.30700927426375, -2.3565525118665005]]], [[[101.31203509725215, -2.360831753137835], [101.31657143128615, -2.364647573328692], [101.31602318600689, -2.3642445979008904], [101.31891510111731, -2.366654902328607], [101.31328447769653, -2.3621109736424653], [101.31203509725215, -2.360831753137835]]], [[[101.32535746935132, -2.3721404321494], [101.32685681766996, -2.3734229771117565], [101.32704194489916, -2.3735623756812947], [101.32535746935132, -2.3721404321494]]], [[[101.32808075266905, -2.3744428391363175], [101.32864354739246, -2.3750513395349633], [101.3287319587814, -2.3751063095250737], [101.32851476724278, -2.3750111476463256], [101.32808075266905, -2.3744428391363175]]], [[[101.3332078080643, -2.3788207255850047], [101.33430547530213, -2.379843579444561], [101.33431919443693, -2.379857363756127], [101.3332078080643, -2.3788207255850047]]], [[[101.35006683407069, -2.3943809959323827], [101.349864587181, -2.394250382848841], [101.34974243733899, -2.3940948156057735], [101.35006683407069, -2.3943809959323827]]], [[[101.35651987753252, -2.4002328471242453], [101.37341502352706, -2.4134259352978327], [101.37608621989587, -2.4156773799023425], [101.36637358767098, -2.4090256037485487], [101.35651987753252, -2.4002328471242453]]], [[[101.37938208501627, -2.4182689901103114], [101.38051490748468, -2.4191771940238955], [101.38085898040241, -2.4194790925024816], [101.37975379909864, -2.418609915315307], [101.37938208501627, -2.4182689901103114]]], [[[101.38112680140361, -2.4197017933200713], [101.38288810628998, -2.4210942169013037], [101.3843248967528, -2.4221829754775865], [101.38186581105839, -2.420379041859232], [101.38112680140361, -2.4197017933200713]]], [[[101.38589204096033, -2.423423091319818], [101.3868919728341, -2.4242859509275245], [101.38753946309598, -2.4246863269706296], [101.39030301307398, -2.426894332599497], [101.38685854218801, -2.424306480159888], [101.38589204096033, -2.423423091319818]]], [[[101.3919615288989, -2.428240553703822], [101.39413390036711, -2.429913295851951], [101.39471229689022, -2.4303932991204067], [101.3919615288989, -2.428240553703822]]], [[[101.39583976433009, -2.431272101739891], [101.39602445599407, -2.4314089732305684], [101.39520295474797, -2.4307912496632467], [101.39583976433009, -2.431272101739891]]], [[[101.39811198434666, -2.433060515180879], [101.39917661454878, -2.4339249293261664], [101.39988315412694, -2.4344993773643275], [101.39811198434666, -2.433060515180879]]], [[[101.40902974596695, -2.4416652724250287], [101.40931068913319, -2.441931633689238], [101.40869817314356, -2.44144981431914], [101.40902974596695, -2.4416652724250287]]], [[[101.41639721550878, -2.4476138759029498], [101.41731829423678, -2.4483272515618992], [101.41596514966194, -2.447266644242256], [101.41639721550878, -2.4476138759029498]]], [[[101.41744339212393, -2.4484241397327535], [101.4174368596392, -2.4484789808599285], [101.41743376616343, -2.448416684438754], [101.41744339212393, -2.4484241397327535]]], [[[101.41729707859243, -2.4498836039439125], [101.41726777718623, -2.4498613762015133], [101.41730324452097, -2.4498107033849874], [101.41729707859243, -2.4498836039439125]]], [[[101.41546327119276, -2.453441441316565], [101.41598739460555, -2.4542660264579146], [101.41755238974582, -2.456531320154313], [101.41646520690382, -2.4550561966860833], [101.41546327119276, -2.453441441316565]]]]}}]}