{"type":"Topology","arcs":[[[92167,8875],[400,393]],[[92567,9268],[-174,941],[-23,94]],[[92370,10303],[-21,85]],[[92349,10388],[-4,18],[-17,8]],[[92328,10414],[-22,10]],[[92306,10424],[-16,8],[-42,-7]],[[92248,10425],[-3,-1],[-10,7]],[[92235,10431],[-19,13],[-3,-2]],[[92213,10442],[-31,-20],[-2,6]],[[92180,10428],[-19,45]],[[92161,10473],[-22,10],[-18,-56],[-38,-8],[-15,-30],[-13,0],[-22,56],[-316,-134],[-25,-59],[-85,12],[-30,24],[-42,-16],[-34,53],[-17,-20],[-2,6]],[[91482,10311],[-26,85],[-58,57],[-57,146],[-44,30],[-77,12],[-87,55],[18,68],[143,99],[54,-95],[88,137],[8,54],[143,103],[29,51],[27,2],[19,54],[4,207],[-46,28],[13,23],[-15,4],[-3,38],[15,125],[14,-5],[25,68],[-40,88],[-11,89],[34,256],[-21,117],[-55,-9],[-19,145],[752,-5],[-6,527],[17,700],[255,230],[2,640],[-40,139],[-79,43],[-2,179],[-995,14],[6,59],[40,-1],[42,53],[37,-2],[2,54],[50,7],[80,47],[15,29],[-10,87],[13,61],[49,8],[35,59],[99,30],[28,-27],[48,43],[29,-13],[64,74],[6,69],[42,76],[-22,-2],[-13,46],[25,17],[2,-22],[19,-7],[-12,30],[18,6],[-4,43],[23,-19],[-1,33],[23,-1],[2,202],[-288,-50],[-3,-178],[-27,-9],[-80,37],[-2,-19],[-31,-3],[-52,117],[-408,51],[-4,-163],[19,-30],[-5,-37],[-93,-20],[2,-116],[-76,0],[0,-160],[-26,-10],[-1,-25],[3,-89],[10,-27],[16,0],[-2,-42],[-71,6],[-33,-18],[-18,-81],[-50,-39],[27,-41],[-32,-6],[-29,-44],[-37,7],[-7,20],[15,14],[-16,14],[-45,-41],[-25,31],[-29,-9],[-67,55],[-33,-65],[-30,21],[-16,-31],[-11,15],[3,38],[-63,-15],[-7,21],[-66,-42],[-43,16],[-11,-28],[-35,45],[-36,-40],[-29,14],[-15,32],[-67,-21],[-35,29],[-27,-29],[-20,28],[-17,-10],[-12,40],[-29,2],[-2,-15],[-46,33],[-1,-35],[-26,-1],[-55,45],[-27,-67],[-18,16],[-7,-23],[-18,7],[9,-29],[-24,-12],[-22,-1],[-15,27],[-257,12],[24,1496],[-37,-16],[-59,56],[-12,-14],[-74,17],[-28,-42],[-144,3],[-54,26],[-38,107],[-20,205],[6,51],[58,52],[110,58],[228,23],[41,70],[-21,137],[146,-301],[-1,-47],[45,-20],[56,8],[208,222],[133,72],[12,73],[50,46],[36,-30],[58,-12],[90,208],[-20,75],[6,41],[12,3],[0,72],[-17,51],[3,98],[89,-3],[6,-65],[157,-41],[161,34],[14,-27],[45,-14],[95,-76],[153,-50],[54,-85],[58,-50],[161,-35],[27,-47],[73,-21],[2,-136],[167,-95],[142,-40],[14,36],[-15,74],[32,50],[-10,148],[9,82],[42,5],[14,38],[254,-255],[95,174],[41,180],[2,94],[-38,85],[-65,5],[-22,25],[-17,59],[-5,134],[49,38],[17,79],[31,-5],[-3,-47],[-23,-19],[43,9],[18,28],[32,-3],[-1,-22],[18,-16],[-15,-36],[-58,24],[62,-120],[-7,-21],[-55,47],[-6,-23],[28,-38],[-51,-10],[-58,93],[30,-79],[-19,-24],[6,-21],[20,40],[45,-72],[56,38],[9,-34],[27,21],[-4,-29],[-59,-26],[3,-13],[65,-31],[-12,-28],[-29,3],[35,-20],[-7,-38],[11,-17],[32,41],[57,-61],[11,-30],[-39,-26],[43,20],[2,21],[-16,31],[11,10],[-22,19],[19,50],[-32,-19],[-25,37],[28,30],[-18,46],[43,9],[9,-21],[8,31],[-26,21],[7,28],[-38,-12],[13,38],[-16,13],[12,31],[10,-21],[15,69],[14,2],[-1,-65],[33,-12],[-4,43],[97,21],[-31,-42],[16,0],[-10,-74],[27,69],[16,1],[22,-33],[12,50],[2,-78],[31,28],[53,-30],[9,41],[30,12],[11,-35],[15,2],[-63,-35],[-162,-3],[-74,18],[-20,-129],[14,-63],[-29,-179],[14,-91],[197,-13],[52,-75],[2,-72],[17,-11],[-14,-30],[-177,40],[-95,-63],[-31,-48],[-177,-51],[-79,-175],[-217,-190],[-67,-116],[39,-12],[12,14],[8,-37],[11,66],[32,5],[29,-39],[5,-99],[47,23],[-18,-44],[18,17],[36,-21],[-20,-27],[23,-1],[11,-28],[73,67],[-5,49],[78,-30],[36,14],[82,-82],[-11,-86],[31,-16],[31,10],[6,-40],[-31,-36],[24,-71],[-24,-4],[-8,-21],[24,-20],[14,16],[26,-42],[-24,-20],[-1,-23],[20,-8],[41,-69],[31,-8],[60,-64],[39,7],[107,68],[35,-35],[-9,-28],[20,-119],[-19,-62],[128,-54],[-60,-382],[-18,-37],[-80,-69],[9,-53],[-33,-36],[0,-63],[35,-78],[-16,-24],[-49,-19],[-1,-32],[65,9],[35,-81],[49,79],[77,-39],[38,-88],[-4,-57],[43,-152],[55,11],[20,39],[68,-1],[62,-35],[180,-1],[121,-63],[64,10],[78,56],[54,-28],[33,24],[-2,18],[-32,46],[-61,163],[-39,-5],[65,58],[38,6],[17,52],[55,-30],[8,-34],[-16,-30],[-51,22],[0,-30],[39,-28],[25,-63],[70,-5],[-51,-69],[12,-87],[40,-71],[-58,-86],[-23,15],[-33,79],[-66,32],[-47,-51],[-22,-71],[17,-17],[57,12],[33,-43],[8,-42],[39,-7],[-39,-32],[-33,43],[-23,-50],[105,-166],[-10,-33],[-33,-23],[2,-45],[73,23],[51,-56],[-37,5],[-9,-44],[4,-24],[41,-33],[111,-509],[-360,37],[-239,284],[-251,-528],[-87,-25],[-27,-35],[17,-42],[70,6],[59,-17],[85,-60],[37,-93],[36,-28],[19,-65],[-11,-199],[33,-34],[16,-93],[24,8],[-39,-358],[-54,0],[-4,-35],[40,2],[8,-80],[-9,-62],[-145,155],[-121,-174],[75,-289],[108,14],[-242,-390],[-26,-60],[-16,-96],[-121,-204],[-32,-46],[-27,-1],[-25,26],[24,-127],[21,-278],[62,-60],[58,-123],[-9,-32],[26,-55],[-67,-24],[139,-419],[36,-29],[81,-23],[24,-58],[63,-77],[77,-45],[60,-4],[421,-222],[-14,-227],[-295,-187],[-127,-205],[2,-174],[-580,-291],[-88,431],[-469,307]],[[92673,10240],[-5,-22],[39,6],[0,138],[-60,44],[-41,-21],[14,-86],[-12,-35],[65,-24]],[[25041,10633],[-31,9],[-46,134],[-72,96],[-42,130],[70,1193],[-8,48],[16,310],[110,72],[20,-2],[30,41],[278,174],[31,0],[26,-42],[16,91],[94,52],[28,-8],[13,-44],[39,0],[36,34],[52,0],[62,-102],[237,-304],[497,-733],[318,-423],[-48,-27],[-91,1],[-370,102],[-251,-298],[-284,-293],[-165,-144],[-467,-304],[-69,122],[-29,115]],[[23503,71933],[6,45],[-17,33],[-56,24],[-39,78],[-74,19],[-53,71],[-18,43]],[[23252,72246],[-5,14]],[[23247,72260],[-7,15],[0,67],[-21,29],[-20,116],[-83,141],[19,63],[-47,234],[-128,348],[-24,27],[-13,88],[8,70],[-31,85],[-3,75],[-42,174],[-35,76],[-15,171],[-14,19],[-54,-39],[-15,-29],[-68,-23],[-78,159],[11,20],[-4,46],[-63,63],[-7,47],[-38,48],[7,58],[-99,105],[18,138],[-29,60],[22,107],[-7,81],[-47,7],[22,88],[-24,64],[-12,230],[-25,44],[6,33],[-10,10],[2,20],[52,29],[-32,21],[32,198],[-1,138],[53,-3],[31,62],[24,21],[43,0],[12,26],[26,-17],[73,4],[85,-45],[63,-10],[115,-65],[111,-17]],[[22986,75737],[-24,-159],[39,-103],[40,-23],[31,5],[78,-156],[72,-29],[13,-101],[19,-5],[6,-79],[96,-80],[2,-35],[-37,-121],[14,-54],[69,-119],[49,-31],[19,6],[74,-107],[39,-107],[59,-97],[82,-60],[42,120],[-52,63],[-53,33],[-8,23],[15,18],[51,-8],[74,42],[35,-19],[84,18],[81,-21],[93,69],[20,66],[-7,18],[28,9],[9,29],[-3,39],[49,-18],[41,-56],[51,-25],[29,71],[54,33],[28,-3],[20,39],[-13,76],[9,27],[29,4],[19,-45],[-7,-56],[41,-77],[38,-17],[48,10],[21,71],[139,87],[56,10],[16,-34],[129,-71],[21,-75],[-25,-37],[1,-24],[74,-85],[67,-27],[8,-73],[51,-149],[39,-5],[65,-47],[6,-90],[39,-99],[40,-22],[51,17],[90,-84],[35,19],[-3,-104],[122,-93],[13,28],[46,-32],[42,47],[40,3],[34,-137],[36,-67],[32,-11],[9,-82],[27,-69],[160,-243],[77,17],[101,-12],[107,-102],[199,-87],[124,-238],[12,-81],[89,-96],[4,-33],[45,-68],[110,-244],[31,-141],[52,-24],[21,-101],[29,-29],[14,-48],[8,-77],[116,-2],[95,30],[73,-82],[36,-94],[24,-10],[11,-28],[32,0],[4,-79],[19,-8],[-1,-40],[23,2],[54,-70],[27,5],[28,-49],[30,17],[31,-23],[27,10],[-1,-57],[23,-11],[-9,-29],[22,-6],[10,-43],[51,-24],[1,-42],[28,4],[16,-50],[57,-1],[16,146],[20,47],[44,14],[-32,167],[-31,85],[-8,102],[-30,-1],[-5,39],[-73,-20],[-43,-87],[-43,-41],[-50,75],[-149,88],[-22,49],[3,127],[-26,148],[-47,42],[-51,14],[30,36],[12,119],[-13,50],[-35,15],[-26,63],[-28,19],[-2,84],[-45,2],[42,19],[120,-38],[26,12],[13,53],[-4,98],[16,38],[40,-10],[15,63],[56,34],[62,-5],[-3,63],[50,116],[-22,114],[14,22],[28,-8],[17,-86],[59,-86],[5,-40],[75,9],[27,-43],[36,-7],[114,-173],[45,-23],[45,-72],[143,-84],[-7,-31],[-45,-19],[-2,-24],[73,-148],[69,-34],[-12,-20],[14,-26],[-14,-65],[36,-50],[78,-17],[9,-55],[35,-41],[11,-77],[-12,-23],[4,-64],[58,-71],[-14,-25],[-42,-6],[-21,-59],[49,-87],[17,7],[-6,78],[33,9],[72,-22],[30,41],[3,32],[62,17],[37,39],[57,-7],[15,-23],[-70,-88],[-55,-154],[54,-77],[33,-9],[58,20],[52,-23],[27,-67],[-38,-77],[16,-64],[49,-73],[73,-68],[13,-117],[-18,-52],[-3,-156],[-44,-309],[-129,-209],[-33,-28],[-29,7],[-22,-47],[-68,-76],[-46,-149],[29,-41],[-57,-51],[-45,-3],[25,-61],[-52,-23],[74,-150],[6,-70],[33,-15],[121,2],[50,-120],[-4,-236],[-26,-15],[-52,54],[-39,-43],[-39,12],[-49,-109],[24,-45],[-2,-77],[18,-45],[-9,-57],[36,-177],[63,-78],[15,2],[-24,-45],[0,-53],[31,-67],[61,-48],[2,-78],[40,-110],[-7,-167],[20,-82],[7,-141],[36,-105],[-7,-25],[16,-47],[87,-67],[6,-30],[40,19],[10,-12],[-1,-29],[26,-42],[4,-170],[45,-33],[38,8],[-64,-67],[4,-72],[-25,-32],[6,-37],[-16,-37],[20,-22],[45,28],[17,-10],[11,31],[-7,39],[22,-9],[17,26],[19,-34],[21,18],[13,-21],[9,23],[23,-18],[26,30],[-2,-45],[33,-16],[16,-63],[28,21],[5,-47],[-27,-35],[25,-63],[39,-32],[28,6],[-2,-26],[-39,-34],[-67,50],[-45,-31],[-38,40],[-31,-66],[-44,-28],[-48,-77],[9,-88],[27,-46],[-5,-49],[23,-29],[28,-102],[58,-48],[15,-58],[34,-37],[58,4],[40,-16],[16,-30],[107,-5],[19,-24],[36,15],[33,-58],[35,-141],[27,18],[95,-26],[16,-37],[32,-16],[0,-55],[-14,-8],[-14,-71],[-31,-2],[-48,-36],[-46,21],[-7,-50],[-17,14],[-2,-26],[-28,-1],[-37,-35],[30,-70],[-30,-78],[40,-48],[-61,-69],[-6,-98],[110,11],[42,-17],[45,-45],[34,-9],[19,-53],[22,24],[18,-6],[3,-34],[27,-35],[33,7],[61,-51],[27,17],[1,-19],[28,-19],[22,21],[11,-37],[25,9],[5,29],[40,-50],[77,-2],[42,41],[104,-47],[16,59],[53,-16],[3,54],[19,3],[-11,-226],[30,10],[14,-23],[40,25],[17,-15],[-15,-23],[-3,-107],[63,-11],[39,-68],[6,-47],[27,9],[25,-117],[26,-34],[8,-43],[79,-39],[-12,-35],[-25,49],[-37,-11],[-14,-28],[23,-51],[37,0],[36,-37],[73,39],[34,-109],[31,-19],[20,43],[11,-4],[4,-77],[-16,-41],[35,-62],[46,-14],[55,-165],[-21,-72],[-25,0],[51,-175],[58,10],[35,29],[0,-95],[115,-52],[31,-51],[-20,-18],[4,-34],[-46,25],[-100,-49],[-2,-142],[11,-13],[22,31],[23,1],[24,-67],[67,33],[48,-55],[41,-12],[32,-137],[-26,-16],[2,-38],[29,13],[17,-33],[-31,-57],[-48,-39],[2,-46],[-24,-33],[13,-70],[69,-90],[21,21],[19,-14],[11,-35],[55,-36],[32,-62],[58,-17],[-26,-97],[-46,-45],[-22,-56],[81,-39],[22,-41],[12,26],[56,-58],[44,1],[3,67],[24,-13],[2,136],[18,18],[36,-6],[41,-60],[12,-71],[36,12],[-2,-43],[-14,-11],[-9,20],[10,-73],[67,-68],[43,36],[16,-74],[37,-2],[9,-179],[34,-76],[-89,-273],[-25,-19],[-44,44],[-18,-9],[-10,15],[-16,-28],[-28,43],[-8,-17],[-14,8],[-49,131],[-15,-46],[-23,23],[3,26],[-38,-8],[-8,-23],[-45,27],[19,-111],[59,-50],[29,15],[31,-10],[16,-29],[112,-13],[5,-59],[-66,-62],[-12,-103],[13,-12],[27,-18],[52,54],[119,-90],[72,-9],[20,14],[34,-13],[24,-36],[17,17],[10,-35],[76,-66],[12,-107],[41,-77],[-11,-17],[8,-27],[24,-26],[24,-86],[-12,-70],[90,-8],[31,14],[12,-92],[84,-9],[38,-72],[25,-107],[-10,-60],[-61,-46],[-8,-61],[-62,-128],[-15,-94],[-47,8],[-24,-82],[63,-113],[20,-73],[47,5],[23,31],[9,-79],[-23,-135],[23,-96],[-31,-43],[68,-71],[66,-27],[57,-125],[49,-43],[52,-102],[50,-54],[24,-7],[74,33],[71,-38],[52,15],[66,-115],[81,39],[110,-49],[41,-51],[46,-13],[33,14],[6,-43],[-14,-8],[41,-98],[125,-45],[29,-47],[48,8],[44,-42],[41,-2],[-20,-62],[47,-42],[32,-160],[-192,-225],[-156,-232],[-347,-126],[-88,-120]],[[33248,57621],[-107,-17],[-37,-23],[-58,-76],[-24,-78],[-73,-62],[-71,34],[-109,18],[-193,105],[-209,-18],[-39,55],[-42,20],[-221,-130]],[[32065,57449],[-22,-71],[23,76],[-37,-11],[-213,381],[-65,189],[4,115],[-90,-41],[1,-173],[-43,-16],[-1005,4],[0,249],[47,58],[115,-155],[67,160],[27,104],[49,78],[18,98],[31,78],[74,92],[30,115],[153,326],[6,48],[84,165],[16,83],[31,53],[150,112],[76,-28],[30,43],[110,67],[53,53],[-14,93],[9,8],[33,-25],[46,-115],[22,-3],[100,81],[11,108],[26,32],[158,48],[5,24],[-157,171],[-16,93],[11,26],[-123,37],[-86,-9],[-84,59],[-128,-3],[-61,38],[-47,-48],[-99,75],[-24,-44],[-43,76],[-70,45],[191,89],[58,-10],[0,45],[-51,13],[-39,59],[-61,-46],[-72,-24],[-7,49],[-82,97],[71,84],[-27,54],[-55,35],[-29,-79],[-51,-31],[-37,27],[-69,-6],[-75,68],[-30,50],[-27,-20],[-34,21],[-8,32],[-75,18],[-86,127],[-6,45],[25,56],[44,38],[67,119],[130,32],[50,64],[1,25],[-91,32],[-48,89],[-31,6],[-17,42],[-15,142],[25,68],[-3,92],[-99,84],[-53,96],[-13,0],[-13,57],[-47,6],[-10,-15],[-60,99],[-44,3],[5,37],[-56,40],[-6,80],[23,73],[-33,43],[-26,6],[3,64],[26,28],[-9,34],[-47,51],[-26,132],[-92,2],[-26,34],[-8,44],[-79,64],[-51,-35],[-92,-24],[-52,89],[-7,53],[-57,-37],[-47,21],[-369,-102],[-9,-35],[-41,24],[-47,-7],[-23,-28],[-71,32],[-25,-40],[-62,80],[-34,5],[-74,79],[-182,141],[-35,50],[-117,309],[-17,178],[-5,558],[76,89],[-19,88],[54,190],[-7,38],[10,19],[20,-7],[7,57],[22,32],[-33,46],[16,7],[1,35],[28,32],[19,63],[-11,87],[121,179],[-22,31],[-56,-11],[-49,28],[-48,-5],[-9,118],[15,77],[42,83],[-28,63],[-32,-31],[-35,3],[-34,135],[-21,31],[-57,0],[-51,114],[-70,44],[-41,-13],[-52,25],[-27,61],[-30,6],[-39,50],[4,-79],[-20,-12],[-42,-132],[4,-21],[-16,-16],[-85,14],[-18,-67],[-11,-1],[-102,55],[-15,143],[-22,0],[-194,214],[-26,148],[-41,76],[86,47],[41,-44],[57,24],[20,49],[72,83],[1,34],[53,15],[58,-45],[27,58],[-23,58],[42,81],[-26,34],[-9,149],[-64,113],[18,44],[-76,1],[-52,60],[-84,11],[-66,46],[-60,106],[-52,-31],[-52,73],[-38,-38],[-65,13],[-41,44],[1,46],[-35,97],[-35,-31],[-10,47],[-21,0],[23,72],[42,10],[21,19],[-2,19],[-27,-19],[-44,6],[-19,17],[0,37],[-25,-18],[-32,14],[-10,39],[-38,27],[-77,-63],[-47,-4],[-20,19],[-16,72],[-68,-26],[-125,40],[-10,19],[33,43],[-10,20],[-53,-58],[7,97],[-23,22],[-67,0],[6,30],[-19,5],[10,38],[37,40],[8,44],[-11,19],[-40,-27],[-117,38],[-33,-72],[-49,36],[-20,56],[-71,8],[-59,-48],[-32,9],[-13,-23],[-48,49],[-16,-14],[12,-31],[-17,-12],[-103,-8],[-26,40],[-100,-44],[-52,24],[3,33],[-20,42],[-39,28],[10,49],[50,43],[36,72],[36,-16],[19,12],[47,101],[-77,-18],[-47,34],[2,49],[113,52],[-10,39],[21,48],[-19,9],[20,68],[-9,56],[-85,29],[-14,26],[52,141],[-18,23],[-76,-67],[-99,-138],[-158,-44],[5,-44],[47,-80],[-35,-170],[-82,-204],[-57,-24],[-18,16],[-29,64],[4,61],[-34,26],[-6,169],[-22,68],[-42,68],[-82,29],[18,28],[-86,59],[-20,74],[-10,167],[-67,130],[0,49],[-19,15],[-6,-15],[-19,35],[-14,-9],[-114,50],[-28,-4],[-124,113],[-132,82],[-40,66],[-87,18],[-20,29],[-43,151],[-3,94],[-20,33],[-1,198],[-26,6],[-13,44],[16,140],[-50,129],[2,79],[-69,47],[4,63],[-94,-8],[-103,72],[-83,134],[-36,98],[-46,67],[-37,9],[-2,35],[-40,55],[47,102],[6,90],[52,103],[10,140],[24,33],[6,57],[22,11],[48,222],[-366,-136],[-186,63],[-62,-13],[-99,132],[-18,13],[-25,-20],[-17,19]],[[31380,62832],[58,13],[-11,46],[-44,7],[-3,-66]],[[31446,60857],[-22,-13],[22,-34],[0,47]],[[31354,60636],[23,38],[-41,-28],[18,-10]],[[30199,67207],[-44,62],[-19,60],[4,59],[55,111],[-4,121],[24,47],[27,10],[42,-18],[53,-67],[-33,-110],[-25,-247],[-80,-28]],[[33758,60891],[124,-63],[25,7],[18,45],[75,-24],[81,17],[166,-8],[7,-47],[61,-59],[68,-33],[77,-94],[119,-69],[37,-48],[59,13],[8,-48],[-37,-22],[-8,-42],[10,-44],[-38,-30],[-69,61],[-29,-19],[-20,31],[-91,15],[-2,32],[27,45],[-11,55],[-41,18],[-55,86],[-85,-15],[0,28],[26,14],[-10,9],[-147,-15],[-20,6],[-20,40],[-61,-10],[-35,23],[-1,-47],[-31,-58],[-89,29],[-37,40],[-65,31],[-14,36],[-33,6],[-9,74],[-56,5],[-10,-38],[-23,1],[-5,60],[-31,8],[-6,177],[40,-44],[75,-26],[60,-55],[26,-54]],[[32714,61873],[-45,25],[10,-5],[12,57],[24,7],[33,-55],[0,-38],[-34,9]],[[54591,25383],[-25,-15],[-16,28],[-41,16],[128,80],[36,54],[29,15],[-12,69],[13,24],[85,37],[5,123],[26,19],[48,99],[16,6],[7,179],[73,139],[35,31],[14,50],[70,37],[86,-29],[21,24],[65,0],[39,107],[82,-19],[123,46],[32,-12],[82,-41],[168,-135],[17,-46],[116,12],[43,129],[15,3],[75,-65],[115,-23],[119,-67],[73,-97],[251,-141],[74,-87],[-14,-71],[17,-87],[-38,-157],[10,-45],[18,1],[27,-43],[53,-23],[64,111],[51,-45],[38,148],[61,2],[43,45],[62,22],[52,116],[-62,-307],[3,-46],[-41,-65],[-55,4],[9,-78],[-64,-84],[30,-49],[-81,-107],[-65,43],[-27,70],[-98,27],[52,53],[-50,89],[-67,28],[-64,-56],[-25,-114],[7,-120],[34,-22],[16,-51],[-63,16],[-28,-13],[-56,82],[-32,-20],[-45,92],[35,10],[-158,336],[156,221],[21,72],[-14,25],[-33,-24],[-21,9],[-120,105],[-51,14],[-40,45],[-43,-23],[-174,-177],[-19,-98],[46,-98],[-189,-41],[29,85],[21,132],[-87,-23],[-17,28],[-20,-17],[-14,-58],[8,-35],[-25,-4],[10,-42],[-110,-137],[-52,-137],[-366,15],[-38,-118],[-69,-35],[-13,77],[56,100],[36,29],[53,-16],[5,77],[85,39],[22,36],[-9,105],[30,40],[23,76],[-8,233],[-61,131],[4,25],[-78,39],[-16,-21],[13,-59],[-36,17],[-13,-43],[32,-80],[7,-95],[-41,-25],[-31,-152],[-28,-36],[-64,-31],[-27,-44],[-5,-66],[-30,-33],[-12,-43],[-52,-70],[-67,-45],[-40,-67],[-75,-68],[-35,34],[-50,10]],[[58253,28800],[25,-137],[25,-17],[-6,-46],[23,-68],[59,-15],[27,27],[80,26],[47,-28],[55,12],[36,-33],[60,-2],[32,21],[23,-15],[57,-69],[55,-227],[122,-44],[-4,-30],[124,-214],[8,-70],[69,-54],[-2,-125],[49,-56],[23,-75],[-60,-288],[15,-93],[-30,-180],[-40,108],[26,620],[-192,334],[-98,93],[-74,188],[-46,51],[-86,58],[-235,-16],[-108,56],[-46,162],[-13,146]],[[58127,29168],[-71,51],[17,65],[86,-3],[60,-46],[41,-3],[82,-103],[-32,-163],[-15,-16],[23,99],[-34,51],[-157,68]],[[57596,29775],[152,-59],[1,-215],[21,-75],[96,-5],[66,33],[98,-216],[-133,54],[-167,13],[-106,-38],[-170,2],[-145,-40],[-114,-79],[-157,-59],[-53,16],[-72,59],[10,95]],[[56923,29261],[179,58],[13,13]],[[57115,29332],[1,0],[480,443]],[[58360,23041],[-29,-16],[-173,296],[-56,161],[-13,133],[-20,43],[-84,106],[-13,5],[-31,-46],[-94,118],[-12,133],[27,58],[10,83],[60,84],[-26,110],[7,26],[-43,-6],[-11,19],[-28,155],[-20,14],[1,81],[-38,77],[-47,70],[-36,-1],[-19,-21],[-17,10],[-18,75],[20,60],[-10,25],[-50,-20],[-13,44],[43,23],[59,125],[-13,19],[30,30],[-4,63],[32,4],[33,37],[86,1],[41,78],[-45,41],[-67,-32],[-33,7],[5,71],[-32,67],[-1,35],[-39,0],[-22,32],[-33,7],[-24,-32],[-13,156],[-44,24],[-50,-31],[-116,93],[-62,17],[-60,173],[129,-72],[8,-45],[32,-6],[50,-62],[10,-34],[23,23],[46,-23],[18,11],[48,-59],[4,-56],[104,-84],[64,16],[43,37],[24,-17],[20,-24],[8,-25],[-10,-18],[24,-45],[19,3],[22,-33],[40,-16],[-2,-20],[32,-31],[40,-147],[34,-33],[12,-107],[-53,-149],[-21,15],[-40,-12],[37,-7],[13,-60],[-14,-6],[-5,-42],[19,-48],[-44,-94],[12,-16],[-5,-29],[-26,-13],[-1,-36],[-39,-30],[0,-48],[-15,-7],[15,-46],[-19,-36],[24,-49],[-26,-31],[32,-11],[17,-41],[-14,-38],[51,-121],[-2,-71],[39,-84],[137,-124],[34,-111],[35,-8],[33,-42],[10,-78],[35,-29],[39,-131],[22,-38],[58,-29],[38,-101],[75,-83],[52,-89],[7,-70],[58,20],[-5,-19],[33,45],[65,-45],[78,12],[8,-35],[26,-17],[34,-60],[51,-22],[-33,-134],[53,18],[66,-13],[28,-53],[44,-17],[56,-69],[-4,-17],[54,-88],[115,-92],[20,-47],[8,-129],[-33,7],[-43,-64],[-84,-34],[23,-43],[58,-37],[81,-168],[67,-18],[33,-98],[23,-45],[15,-3],[141,-291],[24,35],[1,53],[39,111],[42,80],[54,-90],[26,-141],[29,-17],[28,-59],[70,-34],[25,-39],[8,-55],[81,-65],[16,-75],[23,16],[13,-20],[18,7],[9,-45],[16,-11],[13,37],[108,74],[-9,58],[41,42],[-34,74],[-59,67],[16,74],[20,-14],[14,-47],[123,-33],[30,94],[27,8],[15,-54],[14,-8],[25,22],[18,-96],[109,-10],[9,-21],[36,-11],[66,-103],[-17,-73],[118,109],[6,25],[68,31],[49,119],[81,-32],[-14,-98],[51,23],[32,44],[79,-46],[3,35],[29,10],[104,-66],[41,-87],[111,156],[92,21],[69,46],[34,-29],[17,-63],[-18,-40],[52,-140],[-24,-74],[34,-24],[-9,-23],[27,-19],[23,-53],[156,-162],[83,-19],[58,109],[56,35],[126,-12],[36,-26],[-1,-64],[-39,-84],[-12,-9],[-68,40],[-57,-31],[-61,-136],[-23,-4],[-30,-73],[1,-40],[-72,-135],[3,-28],[-27,-54],[20,-33],[69,-10],[15,-78],[18,2],[11,37],[23,4],[23,-53],[-8,-145],[20,-64],[-29,-147],[-8,-198],[41,-103],[9,-83],[25,-65],[-1,-68],[26,-69],[-28,-21],[44,-106],[-22,-119],[38,-24],[1,-24],[-26,-11],[24,-67],[-16,-110],[-102,-28],[-5,-29],[-5,-54],[32,-68],[17,-7],[-19,-55],[57,-55],[-16,-22],[-29,-147],[-61,-125],[-105,-89],[8,-29],[14,-24],[80,-16],[15,-35],[41,9],[18,-18],[45,-128],[28,-19],[53,-155],[29,2],[-21,-144],[29,-18],[-5,-47],[23,-79],[-15,-77],[51,-33],[90,-115],[67,-25],[-6,23],[41,11],[-52,-178],[6,-24],[41,18],[39,-9],[64,96],[111,-16],[69,-72],[-62,-90],[-36,-9],[23,-49],[24,-13],[0,-65],[17,-39],[71,-18],[80,-78],[33,11],[92,-33],[16,-22],[13,-51],[-32,-100],[-71,-74],[-20,-235],[-23,-22],[22,-58],[-16,-86],[46,-42],[111,43],[38,-45],[33,22],[4,25],[25,-4],[70,-36],[26,-53],[21,1],[-3,-66],[29,-30],[26,-105],[-16,-77],[33,-98],[63,-93],[60,-147],[30,-18],[56,-92],[58,-38],[47,3],[43,-79],[-7,-109],[25,-31],[40,-126],[42,-44],[19,-53],[10,9],[74,-160],[-8,-37],[30,-17],[-6,-38],[24,-36],[-7,-24],[30,-26],[-23,-33],[4,-21],[33,16],[21,-30],[91,-5],[85,-66],[14,13],[57,-21],[75,-92],[8,-74],[23,18],[85,-92],[54,-17],[29,-44],[18,-9],[13,17],[41,-24],[71,-78],[28,11],[-12,-65],[40,-8],[14,13],[17,-19],[-9,-50],[35,-67],[13,-67],[18,-27],[36,7],[5,-23],[21,-5],[-8,-12],[13,-11],[-12,-16],[24,-37],[49,-25],[34,34],[41,-56],[29,11],[8,-40],[32,-4],[-11,-31],[11,-27],[-3,-184],[-25,-56],[-35,-12],[17,-37],[-16,-42],[26,-105],[63,-108],[86,-52],[13,-35],[1,-77],[17,-29],[14,-6],[27,35],[50,-60],[6,-29],[62,-22],[-36,-92],[32,-19],[-6,-49],[31,25],[20,-23],[26,6],[15,30],[5,-28],[35,-23],[72,-17],[23,-81],[46,-22],[10,-40],[35,-32],[30,41],[20,0],[-14,-48],[13,-40],[-19,-26],[3,-22],[99,-96],[50,35],[47,-25],[21,37],[-11,42],[19,44],[16,2],[4,-28],[38,-4],[1,-85],[-26,-90],[14,-33],[11,8],[-17,-113],[32,-46],[40,-7],[9,-46],[37,1],[4,-12],[-26,-16],[38,-52],[121,-13],[52,-71],[35,-16],[3,-56],[4,15],[18,-18],[15,19],[44,-8],[10,-60],[60,-51],[9,-51],[17,-5],[21,57],[59,-24],[171,164],[55,110],[-10,48],[51,-17],[44,84],[42,-60],[17,34],[40,26],[-13,89],[33,74],[-21,118],[22,45],[-6,120],[44,36],[17,97],[45,2],[36,58],[1,-65],[20,-19],[62,-20],[37,-52],[24,19],[29,-26],[20,-115],[50,-104],[82,-66],[28,-45],[25,31],[50,-42],[51,-6],[29,-85],[51,-86],[15,10],[51,-23],[16,24],[24,-38],[39,-15],[100,-116],[18,-87],[136,-140],[26,-68],[98,-45],[42,-57],[74,-31],[-2,-23],[16,5],[6,-31],[56,26],[57,-25],[19,-73],[90,-85],[25,-2],[85,-116],[157,-18],[19,-30],[73,-23],[7,-56],[35,1],[50,-103],[24,5],[29,-33],[1,-23],[52,-54],[35,-101],[83,-85],[9,-99],[21,-23],[16,9],[40,-21],[77,19],[33,-37],[6,-72],[58,-63],[2,-51],[33,-14],[23,33],[29,-3],[10,-41],[-12,-49],[51,-40],[5,-39],[29,-47],[61,4],[5,-25],[-15,-33],[34,-39],[5,-61],[49,-8],[27,-26],[5,-68],[56,-70],[-3,-21],[-41,-32],[-53,-2],[-11,-105],[-40,-25],[9,-22],[-10,-119],[-40,-64],[5,-69],[-22,-44],[-31,-10],[-20,-115],[22,-61],[-42,-1],[-25,16],[-14,46],[-13,-9],[9,-233],[57,-66],[-34,-3],[20,-50],[-23,-28],[45,-52],[-1,-66],[24,-60],[105,-92],[20,-73],[43,-20],[2,-50],[21,-12],[6,-26],[-29,-59],[3,-57],[30,15],[8,-74],[80,-40],[-47,-34],[-21,-50],[-17,-12],[-16,16],[-13,-23],[1,-34],[30,-31],[-8,-87],[10,-12],[42,58],[39,25],[38,-2],[45,-25],[24,-64],[77,-41],[29,13],[41,-75],[35,-162],[-34,-18],[-44,-60],[13,-43],[-17,-83],[7,-27],[-33,-134],[52,-73],[25,-2],[4,-42],[48,-49],[5,-265],[-16,-36],[36,-88],[16,-113],[-56,-19],[-6,-39],[-22,-14],[-65,46],[9,-47],[-78,-15],[11,-53],[-48,16],[6,-156],[-43,-50],[-15,13],[3,24],[-16,-11],[7,-59],[-26,2],[22,-27],[-21,-27],[8,-29],[-72,-78],[-29,-144],[-30,-13],[6,-40],[-13,-47],[-136,-108],[-8,-30],[-19,2],[-21,-54],[20,-51],[-401,-461],[-79,-63],[-73,39],[-66,66],[-83,33],[-192,118],[4,45],[120,-47],[111,323],[56,-27],[30,11],[43,61],[136,6],[28,-74],[148,-151],[16,78],[33,57],[110,79],[40,72],[62,9],[33,50],[102,216],[-27,23],[-9,40],[20,130],[36,34],[14,-6],[4,22],[65,-32],[64,119],[24,105],[20,45],[85,63],[0,25],[37,50],[81,-19],[13,18],[-40,128],[-46,2],[-25,34],[-20,0],[-14,-25],[-203,-50],[-16,-56],[-24,-3],[-6,36],[-66,47],[-15,-21],[-104,80],[-61,112],[-3,26],[18,46],[-48,7],[1,100],[40,16],[2,33],[-19,14],[29,168],[53,27],[107,-23],[32,22],[79,-51],[41,40],[25,53],[1,39],[-31,43],[-12,48],[-49,-23],[-55,41],[-24,-17],[23,-56],[-15,-26],[-11,15],[-16,-32],[-20,4],[-29,-30],[-56,20],[-56,136],[-1,26],[29,42],[-41,65],[14,125],[-51,39],[-53,124],[-62,60],[24,65],[-3,33],[-80,146],[-84,112],[-61,6],[-56,32],[-97,-112],[6,-33],[-45,-75],[14,-25],[-23,-7],[-28,32],[-11,16],[30,64],[51,246],[-31,31],[-20,55],[0,14],[17,2],[8,51],[-194,39],[-129,-220],[-110,-112],[-36,-89],[-95,-108],[-46,43],[20,16],[-19,39],[29,75],[-51,26],[136,190],[-141,47],[-121,0],[-75,-85],[-48,-2],[-113,126],[-64,148],[-52,13],[-214,199],[-102,146],[110,43],[105,101],[-124,196],[-320,418],[-495,737],[-56,69],[-258,42],[-173,-17],[-55,111],[-17,126],[-28,38],[4,30],[-38,98],[23,57],[8,80],[-24,100],[-19,26],[10,31],[-55,280],[-19,9],[-28,-21],[-39,-94],[-23,-12],[-31,2],[-24,24],[-23,-19],[-17,67],[-57,57],[11,-62],[-395,-2],[-99,45],[-6,126],[29,17],[-65,614],[-44,-106],[-137,-11],[-32,22],[-26,51],[-9,99],[-54,6],[-60,68],[-60,33],[-39,-18],[-37,32],[-22,55],[76,141],[-29,120],[-44,16],[-26,74],[-175,159],[-104,147],[-335,580],[-33,26],[-55,-13],[-64,16],[-25,36],[-8,-53],[22,-47],[-5,-32],[-41,15],[-37,49],[-31,-35],[-18,54],[-45,-48],[-36,4],[27,73],[-4,52],[49,54],[-43,99],[-85,78],[-37,-36],[-19,8],[-27,86],[-124,189],[-16,120],[-31,50],[-41,25],[-14,62],[-45,45],[-85,31],[-33,37],[-72,136],[-115,164],[-26,52],[6,174],[-104,288],[-83,40],[-78,147],[-13,158],[-354,662],[-129,122],[-22,81],[-1,66],[-204,196],[-25,208],[-572,1008],[-42,-14],[-116,61],[-39,425],[-123,725],[5,185],[14,56],[-21,58],[14,18],[6,82],[-398,594],[-771,547],[-92,112],[-60,5],[-24,-16],[-47,33],[-326,323],[-49,26],[-20,35],[4,26],[-29,20],[41,107],[-178,158],[18,41],[-73,65],[-190,234],[-32,88],[-51,30],[-72,118],[-1,51],[-58,55],[160,144],[-39,71],[-40,42],[-72,18],[-3,33],[-48,-40],[-21,9],[-12,34],[10,10],[-31,8],[0,37],[-117,147],[1,18],[-50,30],[-6,58],[-34,23],[7,15],[-15,-6],[-4,49],[-87,139],[-179,191],[-38,-46],[-13,-51]],[[58828,25767],[108,-5],[-49,-15],[-59,20]],[[59128,25812],[-100,-29],[90,44],[10,-15]],[[59151,26824],[-73,-66],[67,75],[4,46],[2,-55]],[[36934,62633],[24,32],[26,97],[155,300],[10,-43],[-77,-259],[-107,-166],[-31,39]],[[39442,63253],[-97,-185],[-130,-152],[-142,31],[-187,177],[-26,118],[2,223],[-89,525],[-354,622],[-112,112],[-79,146],[-102,20],[-65,53],[-83,240],[-42,12],[-108,-31],[-166,20],[-104,43],[-62,172],[-121,49],[-176,-65],[39,-126],[12,-114],[-4,-257],[-35,-186],[-67,-169],[-121,-133],[-101,-207],[-26,-96],[-21,-305],[24,-49],[91,-69],[81,-163],[5,-35],[-20,-47],[54,-236],[-40,7],[-57,80],[-26,120],[-87,163],[-15,69],[-32,58],[-26,136],[-28,67],[6,104],[-19,66],[5,81],[-116,299],[-1,128],[41,71],[3,44],[-33,108],[-43,61],[-45,165],[28,108],[-27,60],[-10,66],[8,40],[44,52],[76,19],[16,35],[-1,56],[-25,9],[-5,21],[18,45],[29,12],[-15,156],[16,107],[-25,68],[6,76],[39,38],[45,-19],[53,31],[-44,73],[29,35],[-38,143],[3,62],[91,33],[38,39],[45,77],[7,52],[68,-7],[7,30],[-24,75],[38,108],[2,48],[87,-47],[67,-124],[70,-11],[35,29],[48,-8],[3,121],[20,40],[79,14],[102,66],[17,36],[5,82],[88,105],[8,79],[50,6],[310,-112],[-16,-56],[232,-13],[5,-393],[1041,-3],[-21,-102],[25,-52],[-56,-98],[41,-35],[177,-59],[217,-125],[32,3],[169,-102],[36,-78],[197,-96],[36,-42],[-2,-67],[-20,-26],[-23,-108],[6,-41],[33,-54],[74,27],[28,-44],[69,-20],[31,-76],[25,1],[17,48],[42,2],[14,-41],[73,-90],[19,31],[116,30],[-116,-30],[-144,-241],[-83,-610],[-137,-194],[-157,-171],[-66,-171],[-179,-118],[-10,-174],[-361,-401]],[[40855,65381],[-115,-6],[113,17],[185,135],[-183,-146]],[[73288,21153],[58,64],[72,0],[36,-22],[48,92],[57,49],[44,95],[-19,43],[0,57],[-109,104],[42,79],[29,7],[17,41],[32,4],[11,20],[-84,76]],[[73522,21862],[78,330],[64,152],[31,133],[-28,561],[36,98]],[[73703,23136],[-109,54],[-67,22]],[[73527,23212],[-102,34]],[[73425,23246],[-100,32],[-30,-2]],[[73295,23276],[-159,-10]],[[73136,23266],[-223,-118]],[[72913,23148],[-11,-6],[-12,-2]],[[72890,23140],[-152,-28]],[[72738,23112],[-46,-9],[-15,3]],[[72677,23106],[-79,12]],[[72598,23118],[-59,9],[-18,12]],[[72521,23139],[-114,76]],[[72407,23215],[-16,41],[-14,145],[26,129],[21,289],[-21,135],[-56,125],[-211,298],[-63,174],[45,292],[149,284],[31,88],[6,169]],[[72304,25384],[120,103],[139,171],[96,265],[168,341],[22,96],[94,137]],[[72943,26497],[135,-147],[110,-177],[64,-133],[-1,-51],[39,-14],[-2,-70],[78,-177],[49,-62],[59,-7],[26,-36],[56,-14],[61,-51],[18,39],[118,7],[51,-69],[30,21],[16,87],[46,-8],[50,31],[55,-65],[65,-132],[76,-20],[67,10],[79,-57],[6,-34],[-34,-118],[108,-88],[28,-2],[1,35],[16,6],[93,-46],[142,-134],[11,-64],[146,-51],[6,-48],[45,7],[27,-84],[83,-92],[5,-29],[67,-9],[41,-54],[23,-5],[63,32],[60,-1],[7,-21],[36,-8],[22,18],[4,-110],[-13,-68],[33,-56],[-26,-84],[17,-129],[14,-14],[-6,-40],[49,-145],[-38,-213],[15,-28],[48,21],[6,-27],[34,-10],[31,-45],[67,-44],[34,-3],[-2,-33],[36,-4],[55,-44],[48,-111],[-13,-45],[9,-14],[-22,-51],[0,-192],[41,-40],[14,-8],[56,54],[78,-33],[36,100],[34,-17],[35,14],[42,-37],[31,-101],[24,4],[19,-36],[69,36],[113,16],[7,-34],[41,-38],[132,-66],[250,6],[86,-24],[219,-226],[32,-61],[67,-69],[47,-119],[9,-75],[65,-56],[5,34],[31,41],[45,0],[102,-40],[39,-38],[81,86],[34,68],[94,12],[17,-40],[20,30],[153,29],[64,84],[31,-18],[22,-56],[-29,-60],[-78,-53],[-49,-7],[-101,-168],[-70,-24],[-30,-35],[-25,28],[-57,-111],[-15,-10],[-19,51],[-125,-74],[-84,20],[-10,-82],[32,-1132],[28,-11],[-39,-52],[-16,-86],[54,0],[92,-88],[38,-4],[-2,26],[17,-14],[12,17],[8,-22],[39,27],[27,-33],[-4,-21],[25,-4],[-3,38],[21,-23],[12,32],[-13,42],[14,85],[36,8],[13,56],[45,19],[-1,21],[46,-4],[49,44],[6,36],[45,17],[5,35],[33,7],[5,-45],[15,-7],[46,27],[10,-28],[90,-2],[35,14],[85,119],[143,28],[10,19],[64,-68],[65,21],[103,-72],[47,-59],[30,12],[36,-44],[44,-136],[23,-21],[-11,-11],[31,-86],[5,-37],[-13,-34],[14,-24],[21,-4],[2,-18],[117,-116],[25,-7],[-2,-32],[42,-31],[26,-50],[50,27],[38,-30],[17,-40],[-7,-93],[-37,-74],[15,-53],[-13,-21],[12,-15],[-7,-62],[-51,28],[-98,-9],[-34,-20],[-17,-37],[12,-45],[-10,-43],[32,-52],[-9,-10],[24,-116],[72,-24],[16,-34],[43,-16],[28,-40],[-56,-125],[4,-35],[-85,-31],[-7,-33],[9,-38],[89,37],[27,-16],[18,-35],[-41,-124],[-32,18],[-2,-16],[39,-11],[1,-21],[28,68],[57,0],[78,73],[37,-21],[36,-76],[30,-7],[-2,48],[-33,-11],[-19,127],[-29,62],[26,57],[36,10],[-10,56],[27,35],[-11,148],[-14,24],[3,77],[-86,148],[13,19],[47,-41],[45,3],[21,20],[17,85],[89,-33],[19,-31],[-18,-87],[14,-139],[1,16],[30,-17],[65,27],[67,113],[18,63],[28,29],[20,63],[-38,52],[54,46],[1,221],[54,38],[15,-70],[-29,-3],[21,-118],[23,-38],[59,-63],[-1,31],[131,-49],[87,-133],[53,40],[85,-66],[46,-222],[98,27],[3,-31],[-92,-349],[-61,-31],[-181,-12],[-12,28],[-14,-23],[-33,-4],[-33,-76],[-24,0],[-8,22],[-2,-21],[-50,-19],[-8,52],[-5,-25],[-14,13],[0,-23],[-35,-4],[-3,-41],[37,4],[-8,-123],[-132,-41],[33,-23],[-29,-83],[-11,-107],[-146,-57],[-41,-57],[-76,39],[15,42],[-25,-40],[-10,12],[1,-33],[-19,13],[18,-32],[-63,-44],[3,-49],[-85,-16],[47,-11],[-31,-35],[-32,0],[-11,-38],[-66,6],[-4,7]],[[79112,18486],[3,5],[-46,78],[-153,172],[-417,350],[-84,228],[-53,61],[-154,339],[-63,73],[-57,37],[-64,7],[-137,-26],[-70,40],[-63,76]],[[77754,19926],[-84,180],[-18,28]],[[77652,20134],[-10,20],[-75,106],[-75,68],[-57,17],[-93,-8],[-175,-72],[-242,-204],[-147,-281],[-105,-325],[-42,-79],[-64,-68],[-165,-91]],[[76402,19217],[-392,-59]],[[76010,19158],[-57,-2]],[[75953,19156],[-168,18]],[[75785,19174],[-145,65],[-436,294],[-113,31],[-88,-8],[-251,-130],[-106,-18],[-223,78]],[[74423,19486],[-101,44]],[[74322,19530],[-239,149],[-153,136],[-59,101],[-116,395],[-171,308],[-146,111],[-96,51],[-165,30],[111,342]],[[80546,16653],[3,4],[-111,104]],[[80438,16761],[-245,-74]],[[80193,16687],[-19,3]],[[80174,16690],[-105,82]],[[80069,16772],[-48,56]],[[80021,16828],[-64,172],[-20,283],[-1,3]],[[79936,17286],[-1,7],[-9,18]],[[79926,17311],[-20,53],[-14,13]],[[79892,17377],[-5,9],[-71,63]],[[79816,17449],[-78,39]],[[79738,17488],[-208,46]],[[79530,17534],[-99,43],[-108,89],[-84,148],[-111,362],[-5,249]],[[79123,18425],[60,-40],[45,-82],[151,137],[76,-34],[-37,-46],[4,-106],[-21,-61],[-57,-35],[-25,-50],[-28,-3],[12,-17],[-21,-1],[1,-13],[30,-3],[-6,-52],[-65,-46],[-18,-43],[1,-33],[104,106],[184,52],[-13,-29],[8,-30],[-61,-86],[4,-52],[8,59],[88,84],[-2,43],[21,-11],[4,41],[55,16],[9,19],[18,-27],[-8,39],[12,31],[36,-18],[2,39],[23,23],[46,-11],[10,-45],[6,63],[71,10],[18,-23],[-17,-46],[17,2],[14,26],[-10,78],[39,93],[1,-72],[53,-22],[-29,89],[34,16],[22,0],[23,-85],[57,22],[-8,-25],[32,-36],[-2,32],[22,15],[82,-20],[29,-86],[-81,-340],[-7,-110],[-43,-11],[1,-37],[40,-13],[-13,-37],[-48,-30],[61,5],[17,57],[-12,-127],[21,-80],[-14,-30],[48,-41],[-8,-46],[28,-2],[17,23],[104,-4],[2,-47],[12,-10],[-72,-146],[-79,-90],[29,-47],[43,85],[16,2],[-16,-35],[11,-48],[21,72],[19,-40],[-6,40],[30,2],[20,-70],[6,60],[83,17],[4,-51],[38,9],[3,48],[22,-120],[14,7],[-7,89],[41,-27],[-47,61],[52,14],[39,-54],[72,6],[58,-90],[-18,-16],[-42,4],[26,-24],[-41,-48],[-53,13],[41,-24],[-5,-43],[-30,-7],[32,-11],[-14,-5],[18,-12],[12,-106],[-103,-157],[-46,76]],[[80523,16625],[27,24],[-4,4]],[[73522,21862],[-42,-3],[-75,63],[-40,-4],[-111,58],[-23,71],[75,141],[7,114],[-123,88],[-42,59],[-21,16],[-109,-85],[-103,-6],[-32,-45],[-55,-17],[-52,79],[-42,-1],[-74,47],[-6,39],[-47,54],[-65,-103],[-16,-85],[17,-46],[-30,-32],[-38,-26],[-23,8],[-67,-26],[-5,32],[-38,37],[-55,-47],[-43,40],[-18,-49],[61,-44],[-5,-145],[41,-69],[4,-158],[35,-81],[55,-18],[53,41],[66,13],[16,-55],[8,-194],[37,-27],[25,-70],[-40,-22],[0,-20],[53,-27],[10,-44],[-18,-25],[-9,-56],[114,56],[97,-88],[-17,-55],[-60,-18],[-10,-22],[18,-48],[-65,-71],[-33,-68],[-186,26],[12,53],[-12,15],[4,56],[-81,143],[-20,107],[-28,-30],[-44,-129],[-18,-11],[-70,32],[-36,-13],[-23,-34],[-111,62],[-32,-18],[-41,7],[-37,138],[-23,24],[-26,7],[-92,-42],[-58,56],[-78,26],[-29,74],[-109,18],[-40,100],[4,51],[-36,36],[-51,-79],[-43,-2],[-68,-154],[-122,-75],[-27,-50],[-85,-73],[-82,6],[-105,-75],[-1,22],[-65,8],[-55,-26],[-39,39],[-71,129],[-5,25],[18,28],[-28,23],[32,44],[-66,72],[26,72],[-1,36],[42,31],[49,-16],[69,40],[43,78],[-3,25],[-30,31],[35,12],[76,113],[10,25],[-3,70],[38,10],[11,-18],[51,34],[-86,69],[22,39],[-1,27],[31,-12],[12,-14],[-6,-20],[28,-21],[22,39],[14,-18],[16,19],[11,-15],[26,15],[30,-20],[0,19],[21,7],[2,44],[59,70],[-20,73],[-38,16],[-9,36],[15,27],[-2,38],[41,-4],[40,37],[21,-8],[42,73],[32,5],[25,108],[25,6],[41,-77],[41,12],[25,-13],[57,49],[32,-23],[29,27],[127,34],[28,55],[95,-98],[22,60],[-11,24],[41,38],[83,24],[-6,29],[63,1],[-1,-32],[60,-46],[24,12],[-19,61],[29,34],[19,61],[29,-15],[27,7],[12,24],[38,172],[-37,60],[18,37],[-57,132],[54,71],[5,68],[-7,47],[-23,13],[5,67],[-36,40],[-55,-12],[-39,29],[-59,168],[-21,6],[-14,40],[-25,1],[-23,40],[14,36],[-33,40],[20,53],[-26,80],[-18,15],[-93,18],[-5,-48],[-11,5],[-10,-35],[-44,23],[-16,56],[16,36],[-4,28],[-51,-38],[-22,7],[-18,-40],[-15,18],[5,40],[-16,19],[-9,-74],[17,-27],[-4,-47],[-14,-53],[-25,-27],[-72,56],[-86,-39],[-85,8],[-155,-36],[-96,-2],[22,-81],[-83,-84],[-15,-70],[-67,-92],[12,-30],[49,-16],[25,-65],[-9,-52],[-48,-55],[-45,32],[-75,-26],[-32,49],[-60,-31],[-21,16],[-11,70],[-62,103],[-51,22],[-30,-40],[-36,-2],[-13,38],[-63,50],[-116,44],[-34,-58],[-13,-107],[-128,-143],[-14,-70],[-48,-18],[-45,-69],[-19,-176],[-18,24],[-32,-4],[-1,-32],[-30,-26],[-94,-47],[-26,-75],[-38,18],[-49,-78],[-108,-17],[-46,-33],[-4,-31],[-102,-69],[-78,-103],[-11,-48],[-45,-57],[-68,36],[-24,50],[-69,-119],[-7,-39],[-44,-28],[-83,34],[-58,121],[-8,84],[-51,44],[-17,41],[-60,25],[-111,109],[-39,70],[-122,26],[-27,23],[-31,68],[-77,-51],[-7,-40],[-15,30],[-104,36],[-47,45],[32,60],[11,101],[70,221],[3,46],[33,42],[-28,123],[31,81],[37,12],[31,81],[44,-40],[45,-7],[41,-46],[30,4],[80,51],[69,144],[19,-20],[40,21],[46,-20],[10,-28],[29,15],[34,75],[-26,67],[43,-11],[13,-87],[42,-6],[2,-47],[35,-6],[17,-142],[119,-25],[99,37],[41,50],[39,-37],[106,-40],[126,62],[45,-34],[111,8],[75,68],[33,91],[85,4],[38,184],[27,54],[-6,71],[8,28],[21,5],[-2,53],[43,-17],[75,42],[-2,26],[50,53],[5,93],[46,76],[13,60],[0,20],[-40,41],[19,39],[-1,146],[-20,34],[-28,139],[35,26],[2,22],[-14,40],[11,29],[-11,23],[1,230],[-11,28],[24,83],[-34,75],[-4,127],[32,75],[-35,42],[22,19],[1,26],[-129,167],[-3,69],[-42,-2],[-39,15],[7,27],[-27,-7],[-49,23],[-42,-83],[17,-92],[-15,-28],[-38,1],[-8,-105],[-110,-128],[-53,-12],[-58,43],[-78,-8],[-71,-106],[-75,10],[-110,106],[-56,-25],[-83,-71],[11,-48],[-48,-88],[-2,-112],[-45,-63],[8,-74],[-55,-10],[-165,-110],[-37,-39],[-2,-29],[-20,3],[-26,57],[-25,-22],[-9,-79],[-16,2],[-51,102],[-21,-23],[-132,49],[-28,74],[9,20],[-161,188],[-47,101],[-50,57],[-49,144],[-70,83],[-27,82],[-41,4],[-27,30],[-33,102],[-51,30],[-43,-12],[-61,32],[-87,124],[-54,33],[-30,90],[17,5],[-10,26],[11,115],[-37,9],[15,93],[-54,57],[-37,-25],[-141,58],[-62,-104],[-37,2],[-78,-51],[-49,-2],[-122,-127],[-69,-41],[-211,46],[-51,-29],[-11,29],[-38,13],[2,21],[-26,20],[-147,-114],[-59,49],[-20,-49],[-32,9],[-66,-70],[-37,-5],[-33,37],[-32,-46],[-42,18],[-72,-45],[-69,13],[9,60],[-83,147],[-68,-23],[-85,4],[-28,-20],[-18,11],[-14,-39],[-25,-3],[-9,30],[-31,-34],[-22,24],[63,117],[21,-4],[15,27],[-3,58],[25,29],[-3,70],[43,67],[31,113],[-20,46],[1,136],[-20,78],[15,84],[65,-39],[126,8],[20,30],[132,34],[102,76],[55,9],[51,-41],[27,-1],[62,-77],[199,-430],[51,-75],[84,18],[50,-19],[62,13],[90,-45],[119,-26],[95,61],[110,-12],[24,56],[65,33],[8,44],[37,-7],[10,46],[48,31],[47,85],[25,-3],[35,72],[-16,47],[59,59],[30,-126],[74,-33],[28,-54],[56,-33],[58,24],[64,-2],[68,-60],[87,-143],[168,-120],[136,16],[58,60],[54,110],[111,139],[89,36],[68,-13],[25,46]],[[68952,27173],[101,41],[30,111],[453,-160],[214,-20],[158,-39],[132,5],[164,-88]],[[70204,27023],[86,-19],[19,5]],[[70309,27009],[18,-3],[17,12]],[[70344,27018],[14,4],[70,56]],[[70428,27078],[398,283],[22,-656],[69,-423],[40,-123],[108,-185],[34,-130],[64,-111],[102,-63],[83,-3],[283,116]],[[71631,25783],[361,27]],[[71992,25810],[33,-4]],[[72025,25806],[33,-16]],[[72058,25790],[175,-155],[56,-132],[15,-119]],[[72407,23215],[100,-71],[14,-5]],[[72598,23118],[54,-15],[25,3]],[[72738,23112],[100,10],[52,18]],[[72913,23148],[26,9],[197,109]],[[73295,23276],[130,-30]],[[73527,23212],[176,-76]],[[63264,24818],[25,-93],[-26,-106],[14,-53],[-22,-20],[5,-21],[16,13],[4,-25],[-31,-43],[-119,-46],[-7,19],[-34,-31],[-10,64],[-27,-119],[-31,-1],[-12,-23],[22,-66],[-20,-66],[-114,-51],[-46,-85],[-35,-6],[-121,38],[-51,-15],[-79,-125],[-39,-25],[-44,60],[-71,-73],[-46,22],[-104,-31],[-78,42],[-39,136],[-26,24],[-1,33],[12,8],[-57,68],[-47,6],[-22,59],[-33,23],[-23,108],[-31,55],[-58,49],[-11,43],[0,24],[103,-38],[53,27],[45,-48],[21,31],[-9,25],[68,66],[25,16],[68,-24],[12,71],[38,21],[112,-36],[60,-56],[18,-41],[27,-1],[9,-30],[39,-14],[25,76],[43,0],[14,17],[-9,41],[-26,3],[-22,62],[-30,21],[8,26],[-18,14],[-1,28],[36,8],[97,-54],[50,5],[34,28],[55,-61],[69,70],[78,-33],[15,-37],[16,2],[-7,57],[21,40],[16,-22],[73,18],[-18,23],[16,25],[-13,63],[7,31],[-27,40],[-3,48],[43,21],[28,-70],[121,-89],[37,-70],[0,-70]],[[67657,25245],[58,-10],[50,-58],[9,-109],[61,-64],[61,-100],[0,-151],[-52,-45],[-35,-145],[-26,-16],[-28,-54],[-37,-15],[-55,-61],[-49,37],[-30,-24],[-32,87],[-49,-51],[4,-56],[-20,-56],[-25,14],[-24,-63],[-46,5],[-12,-98],[-27,21],[-75,-56],[-19,8],[-32,-95],[-44,-10],[-54,37],[-73,-2],[-47,-51],[-17,-62],[-25,-15],[-45,23],[-20,78],[-52,18],[-29,-25],[-35,27],[-32,-9],[-2,19],[-30,-8],[-55,-124],[-96,-75],[-24,30],[-29,-4],[-22,30],[45,61],[32,-6],[26,37],[-4,46],[13,23],[50,19],[10,40],[-8,62],[20,68],[-7,26],[30,188],[125,77],[59,-72],[131,76],[56,-36],[51,51],[7,47],[20,2],[19,62],[60,49],[37,8],[52,66],[-7,39],[50,124],[43,61],[-8,113],[25,104],[-14,90],[41,-23],[57,17],[24,-11],[114,60],[14,-23],[-33,-71],[0,-58],[31,-38]],[[65909,26420],[129,-235],[-40,-30],[-14,-52],[-11,5],[4,33],[-17,1],[-18,-29],[4,-19],[-38,-115],[-23,-17],[1,-27],[-30,-28],[-50,-4],[-18,-69],[-30,31],[-50,-29],[-20,7],[-27,-63],[4,-39],[-20,-65],[24,-59],[95,-62],[-13,-58],[23,-88],[-25,-79],[-27,-19],[-8,-42],[-16,14],[4,-73],[-70,-98],[-19,-74],[-21,4],[-61,-66],[7,-32],[-82,-17],[-19,14],[1,-58],[-31,-34],[-53,-179],[-39,-76],[-10,-66],[-132,-3],[-41,-47],[-81,-2],[-45,-44],[-44,-12],[-71,89],[-108,10],[-51,138],[-24,130],[-91,43],[-48,-23],[-28,-68],[-25,12],[-24,-18],[-58,74],[-1,57],[-53,-7],[13,93],[-63,32],[-47,53],[35,57],[-31,45],[-93,-55],[-136,-13],[-13,3],[-28,72],[-79,25],[-8,-21],[-42,0],[-24,-32],[-62,29],[-23,-19],[-12,24],[-40,-40],[-51,45],[-23,-11],[-1,27],[-29,41],[19,111],[-46,100],[-40,-24],[-66,-147],[-21,-9],[-19,13],[10,67],[-51,51],[-32,86],[-47,-36],[-10,54],[-19,19],[-29,-6],[-24,69],[-28,3],[-27,114],[3,94],[-33,16],[-11,94],[-35,5],[-17,36],[-83,-53],[-7,-34],[-16,-10],[-58,27],[-50,-1],[-131,229],[-59,38],[-34,73],[-73,15],[-68,56],[175,29],[84,-47],[74,-4],[30,28],[91,12],[29,46],[-3,87],[120,140],[-18,86],[63,50],[119,-110],[92,-240],[61,-46],[14,-77],[-25,-56],[9,-63],[201,-43],[44,-77],[83,-18],[20,-74],[50,-19],[6,-28],[44,-30],[34,3],[74,-44],[25,5],[64,-48],[70,-10],[62,44],[37,-52],[39,15],[96,-6],[101,-78],[127,33],[65,96],[53,26],[65,16],[67,-15],[39,17],[10,-58],[48,-103],[44,12],[20,53],[43,46],[37,-32],[36,-4],[71,80],[29,171],[18,32],[44,11],[86,95],[199,50],[36,81],[21,17],[34,138],[68,117],[53,-49],[7,-29],[33,1],[-1,53],[56,29],[18,-38],[-3,-63]],[[61265,26027],[59,-38],[45,3],[108,-38],[82,34],[84,88],[12,51],[27,-7],[35,23],[9,-243],[26,-101],[-46,-88],[-1,-122],[-10,-25],[-32,-7],[9,-47],[-11,-40],[-26,2],[-36,-52],[-50,18],[-14,44],[-42,-24],[-53,23],[-19,-16],[-11,28],[-178,-66],[-29,19],[-7,35],[-28,-9],[-28,39],[-98,2],[-25,14],[-103,202],[-54,47],[-36,98],[-8,73],[10,48],[46,74],[26,167],[-11,68],[9,6],[213,-261],[23,4],[61,-51],[72,25]],[[71095,18812],[101,-180],[11,4],[-12,-5],[101,-144],[242,-256]],[[71538,18231],[-51,-73],[8,-43],[-30,-42],[-25,-12],[-12,17],[-15,-29],[-85,-41],[-17,92],[-30,20],[12,9],[-18,23],[-79,27],[-14,-26],[-28,48],[-10,-13],[-33,34],[-16,-22],[-52,25],[-11,-25],[-44,50],[3,25],[-60,-34],[-23,12],[-56,-74],[-45,-20],[-16,18],[-3,-39],[-24,-15],[-13,-47],[2,-63],[-15,-20],[9,-28],[-34,-23],[13,-38],[-23,-31],[-57,-9],[6,-22],[-23,-107],[-56,-23],[-17,41],[-26,-13],[-50,18],[-12,-15],[13,-48],[-17,-12],[5,-41],[-35,-34],[-56,17],[-28,38],[-65,0],[-11,17],[-131,-44],[-25,-51],[57,-82],[13,-45],[33,-17],[17,-50],[-9,-152],[-28,-20],[-3,-60],[26,-27],[-5,-39],[34,-119],[-96,-52],[8,-65],[30,-45],[-8,-67],[47,-52],[44,3],[-6,-39],[67,-49],[15,-93],[28,14],[29,-23],[4,-24],[84,-52],[-16,-44],[102,-113],[-13,-57],[56,63],[16,-26],[51,-21],[19,13],[14,-19],[120,14],[66,-67],[43,60],[39,-37],[5,36],[45,24],[29,-28],[88,38],[99,-61],[64,19],[40,-37],[27,37],[42,-30],[8,19],[33,-21],[34,21],[12,-20],[19,14],[14,-66],[21,-21],[69,-50],[82,-16],[31,-40],[-8,-47],[39,-97],[-63,-24],[39,-149],[54,-48],[111,-1],[12,16],[-27,48],[22,8],[125,-46],[13,18],[-9,48],[21,34],[-21,31],[16,5],[26,54],[-12,14],[20,36],[18,-5],[83,-76],[29,-66],[42,-40],[39,-94],[66,-31],[12,17],[18,-39],[98,-44],[58,-97],[-7,-47],[19,-26],[96,33],[51,-48],[1,-19],[19,4],[10,-31],[39,25],[12,-61],[53,-21],[24,11],[53,-36],[-13,-43],[-51,-58],[22,-168],[30,-14],[13,-59],[63,-66],[37,-3],[48,32],[22,-14],[22,9],[19,-21],[43,14],[62,-63],[-12,-55],[-58,-88],[10,-105],[-10,-63],[-58,-80],[2,-34],[-36,-46],[-7,-63],[-27,-59],[9,-87],[23,-19],[-2,-47],[24,-33],[84,47],[38,-25],[91,12],[274,-156],[87,33],[104,-450],[39,-5],[3,36],[22,2],[49,-39],[89,-10],[-1,41],[60,-56],[154,8],[29,-89],[81,0],[33,43],[28,2],[53,73],[75,27],[14,69],[38,39],[110,0],[43,-245]],[[74721,13347],[41,-106],[142,-156]],[[74904,13085],[140,-113],[193,-72],[102,-221],[674,-125],[-1,-407],[253,1],[29,-23],[30,26],[65,4],[8,-398],[54,2],[-53,-298],[337,52],[-30,-227],[-13,-9],[-23,-377],[-40,-62],[-34,-12],[-18,-52],[-55,-62],[-76,-40],[-7,-28],[-38,3],[-27,-28],[15,-123],[-811,84],[9,-70],[-13,-51],[-21,-4],[-59,12],[-32,50],[-12,-41],[-29,1],[-29,34],[12,10],[7,67],[-32,-3],[-37,-33],[-63,-13],[-9,-108],[-29,-35],[-33,10],[12,-36],[-23,-89],[-13,40],[-39,-22],[-39,11],[-16,-18],[-37,61],[-13,72],[9,21],[-31,88],[-9,15],[-29,-32],[-24,33],[49,90],[-11,39],[19,32],[2,51],[-13,-3],[-12,35],[-40,-39],[3,-59],[-17,-64],[-25,-3],[-55,-99],[-1,59],[-6,13],[-11,-13],[5,37],[-14,27],[-10,-31],[-37,3],[-14,41],[-61,-16],[-5,-46],[15,-50],[-47,4],[-30,61],[3,63],[-79,-11],[-8,36],[-15,-29],[-7,27],[-49,39],[-25,78],[-64,15],[12,44],[-16,-1],[0,42],[-32,46],[-29,-28],[0,64],[-15,2],[-8,30],[-39,-2],[1,20],[-19,-10],[-27,21],[-20,-76],[-39,-36],[-23,27],[14,9],[-2,21],[-21,-27],[-23,9],[-13,-29],[-56,14],[-5,20],[-49,-19],[-36,20],[-39,56],[16,33],[8,154],[20,11],[-10,94],[-37,72],[-40,3],[8,22],[-21,94],[12,26],[-76,64],[-24,57],[-74,-18],[-14,-21],[-12,11],[-8,-29],[-87,113],[-40,-22],[-43,13],[-3,-109],[-42,-37],[-97,-3],[-56,-72],[-18,22],[-20,-10],[-2,62],[17,43],[-20,52],[12,4],[17,91],[-24,16],[-12,-18],[-10,30],[-8,-14],[-75,38],[-66,-31],[-48,41],[-39,-32],[-77,-8],[-34,-59],[-35,-10],[-4,98],[-48,115],[39,74],[-10,37],[-15,-8],[-10,22],[-42,-17],[2,37],[-14,-8],[-24,39],[-13,-4],[2,19],[-17,14],[11,11],[-59,75],[20,71],[53,55],[-49,38],[-12,43],[-138,-47],[-27,18],[-51,-3],[-44,49],[-35,-83],[-32,14],[-78,-23],[-20,-24],[-37,84],[-11,-10],[-80,45],[-28,-17],[-38,22],[-190,-4],[-29,35],[-31,-6],[-53,-59],[-30,11],[-13,-50],[-32,-37],[-10,-70],[-70,-124],[-28,8],[-22,-19],[-5,51],[-84,-26],[-52,-54],[-82,9],[-21,45],[-53,-9],[-56,56],[-24,1],[-26,49],[-27,12],[4,68],[-33,2],[-62,63],[-36,18],[-103,-12],[-1,-21],[-71,-61],[-51,-110],[-84,-79],[-60,-156],[34,-112],[-34,-165],[23,-31],[-10,-59],[133,-264],[-56,-211],[77,-93],[2,-64],[42,8],[8,-30],[46,26],[-12,-47],[35,-38],[-3,-73],[61,-7],[34,-51],[24,-5],[-9,-64],[66,-67],[-14,-106],[88,-132],[-8,-28],[66,-23],[-19,-48],[32,-110],[26,-2],[6,-47],[57,-74],[16,-46],[37,-1],[9,-39],[36,1],[-6,-25],[30,-61],[18,-6],[-16,-92],[6,-77],[63,-2],[46,-109],[40,0],[58,-89],[-48,-59],[6,-90],[-54,-87],[3,-73],[-22,-127],[-31,-41],[-26,-2],[-5,-22],[-44,-14],[-9,-121],[-49,-18],[-40,-63],[-75,-32],[-42,-72],[-37,-5],[-97,148],[-120,125],[-28,80],[3,53],[-34,42],[-22,80],[-37,61],[-44,33],[-82,139],[-38,21],[-12,82],[-87,129],[4,91],[17,39],[-13,31],[8,52],[77,222],[-4,84],[55,131],[-29,15],[17,64],[-42,89],[-1,30],[-81,90],[-22,-5],[-67,73],[-34,9],[-7,40],[-42,27],[-39,67],[-15,-5],[-33,99],[-94,70],[-25,56],[-20,-12],[-31,20],[-19,61],[-64,51],[-65,235],[-19,25],[-30,-18],[-19,9],[-34,39],[-12,46],[13,63],[-31,52],[-18,1],[-73,127],[-59,48],[0,67],[-44,102],[-17,-1],[-50,64],[-103,66],[-12,25],[-36,-11],[-45,144],[-97,118],[4,26],[-37,32],[-39,97],[-38,-1],[-53,81],[-15,-9],[-27,20],[-103,132],[-75,19],[-56,162],[2,42],[23,21],[-2,158],[-39,125],[-68,59],[-7,37],[-157,50],[-132,139],[-17,57],[-31,42],[-24,106],[-81,121],[30,101],[-100,102],[-39,-3],[-38,78],[0,55],[41,52],[87,46],[27,36],[70,4],[58,49],[58,119],[358,452],[223,172],[109,149],[353,404],[233,401],[40,123],[-43,222],[-1,227],[-9,45],[-52,99],[29,56],[48,228],[25,56],[119,150],[18,83],[-63,85],[-44,127],[-5,84],[-28,44],[-71,51],[2,101],[56,95],[183,134],[92,33],[179,19],[91,40],[122,106],[288,117],[89,74],[48,14],[61,67],[86,43],[25,168]],[[92167,8875],[-201,84],[-124,82],[7,309],[-144,211],[17,13],[-14,9],[1,64],[13,-10],[45,57],[4,-14],[21,10],[-12,28],[13,39],[-21,13],[25,10],[-11,28],[37,24],[-7,31],[18,4],[-4,19],[-27,-18],[-4,32],[-11,-28],[-22,-6],[-48,38],[4,-40],[-26,-29],[21,-1],[-1,-17],[-6,-18],[-19,4],[-4,-29],[16,-9],[7,-68],[-14,-37],[-28,-37],[-34,-3],[-3,28],[-12,-37],[-31,-27],[-17,-90],[-50,-22],[-8,20],[-13,-32],[-4,14],[-28,-11],[1,-41],[32,-64],[-9,-26],[-57,36],[-40,-68],[13,-37],[31,2],[-40,-62],[-8,-661],[-71,-45],[-142,-210],[-205,-188],[-45,-13],[-38,-90],[-28,-2],[-47,-77],[-3,-31],[-25,-6],[-60,-141],[-41,-6],[-2,71],[-121,222],[-186,158],[-92,323],[-28,28],[9,24],[-231,335],[-29,9],[-49,84],[-54,12],[-48,57],[-40,99],[10,99],[-11,-15],[-35,22],[-67,119],[14,106],[438,13],[19,77],[43,77],[51,-72],[-10,-27],[35,-37],[9,-82],[16,-17],[27,26],[5,61],[123,-109],[36,-9],[98,-97],[-43,-63],[58,-34],[-46,-64],[30,-23],[53,56],[24,70],[21,15],[4,55],[56,-65],[44,72],[-7,96],[-52,64],[2,26],[28,65],[38,23],[5,109],[52,10],[39,32],[2,49],[-39,59],[5,51],[30,16],[7,42],[-28,44],[19,20],[2,37],[-77,96],[12,66],[-28,16],[-13,-24],[-32,39],[-40,-31],[-134,86],[-27,-21],[-9,29],[15,43],[34,24],[86,-17],[338,12],[24,-92],[14,-25],[45,-20],[15,-49],[16,41],[103,61],[25,-18],[9,37],[21,-45],[47,36],[6,-24],[10,13],[52,-13],[-16,18],[16,25],[37,-13],[13,9]],[[92161,10473],[15,-48],[4,3]],[[92213,10442],[22,-11]],[[92248,10425],[7,-4],[51,3]],[[92328,10414],[21,-26]],[[92370,10303],[197,-1035]],[[95449,530],[6,11],[-16,-1],[-21,-47],[-6,44],[-64,36],[-5,20],[-1,23],[27,-19],[16,17],[16,32],[-7,80],[19,3],[-4,25],[-50,-1],[8,129],[49,40],[37,58],[-39,6],[-26,-46],[3,20],[-32,14],[8,15],[-16,11],[46,50],[-12,36],[22,25],[-30,46],[4,37],[-14,-4],[-18,29],[31,5],[-35,7],[4,15],[-27,-22],[-21,10],[-4,32],[-38,25],[28,61],[17,-11],[6,52],[-20,35],[22,41],[-20,6],[-2,45],[41,9],[-16,42],[61,3],[0,54],[57,-27],[11,96],[-24,24],[11,80],[57,46],[13,-7],[-6,-32],[15,-31],[37,50],[23,69],[-15,27],[16,27],[-15,28],[16,30],[29,-7],[9,35],[-17,29],[11,27],[32,4],[18,24],[38,-17],[-3,32],[41,-94],[62,-6],[-8,-23],[-31,-17],[15,-16],[-15,-23],[14,-6],[29,10],[13,64],[-16,19],[17,19],[12,-11],[-9,-10],[13,-60],[44,-6],[2,124],[-17,61],[22,-17],[22,-101],[41,64],[-2,33],[12,6],[28,-87],[50,27],[46,81],[37,-78],[-17,-147],[8,-43],[18,-5],[-5,38],[17,30],[64,-19],[13,18],[-1,77],[53,49],[23,-7],[17,-18],[-43,-100],[-27,-51],[-72,-67],[37,-53],[47,-39],[26,44],[133,-111],[41,41],[20,-5],[78,41],[36,-4],[-14,-13],[9,-42],[18,0],[-4,-28],[20,-18],[3,-39],[-63,-65],[-25,-70],[-19,-15],[1,-24],[37,-2],[38,-36],[121,30],[46,-28],[25,-74],[32,-41],[40,-26],[50,17],[-39,-52],[1,-20],[37,13],[11,-38],[34,-6],[25,29],[41,9],[-17,-46],[-66,-66],[74,-84],[33,35],[38,-10],[11,-62],[57,-26],[6,-39],[-31,-51],[-48,-23],[-47,-62],[-64,-18],[-38,-77],[0,-41],[35,-25],[50,-127],[-13,-9],[-23,-126],[-46,-109],[-111,13],[-27,33],[6,66],[-23,46],[-40,5],[-37,32],[-47,-38],[18,-30],[-20,-82],[-64,-62],[-35,-66],[-45,53],[-12,-32],[-41,4],[8,-39],[-19,6],[2,-24],[-56,68],[-31,-72],[-2,16],[-27,-20],[-12,12],[-48,-50],[-18,6],[4,-19],[-46,2],[-14,-22],[-18,22],[-18,-20],[-13,17],[-29,-4],[-69,-73],[2,34],[-15,-2],[-3,66],[-22,54],[-43,-12],[-25,19],[-4,-16],[-17,22],[-19,-6],[-10,27],[-105,-27],[-23,19],[-40,-94],[-87,4],[29,92],[37,36],[2,33],[-19,7],[-73,-58],[-53,44],[-14,32],[20,44],[29,-21],[32,54],[-8,24],[33,34],[14,48],[-29,20],[-13,-13],[-20,-75],[-27,59],[-37,-41],[-21,0],[-9,41],[-45,36],[20,13],[-14,8],[9,25],[-12,0]],[[96034,1944],[-8,68],[-25,6],[3,-27],[-33,-48],[2,-49],[-18,-11],[-2,40],[-25,-15],[-6,-44],[-21,-19],[-16,75],[-20,1],[10,-83],[19,-15],[51,17],[20,-14],[12,28],[14,-9],[24,17],[19,82]],[[97857,1562],[45,-278],[60,-57],[30,-55],[-8,-78],[32,-32],[-18,-24],[2,-36],[19,-19],[84,88],[10,79],[186,128],[3,71],[173,205],[133,87],[59,21],[62,-6],[131,-247],[-34,-145],[-117,-69],[-2,-35],[-35,-42],[-69,-185],[-19,19],[-60,-1],[-43,-65],[-35,10],[-62,-51],[-47,18],[-15,-31],[21,-23],[-101,-95],[-72,-13],[-49,37],[-22,-15],[-13,13],[-12,-64],[-30,-38],[-38,19],[-23,-56],[-42,-30],[-1,-29],[-25,-10],[-7,20],[-97,-37],[-12,90],[21,24],[17,65],[-24,90],[33,8],[5,121],[-20,47],[-49,-16],[-36,58],[1,105],[-20,48],[28,27],[-43,100],[72,-19],[28,54],[35,1],[9,24],[-29,56],[14,16],[-19,88],[-57,61],[16,23],[-25,26],[19,9],[-22,9],[22,32],[-24,38],[60,29],[130,207],[38,-109],[-47,-48],[-75,-213]],[[99540,3819],[-169,-307],[-58,80],[-9,51],[-78,49],[-36,-17],[4,-21],[-22,4],[-17,13],[6,27],[-33,19],[-2,-24],[-31,2],[-54,20],[-12,25],[-20,-16],[-51,5],[-88,-96],[-17,-58],[-37,-9],[-28,-54],[-39,-22],[-42,16],[4,-25],[-84,-82],[-28,-71],[-61,2],[-53,-98],[-2,-24],[29,-22],[-6,-32],[22,-45],[-2,-41],[-54,-69],[19,-67],[-11,-60],[13,-48],[-20,-119],[-62,-32],[-64,-74],[27,-125],[21,-24],[-147,-82],[-15,73],[-109,-124],[-25,32],[-19,-39],[-100,-73],[-64,-171],[-147,18],[-29,-13],[-14,89],[14,53],[-32,29],[16,56],[-16,-3],[-11,25],[16,36],[-9,49],[34,59],[-21,21],[2,21],[-12,-5],[4,50],[-24,1],[4,26],[-19,-3],[-22,-40],[-33,45],[-63,-34],[-14,19],[-31,0],[-15,35],[-40,19],[-9,-32],[-58,-21],[-18,124],[-69,28],[-39,108],[-85,68],[-14,74],[-70,46],[17,68],[-13,152],[-28,37],[-61,34],[-41,12],[-41,-32],[-29,20],[13,30],[-11,20],[40,-1],[22,19],[-24,50],[43,48],[-48,30],[8,13],[13,-12],[11,30],[2,19],[-33,8],[28,40],[5,40],[-54,0],[10,23],[45,4],[-60,48],[44,45],[-5,35],[-28,8],[36,45],[1,76],[12,3],[-7,85],[25,-24],[27,43],[-26,52],[49,13],[60,69],[-60,189],[37,31],[22,-21],[67,119],[3,95],[-29,43],[2,39],[-33,34],[56,85],[-24,43],[-14,74],[-3,105],[-33,73],[12,192],[-18,94],[469,9],[-101,-595],[34,-87],[349,202],[115,-348],[403,-110],[242,-28],[396,2],[306,-343],[166,-146],[38,62],[-28,472],[6,95],[36,150],[18,361],[65,66],[57,98],[-4,33],[26,58],[27,289],[31,42],[76,364],[81,206],[50,211],[20,127],[-23,132],[-1,111],[-9,28],[-55,-12],[-8,151],[69,-27],[22,10],[45,-77],[2,-211],[-37,-238],[-173,-685],[-63,-543],[1,-115],[14,-29],[-44,-429],[-66,-374],[-28,-287],[-63,-135]],[[91297,5719],[-8,28],[-29,-13],[-7,39],[57,218],[127,644],[15,23],[31,-33],[83,-11],[15,-79],[39,15],[23,-20],[9,-34],[-12,-4],[22,-15],[-11,-30],[19,-42],[-11,-18],[25,10],[27,-25],[-59,-45],[17,0],[-10,-24],[16,-28],[-23,-33],[5,-60],[15,-33],[37,-1],[-19,-16],[21,-21],[-19,-20],[14,-15],[-5,-36],[15,9],[15,-22],[-4,-27],[52,-27],[10,28],[34,-63],[50,-19],[-3,-26],[35,-39],[72,7],[-10,-75],[9,-28],[23,-8],[-12,-22],[8,-40],[30,-38],[45,14],[12,-47],[-29,-51],[11,-24],[-6,-60],[-43,-33],[4,-76],[-85,-24],[-36,-41],[-28,31],[-28,74],[-35,20],[-83,5],[-37,73],[-45,-14],[-118,105],[-26,-6],[5,39],[-14,20],[-122,49],[-30,-16],[-11,30],[-29,1]],[[33248,57621],[68,-18],[13,-33],[95,-87],[35,-68],[198,-84],[124,7],[124,-96],[188,-82],[110,-164],[74,-52],[49,-147],[34,-166],[63,-47],[91,-23],[0,-83],[26,-99],[58,-44],[0,-124],[-46,-188],[13,-84],[17,9],[29,66],[116,68],[205,41],[138,-280],[84,27],[75,-180],[113,-53],[256,-440],[157,9],[171,-123],[-8,-282],[90,-151],[132,-112],[135,-39],[89,44],[64,-166],[-41,-122],[29,-169],[66,-44],[76,-374],[256,-428],[24,-120],[187,-39],[81,-93],[64,-5],[92,-75],[82,1],[13,-84],[-40,-192],[25,-42],[176,37],[99,-25],[27,-58],[58,46],[140,59],[89,-18],[92,-131],[95,-56],[9,-54],[-11,-31],[66,-149],[84,-25],[43,7],[10,114],[67,59],[52,0],[84,-41],[99,-3],[72,-37],[60,-1],[48,22],[58,37],[11,29],[11,144],[35,-5],[48,39],[6,129],[86,55],[74,96],[127,-15],[58,34],[67,-140],[22,0],[49,-71],[10,-40],[99,-100],[108,-22],[109,-81],[25,-203],[95,-237],[57,-68],[169,-92],[43,-60],[91,-235],[80,-80],[131,-4],[305,57],[130,-23],[164,4],[35,-18],[-61,-97],[-138,-128],[-49,-78],[-33,-87],[-26,-152],[-52,-108],[-35,-28],[-135,-19],[-96,-42],[-110,-116],[-49,-115],[-37,-42],[-64,-40],[-45,0],[-202,90],[-198,116],[-67,19],[-135,-159],[-159,-101],[-30,-49],[-22,-95],[17,-104],[128,-206],[20,-88],[2,-138],[-52,-168],[-21,-132],[21,-140],[207,-206],[240,-196],[99,-40],[69,11],[73,-21],[56,-46],[48,-81],[27,-90],[92,-54],[75,-1],[72,-59],[147,-213],[150,-294],[41,-121],[163,-56],[38,-46],[66,-185],[78,-79],[-53,5]],[[41164,47457],[-133,-111],[-16,-51],[-69,-39],[-25,-88],[-101,38],[-50,-22],[-63,56],[-20,-30],[-32,22],[-47,-5],[-21,32],[-295,3],[-52,-59],[1,-71],[-27,-61],[-67,-62],[-28,-1],[-48,-64],[-43,-25],[-38,-133],[-80,-35],[-231,39],[-159,-31],[-130,104],[-37,93],[-67,22],[-100,68],[-27,-2],[-2,-95],[-34,-56],[-54,-9],[-11,-90],[16,-57],[-19,-91],[40,-232],[-13,-56],[8,-72],[-52,-72],[-76,28],[-4,-88],[-55,-143],[8,-124],[-14,-32]],[[38897,45855],[-115,84],[-185,220],[-19,-3],[-88,91],[-17,38],[28,94],[17,6],[17,46],[-5,59],[56,185],[8,108],[70,171],[-32,1],[39,68],[-10,49],[13,47],[-39,39],[-34,-11],[-71,59],[-122,132],[-33,64],[-131,113],[-41,-7],[-171,123],[-114,37],[-138,80],[-22,-20],[-25,9],[-187,96],[-82,130],[-1,39],[-52,109],[-13,186],[-25,97],[-42,96],[-44,42],[-126,9],[-141,-92],[-20,15],[-31,-30],[-11,18],[12,29],[-23,76],[-38,-18],[28,74],[-12,149],[-39,13],[-1,-34],[20,-14],[1,-25],[-32,-25],[-18,-9],[-85,38],[-28,-57],[-25,3],[5,43],[-25,44],[-21,11],[14,-28],[-28,7],[-12,34],[-1,-29],[-22,12],[-17,37],[20,39],[-20,45],[-18,3],[-23,80],[-21,-2],[0,43],[-22,41],[-72,60],[40,66],[-19,5],[-50,83],[14,21],[-18,56],[14,38],[-21,27],[31,30],[7,50],[52,115],[72,40],[-15,63],[-37,19],[-86,165],[-106,121],[2,132],[-22,126],[50,-36],[-45,86],[-42,165],[-45,35],[-55,-42],[-13,-37],[-20,14],[-14,-18],[-52,-1],[-6,-17],[-6,19],[-19,1],[-20,54],[10,40],[-11,55],[-71,158],[-28,9],[-62,138],[29,113],[-25,160],[-40,68],[-44,2],[-46,74],[6,47],[-222,5],[-33,17],[-41,-15],[-340,16],[-3,-20],[-17,3],[-1,-38],[-25,-3],[-54,49],[5,117],[-75,31],[48,112],[0,40],[-32,31],[-16,12],[-47,-53],[-47,-8],[-69,69],[-50,-5],[-11,31],[-55,36],[-4,25],[-74,-14],[-59,29],[-38,-31],[-54,-203],[-36,-19],[-95,-189],[-135,-125],[8,-42],[-22,-64],[-37,-45],[-26,14],[-60,-32],[-39,13],[-26,46],[-29,-1],[-22,21],[-38,66],[-98,65],[-38,-17],[-31,43],[4,32],[-67,-14],[-42,32],[-119,184],[12,41],[-13,85],[-209,94],[-17,89],[-14,-3],[4,63],[33,43],[33,12],[59,81],[-113,47],[-126,100],[-41,103],[-23,-2],[-30,-76],[-37,-20],[-26,10],[-40,51],[12,27],[-16,24],[23,72],[-41,26],[7,22],[-20,2],[-2,22],[-40,1],[-12,62],[-53,49],[-40,98],[-49,32],[-136,37],[-55,68],[-12,68],[-36,75],[-60,14],[11,75],[-31,75],[7,52],[-27,30],[-5,81],[-44,20],[-15,69],[14,35],[-25,72],[14,158],[33,18],[-29,80],[79,157],[-16,64],[-32,9],[10,68],[-35,46],[63,50],[24,44],[2,57],[48,-14],[93,184],[32,-37],[37,102],[-25,42],[7,29],[-143,108],[-68,109],[3,183],[-26,87],[-82,151],[-55,52],[-23,2],[0,48],[31,56],[-43,58],[-83,60],[-12,263],[26,34],[-14,44],[74,54],[-7,96],[28,166],[-15,5],[58,89],[13,222],[-36,75],[-17,221],[-21,-27],[-71,149],[-63,15],[-3,72],[-75,90],[-35,-9],[130,456]],[[34240,52308],[50,-50],[6,36],[-72,147],[-24,10],[-6,28],[-81,18],[18,-56],[0,-78],[48,-58],[-4,-62],[65,65]],[[33934,53045],[31,-115],[-2,-54],[38,-13],[27,-54],[58,-12],[26,16],[3,88],[-33,25],[11,29],[52,23],[26,32],[12,101],[-19,32],[-7,66],[-87,57],[-40,-104],[-17,4],[-20,-24],[-48,13],[3,-77],[-14,-33]],[[33780,52828],[49,20],[13,52],[-59,43],[-135,-30],[-16,-41],[-11,-142],[99,-62],[81,22],[-21,138]],[[33205,52753],[-6,41],[-36,9],[-16,82],[7,96],[37,6],[19,-23],[19,15],[-46,78],[-30,6],[-25,-49],[-49,15],[-26,-31],[-33,4],[-21,-22],[-13,-62],[-32,-33],[-11,-80],[35,-81],[52,-54],[81,-12],[42,-63],[20,101],[32,57]],[[32917,53047],[-39,2],[-5,27],[-6,-23],[34,-37],[16,31]],[[23503,71933],[-18,-25],[-99,9],[-11,-86],[-42,-85],[-76,-14],[-83,32],[-74,98],[-141,47],[-185,125],[-60,65],[-22,57],[-91,81],[-13,54],[-53,63],[-31,74],[-26,5],[-45,-32],[-28,15],[-55,42],[-33,67],[-43,19],[-109,112],[-56,23],[-9,37],[-86,91],[-27,380],[-19,51],[-49,33],[25,21],[52,-23],[66,116],[60,31],[-5,18],[-60,-42],[-69,-117],[-56,22],[-106,-113],[-60,34],[-113,-9],[-26,-40],[-152,21],[-151,-54],[-232,-207],[-112,-75],[-134,168],[-172,319],[-430,678],[-105,210],[-215,30],[-212,259],[-119,224],[-90,131],[47,67],[-27,34],[-50,4],[-27,64],[44,21],[-15,85],[28,-7],[32,45],[22,-31],[27,4],[7,54],[37,31],[-17,85],[101,11],[20,27],[-17,34],[5,58],[-25,10],[0,27],[37,4],[15,17],[-20,31],[34,13],[-34,62],[71,10],[8,24],[-40,17],[3,24],[59,17],[12,24],[42,17],[1,-37],[42,7],[-98,142],[42,67],[95,236],[-13,62],[23,217],[-37,57],[39,23],[40,-6],[24,-76],[2,61],[36,5],[102,116],[-31,65],[9,33],[49,13],[-40,165],[-23,28],[-54,178],[-31,6],[-46,75],[-64,47],[-128,19],[-115,-14],[-85,-38],[-31,-88],[14,-112],[-10,-43],[-34,-2],[-36,68],[-23,-17],[-57,8],[-69,45],[-15,-59],[-65,-56],[-145,97],[-260,216],[-79,34],[-325,55],[-45,31],[-152,-7],[-199,39],[-204,-7],[-58,24],[-179,-15],[-83,29],[-100,0],[-324,55],[-170,163],[-31,-28],[7,24],[-17,29],[-125,46],[-20,19],[-4,39],[-97,46],[-30,54],[-53,15],[-46,100],[-47,61],[-65,43],[-14,34],[-125,-14],[-102,19],[-47,-18],[-72,29],[-24,59],[-19,12],[-133,-104],[-74,-162],[-37,24],[-66,-14],[-71,27],[-94,-49],[-74,30],[-51,-10],[-107,-149],[-28,-2],[-30,-94],[-70,-106],[-147,-134],[-59,-129],[15,-48],[-10,-92],[-24,-29],[5,-53],[-71,-106],[-76,-73],[-17,-48],[19,-37],[-3,-41],[-44,-127],[-38,-9],[-96,72],[-21,41],[-9,153],[-26,33],[-2,78],[-37,130],[27,-6],[13,85],[39,5],[44,58],[-20,31],[8,25],[-17,-8],[3,17],[-13,-6],[-9,18],[45,75],[-20,50],[30,0],[6,36],[41,40],[16,44],[-2,24],[-37,33],[37,123],[-664,770],[10,15],[29,-12],[45,42],[-22,57],[26,38],[2,65],[19,22],[19,-58],[17,2],[436,-607],[571,29],[-5,36],[13,19],[-26,45],[3,61],[19,134],[26,-6],[3,171],[-39,3],[-44,61],[-245,201],[-123,195],[5,251],[82,205],[86,164],[57,38],[128,274],[100,128],[-41,79],[-63,73],[-65,17],[-94,-34]],[[15021,80328],[43,140],[170,146],[143,388],[472,-68],[77,-30],[39,30],[9,24]],[[15974,80958],[15,17],[14,66]],[[16003,81041],[9,24],[-1,10]],[[16011,81075],[3,13],[-9,43]],[[16005,81131],[-4,52],[-36,168],[-110,136],[-8,43],[10,90],[-26,174],[64,179],[-5,123],[17,26],[0,31],[-49,115],[50,122],[101,44],[145,-109],[46,10],[204,434],[-70,395],[-6,245]],[[16328,83409],[58,5],[40,-74],[194,-159],[47,-16],[45,-75],[49,-42],[8,-32],[70,-55],[154,-77],[69,30],[72,-3],[14,27],[20,3],[34,-80],[54,-45],[242,-99],[67,-5],[93,-74],[23,7],[-18,-160],[-95,-147],[-24,-71],[32,-84],[95,-114],[22,-73],[-4,-44],[-1,12],[-43,-63],[-33,-11],[-126,-156],[143,8],[42,-166],[11,-153],[-29,-47],[1,-56],[-42,-147],[3,-42],[42,-57],[24,-71],[-7,-157],[77,-34],[16,-53],[57,-17],[21,-36],[88,-31],[84,-102],[127,-71],[79,-74],[119,-41],[77,4],[27,21],[-28,-578],[9,-21],[-17,-99],[86,-88],[-39,-68],[-1,-76],[26,-56],[-33,-105],[18,-33],[-12,-64],[37,-3],[5,-26],[23,-18],[-19,-126],[45,-27],[5,-28],[30,-9],[-27,-16],[46,-38],[-2,-18],[-28,0],[27,-57],[25,-26],[223,-450],[129,-171],[89,-164],[16,-86],[-7,-31],[37,-106],[59,-21],[22,-70],[29,12],[11,31],[20,-2],[17,-79],[23,-7],[12,8],[-20,24],[27,56],[69,-31],[1,84],[-55,64],[39,351],[-10,46],[-58,36],[-32,-3],[-39,36],[-19,-22],[1,-37],[-22,32],[-29,162],[12,24],[-7,74],[-110,-2],[26,93],[-30,89],[83,126],[3,81],[-22,59],[-72,-5],[9,75],[-17,50],[-82,13],[9,60],[23,12],[-26,41],[42,98],[-12,45],[84,-43],[28,-47],[36,6],[5,49],[17,16],[20,-20],[36,1],[18,-46],[55,5],[40,-55],[10,-46],[18,-8],[-7,-30],[-18,0],[-2,-22],[-10,9],[-35,-48],[-14,-59],[22,-53],[2,-78],[22,-39],[39,-2],[-59,-126],[13,-77],[99,-96],[2,-45],[80,-33],[165,-206],[146,-117],[399,-219],[116,-136],[36,-19],[58,-1],[35,66],[28,11],[53,-29],[49,0],[22,50],[26,-44],[19,7],[3,-29],[25,-7],[22,38],[0,33],[32,23],[0,35],[62,77],[10,8],[34,-38],[50,2],[58,-280],[53,-86],[-14,-42],[30,-52],[9,-100],[55,-105],[20,3],[78,-79],[70,38],[111,-7],[10,-16],[-7,-87],[52,41],[53,-12],[21,26],[7,88],[53,44],[30,-79],[34,-41],[77,11],[39,-19],[34,20],[63,-43],[30,-46],[79,-6],[58,-36],[49,9],[40,-46],[24,-86],[37,-55],[79,-29],[45,-83],[35,-16],[26,-67],[2,-75],[68,-53],[27,-15],[32,47],[54,-8],[115,-68],[50,0],[25,-29],[76,-2],[85,34],[82,-49],[21,-75],[78,-89],[42,-101],[0,-134],[-18,-12],[-6,-299],[-7,-32],[-49,-34],[4,-24],[-18,-8],[26,-23],[-16,-21]],[[23247,72260],[0,-5],[5,-9]],[[21348,73746],[36,35],[10,41],[29,16],[20,34],[10,-3],[58,74],[61,2],[64,-24],[59,7],[-25,0],[-4,15],[0,-15],[-58,5],[-57,26],[-49,-8],[-73,-81],[-5,-27],[-29,-12],[-16,-45],[-35,-23],[4,-17]],[[21142,74123],[-8,9],[19,15],[-8,7],[79,29],[-1,26],[18,-9],[-5,20],[26,4],[23,44],[-24,-10],[13,24],[-15,16],[0,106],[-26,53],[-7,85],[-9,-27],[14,-80],[21,-35],[-10,-40],[14,-20],[-18,-13],[19,6],[3,-45],[-17,14],[-3,-41],[23,-15],[-14,-16],[-5,17],[-21,-8],[5,-22],[-10,-2],[-7,-31],[-61,-22],[-30,-42],[10,-20],[12,23]],[[21480,73556],[17,21],[-24,-12],[7,-9]],[[21915,74024],[10,-30],[29,-14],[45,-69],[-35,66],[-54,60],[-33,18],[38,-31]],[[21820,73581],[-2,-46],[14,57],[-12,-11]],[[21680,73489],[30,26],[19,-19],[11,17],[-14,-8],[-25,22],[-21,-38]],[[21480,74472],[-27,-37],[-21,-2],[3,-9],[-80,-49],[-9,-19],[8,-12],[3,22],[102,63],[28,46],[34,-6],[-20,20],[-21,-17]],[[21284,74948],[29,6],[-28,67],[17,-61],[-18,-12]],[[21226,74712],[7,7],[-13,7],[-2,-60],[10,38],[22,3],[12,33],[-36,-28]],[[21128,75262],[17,-37],[-8,-28],[14,21],[33,0],[37,-47],[1,-56],[13,0],[-2,45],[-27,49],[-26,22],[-35,-1],[-10,86],[-7,-54]],[[20901,74604],[-58,21],[-30,6],[-18,-33],[28,30],[24,-20],[21,6],[8,-24],[35,13],[0,-11],[71,-62],[27,-5],[2,-62],[14,-59],[-6,-9],[63,-41],[5,13],[-14,12],[-48,13],[10,12],[-22,55],[12,30],[-15,39],[-42,16],[-21,35],[-20,6],[-22,41],[7,13],[-7,-1],[-4,-34]],[[22529,72703],[10,-26],[23,19],[-33,7]],[[22537,73763],[10,-62],[-10,-8],[-27,5],[-12,-5],[-9,-9],[-32,17],[-14,-9],[-3,-44],[19,-42],[-50,28],[-29,-19],[-39,19],[-17,-47],[-45,-13],[7,-9],[47,24],[1,13],[11,-12],[15,35],[15,-25],[34,25],[17,-25],[7,12],[30,-17],[-19,65],[20,24],[27,-1],[15,13],[36,-12],[12,18],[-17,61]],[[22354,72685],[-65,-36],[-6,-21],[83,50],[-5,13],[19,20],[21,1],[4,9],[6,-2],[5,36],[-17,-40],[-32,-2],[-13,-28]],[[22202,72631],[23,-7],[-30,31],[7,-24]],[[20347,88240],[-12,30],[20,-41],[-8,11]],[[20086,88349],[19,11],[-5,-17],[-14,6]],[[20808,87622],[-1,25],[6,-42],[-5,17]],[[15021,80328],[-41,-20],[-79,131],[52,11],[-17,62],[26,24],[14,62],[-20,56],[8,36],[36,-58],[47,23],[6,54],[-512,939],[34,26],[4,29],[29,5],[68,75],[7,134],[-15,43],[14,14],[-195,270],[-45,134],[-6,76],[-72,107],[-25,137],[-72,184],[-14,-26],[-66,-7],[-28,-65],[-92,14],[-152,-131],[-107,-26],[-42,53],[-35,-12],[-41,14],[-22,-21],[20,137],[-438,-4],[-132,51],[-151,31],[-361,-69],[-502,7],[-269,-17],[-64,22],[-165,9],[-19,-20],[-9,-76],[-44,23],[-28,-33],[-78,-9],[-576,39],[-385,0],[-44,-77],[-70,21],[1,14],[43,18],[6,40],[48,48],[3,29],[-46,95],[-5,66],[-24,27],[-56,4],[-98,-69],[-29,22],[-53,160],[-29,446],[-28,180],[147,230],[35,80],[202,232],[0,41],[-87,306],[10,51],[-46,169],[-24,31],[-58,20],[-43,-28],[-82,49],[-343,385],[-12,41],[-10,-23],[-22,24],[25,100],[73,43],[37,111],[18,-7],[28,24],[54,-9],[-9,76],[18,49],[33,29],[76,-8],[59,20],[-21,121],[-68,39],[-54,0],[-3,53],[-46,59],[-8,48],[14,28],[-28,63],[8,24],[-11,22],[-40,-1],[-64,-51],[-47,-20],[-32,7],[-106,-51],[-143,-92],[-19,-53],[-27,-25],[-92,-44],[-12,31],[-32,-7],[-5,79],[22,24],[-2,92],[-38,59],[-46,2],[-15,24],[-2,40],[-16,14],[-168,424],[-26,36],[8,29],[-25,46],[-9,61],[-87,142],[20,45],[-27,35],[-1,39],[-15,18],[15,30],[35,16],[-8,17],[32,21],[-3,19],[32,-15],[-13,39],[15,36],[6,141],[-20,148],[24,116],[-5,169],[-19,127],[28,50],[-19,50],[15,5],[11,78],[-4,73],[67,29],[20,49],[36,1],[14,22],[-4,102],[-17,36],[-77,-39],[-1,31],[-23,-13],[-3,-32],[-64,0],[-82,-48],[-107,41],[-51,-72],[-24,-8],[-189,1],[88,140],[7,47],[31,50],[-12,43],[41,14],[10,41],[66,19],[72,147],[69,81],[95,174],[124,169],[79,141],[12,256],[-53,2],[-86,-53],[-47,41],[-20,-72],[-50,-51],[-67,-35],[-23,57],[-82,-22],[-75,75],[-41,-17],[-28,51],[-61,-23],[-75,92],[-11,-4],[2,-42],[-22,-40],[-65,7],[3,724],[-8,103],[-39,69],[43,50],[4,496],[-26,0],[0,28],[-50,116],[-76,-56],[-152,-50],[-143,267],[-193,284],[-430,462],[-25,-15],[-5,-31],[-16,26],[-15,-16],[-69,-128],[-17,5],[34,70],[-118,-19],[-93,20],[-20,-19],[-72,8],[-29,-29],[-104,-18],[-47,76],[-49,25],[-37,6],[-86,-33],[-29,35],[-65,2],[-221,81],[-53,96],[-2,94],[52,177],[205,235],[62,84],[-3,21],[60,-32],[73,11],[64,-20],[96,26],[51,-20],[25,24],[32,98],[130,151],[15,62],[102,-42],[12,85],[25,31],[38,109],[60,-4],[83,66],[26,58],[76,20],[17,25],[200,14],[20,113],[26,31],[-7,82],[20,39],[5,58],[-14,31],[-57,-28],[-101,368],[-39,217],[127,104],[19,39],[66,-18],[175,141],[27,45],[243,187],[-75,270],[-72,-12],[-179,16],[-153,-77],[-22,-63],[-100,-82],[-59,-89],[-113,-41],[-184,14],[-81,41],[-14,32],[26,100],[-34,-13],[-57,42],[-53,92],[-38,8],[-12,25],[21,42],[-42,15],[-3,21],[-69,-55],[-47,210],[-103,-8],[-75,33],[-26,-140],[-39,-4],[-71,43],[-41,-8],[-23,-82],[-8,-119],[-63,-110],[-46,-47],[-36,17],[-96,-90],[-26,-48],[4,-48],[-76,-126],[6,-58],[-18,5],[-29,-86],[-83,-26],[-24,64],[-60,45],[-30,97],[-74,8],[-71,-39],[8,159],[28,20],[7,121],[57,-20],[80,50],[108,236],[26,82],[41,289],[181,536],[-4,55],[18,74],[53,91],[94,41],[6,19],[-32,69],[-89,0],[0,39],[-25,37],[-74,3],[-57,119],[-115,148],[-177,77],[-107,134],[-31,66],[-111,99],[-133,65],[-80,62],[-14,-10],[-54,30],[-124,90],[-129,45],[-151,97],[-242,110],[-227,72],[-20,-8],[-77,48],[-71,2],[-78,34],[-315,24],[-115,155],[-46,121],[-66,50],[-114,147],[-56,36],[-20,-21],[3,-24],[-45,-22],[60,73],[134,48],[83,-17],[52,136],[61,96],[78,74],[84,41],[72,104],[192,173],[44,82],[123,4],[67,92],[52,188],[54,118],[91,89],[233,120],[33,34],[2,117],[645,-799],[845,-980],[611,-776],[355,-358],[803,-873],[-2,-44],[-44,-27],[-9,-44],[89,-179],[32,-237],[55,-265],[-48,-48],[-75,-27],[-47,-51],[317,-199],[52,-23],[62,2],[23,-21],[256,-964],[31,-37],[195,-1083],[-71,-39],[-70,39],[-66,1],[-31,-38],[-50,-147],[-95,-111],[-49,-144],[-28,-7],[-28,26],[8,-150],[174,-521],[45,-252],[28,-61],[-3,-42],[75,-367],[289,-775],[520,-999],[402,-731],[242,-517],[185,-337],[109,-273],[25,-22],[155,-311],[107,-171],[68,-145],[55,-210],[54,-129],[37,-43],[47,-217],[127,-311],[109,-137],[141,-216],[28,-68],[57,-28],[46,-94],[88,-98],[10,56],[18,11],[9,92],[41,8],[1,24],[48,39],[193,111],[24,32],[34,143],[85,-18],[17,19],[77,119],[19,77],[103,58],[42,85],[-17,43],[18,35],[25,-40],[44,-24],[26,-50],[37,24],[16,-36],[56,1],[81,-86],[125,32],[105,-15],[11,-20],[164,18],[207,-45],[91,-78],[24,-64],[55,5],[59,-35],[52,30],[28,-104],[-3,-52],[47,28],[59,-7],[105,-70],[56,-4],[19,-61],[10,-119],[33,-25],[-5,-26],[21,-36],[-2,-83],[112,-45],[23,-29],[5,-37],[25,-10],[-21,-85],[17,11],[19,-26],[-4,-169],[24,-61],[-12,-34],[-80,-43],[15,-145],[-27,-56],[15,-80],[-19,-111],[25,-47],[0,-55],[21,-14],[9,-37],[-34,-21],[-23,-46],[2,-64],[-41,-61],[5,-18],[38,-23],[17,-55],[53,-16],[22,-47],[31,-10],[16,-35],[70,-18],[68,-62],[38,-68],[51,-3],[67,-50],[2,-24],[48,-25],[-18,-46],[28,-58],[63,-6],[62,-40],[43,-95],[37,13],[59,-23],[23,-30],[6,-80],[17,-29],[15,5],[15,53],[23,13],[-12,48],[7,36],[79,-76],[13,-76],[39,-8],[34,19],[1,-50],[26,-21],[24,4],[-12,111],[31,29],[35,-111],[22,-1],[14,25],[41,-57],[84,-30],[27,26],[116,-90],[67,112],[-8,23],[66,134],[102,147],[136,55],[130,-24],[96,-65],[115,-22]],[[16005,81131],[6,-56]],[[16003,81041],[-29,-83]],[[7783,92343],[1,-19],[41,-12],[52,-66],[-2,-88],[-23,-7],[-7,-5],[-15,-24],[-9,47],[20,-126],[-26,-30],[-1,-71],[10,80],[23,11],[-10,98],[14,19],[60,14],[-7,36],[21,44],[29,19],[-12,-47],[8,-24],[19,-15],[13,58],[30,-28],[18,-59],[66,80],[-52,111],[-79,38],[-38,-36],[-40,5],[13,78],[-42,14],[-7,35],[-39,31],[-72,22],[-29,-23],[-3,-76],[72,-41],[13,-53],[-10,10]],[[7840,91889],[15,15],[-29,-5],[-5,16],[-76,-24],[41,2],[3,-16],[10,24],[41,-12]],[[8568,92149],[32,-46],[-32,58],[-62,-33],[44,-4],[18,25]],[[8527,92341],[-26,-41],[34,32],[-8,9]],[[8478,92245],[-47,-29],[22,-3],[25,32]],[[8409,92507],[13,24],[18,-22],[24,28],[-4,17],[-20,-30],[-20,20],[-11,-37]],[[8392,92115],[-9,-21],[12,-7],[-2,-51],[11,-45],[19,-4],[-16,20],[-14,109],[14,0],[9,52],[-16,3],[1,28],[-67,-6],[48,-4],[7,-20],[7,19],[7,-63],[-20,4],[-13,-19],[22,5]],[[8335,92053],[4,20],[-13,-4],[9,-16]],[[8084,92418],[-22,16],[-2,-14],[24,-2]],[[0,95357],[128,122],[-125,-135],[-3,13]],[[3364,98279],[-12,-2],[17,14],[-5,-12]],[[81894,8000],[326,-36],[91,7],[50,-35],[49,16],[181,-8],[0,31],[-24,18],[13,54],[306,1],[-21,140],[271,5],[132,-22],[26,-149],[-17,-23],[-9,-57],[34,-40],[-2,-26],[-60,-7],[-64,-48],[0,-127],[36,-43],[-41,-21],[-13,-26],[16,-28],[-2,-34],[44,-23],[37,-47],[13,-54],[30,-11],[15,-36],[40,14],[1,-100],[-48,-202],[24,2],[23,-52],[61,7],[24,-63],[-54,-228],[-28,30],[-44,2],[-39,33],[-63,-46],[-57,-93]],[[83151,6675],[0,0],[-42,-68],[-3,-32],[14,-13]],[[83120,6562],[-16,-28]],[[83104,6534],[-3,1]],[[83101,6535],[-27,161]],[[83074,6696],[-52,143],[-82,116],[-116,95],[-32,-15],[-159,24],[-263,-119],[-144,-3]],[[82226,6937],[-190,177],[-11,8]],[[82025,7122],[-49,44],[-63,33],[-22,34],[-23,106]],[[81868,7339],[-3,108]],[[81865,7447],[3,64]],[[81868,7511],[18,135],[8,354]],[[84172,5392],[97,-77],[118,285],[137,42],[48,-4],[58,-46],[12,-35],[19,41],[49,2],[20,-16],[10,-39],[37,11],[52,-78],[27,0],[17,-29],[34,34],[30,-33],[116,19],[35,33],[13,-16],[93,96],[9,32],[22,-94],[39,56],[27,-64],[51,-23],[36,60],[39,-14],[39,37],[46,6],[19,-20],[39,21],[12,46],[161,170],[15,-16],[129,59],[-2,-88],[23,11],[21,-41],[22,-4],[29,44],[23,-45],[35,0],[-11,-69],[57,14],[64,-27],[-56,-92],[15,-26],[-19,-56],[21,-21],[89,-24],[47,-64],[60,69],[55,19],[11,-45],[-17,-111],[-11,-11],[-15,18],[-24,-53],[-72,-64],[-23,42],[-19,-5],[-12,30],[-35,20],[-8,-92],[-37,-5],[-18,-45],[7,-38],[14,27],[12,-21],[27,-78],[0,-73],[18,-21],[-50,-61],[16,-62],[-8,-33],[-17,51],[-20,-7],[-22,46],[-28,-7],[-12,-29],[9,-18],[-56,-116],[-28,3],[-48,-34],[-15,-71],[-49,-30],[23,-77],[-62,-44],[-42,-8],[-34,45],[-14,-21],[-57,-3],[-15,14],[4,71],[-25,16],[-35,-15],[-21,-60],[-30,-11],[-77,-84],[3,-73],[24,-8],[16,-42],[-24,-82],[16,-8],[-11,-98],[51,-4],[-9,-36],[-35,-2],[-22,-77],[7,-20],[-50,-37],[14,-21],[-6,-17],[73,-20],[2,-51],[19,-14],[-9,-45],[25,-36],[-40,-71],[-9,-63],[39,-27],[9,-41],[14,47],[37,1],[46,-30],[0,-32],[109,-29],[-43,-78],[-36,3],[-47,-39],[-9,-27],[21,-33],[38,-16],[27,-104],[-13,-24],[-89,36],[-32,-36],[-65,5],[-21,-64],[-82,-38],[-19,-33],[19,-107],[-17,-82],[-36,-45],[1,-71],[-26,-59],[11,-120],[-16,-73],[10,-42]],[[85300,2385],[-48,-15],[-10,55],[-108,99],[-55,110],[-7,714],[-39,438],[-154,276],[2,298]],[[84881,4360],[-39,140],[-22,42]],[[84820,4542],[-6,18],[-9,10]],[[84805,4570],[-15,29],[-131,140]],[[84659,4739],[-122,222],[-98,137],[-92,36],[-52,-12],[-161,-125],[-89,-3],[-46,50],[173,348]],[[85672,18027],[11,8],[3,-25],[37,9],[39,-71],[-22,-72],[32,-38],[27,-335],[-147,-114],[-215,-228],[-189,-44],[-64,10],[-31,40],[-104,3],[-61,-21],[-185,213],[-15,41],[190,241],[23,58],[9,-19],[51,30],[144,224],[60,55],[17,59],[204,99],[70,-33],[7,11],[109,-101]],[[57115,29332],[-192,-71]],[[56923,29261],[111,1098],[-33,116],[-146,104],[-159,163],[-33,84],[50,-15],[39,-46],[67,-17],[37,35],[96,-18],[46,63],[37,-11],[13,-28],[-14,-49],[60,-78],[86,-11],[13,-90],[37,23],[12,-14],[2,-126],[31,-56],[24,6],[17,-25],[-10,-82],[52,-20],[112,-141],[68,-234],[58,-117]],[[53777,34951],[44,-12],[47,45],[64,-31],[-75,-21],[-19,1],[-61,18]],[[53741,34983],[30,-29],[-53,19],[23,10]],[[51486,35515],[-62,-36],[-50,44],[55,-18],[57,10]],[[51250,35518],[84,-4],[-23,-13],[-61,17]],[[51486,35515],[59,52],[75,8],[6,-5],[15,-23],[-16,24],[-59,-3],[-80,-53]],[[49095,32281],[-235,247],[-26,10],[-47,-21],[-43,89],[-36,2],[-60,55],[33,59],[4,71],[26,82],[8,131],[-13,68],[61,138],[-2,116],[67,127],[-7,186],[42,81],[16,116],[-19,48],[-20,152],[5,85],[-57,150],[6,108],[-16,111],[111,25],[74,-11],[61,270],[2,87],[-15,48],[-40,40],[-3,41],[-38,-12],[-27,65],[-76,20],[-62,-64],[-12,28],[16,137],[-8,72],[18,81],[71,89],[14,48],[28,34],[30,115],[-15,32],[34,43],[68,27],[115,257],[102,46],[24,73],[120,134],[46,138],[68,22],[3,52],[29,53],[63,37],[138,160],[54,17],[20,52],[75,57],[7,58],[134,135],[-100,50],[-91,90],[-148,13],[-57,-24],[-158,81],[-33,46],[-23,-45],[-70,-27],[-38,-3],[-94,41],[-108,-27],[-21,43],[4,46],[-16,52],[-116,6],[9,86],[-66,87],[-48,132],[5,54],[-54,67],[-71,33],[-36,29],[-9,51],[-123,81],[-6,75],[-79,26],[-24,29],[-51,-30],[-81,35],[-27,-6],[-17,38],[-36,-68],[-42,4],[-86,-35],[-21,-43],[-94,3],[-34,-67],[-28,-6],[-53,37],[-57,-65],[5,-137],[-19,14],[-60,-14],[-5,-30],[-49,7],[-64,-65],[-16,-54],[9,-47],[40,-59],[3,-41],[-19,-2],[-14,-64],[-27,-33],[-140,-143],[15,-67],[-26,-21],[-3,55],[-25,45],[-23,-1],[0,39],[55,16],[-28,218],[23,-13],[-16,73],[44,60],[-22,25],[-72,-11],[-22,69],[61,4],[13,168],[-29,-40],[-29,53],[-66,-40],[-24,37],[48,28],[-2,74],[27,15],[-37,89],[36,29],[-10,41],[-34,18],[32,37],[3,35],[-37,66],[-44,-2],[-10,-23],[-47,-4],[-45,-29],[-11,18],[34,57],[-22,51],[20,40],[-2,42],[-37,55],[-3,51],[13,21],[-9,21],[-48,13],[-25,34],[-9,81],[-18,31],[46,56],[6,66],[-8,16],[-45,-6],[-39,22],[-22,79],[-54,7],[-1,42],[3,101],[36,53],[-21,146],[27,34],[4,40],[71,68],[21,72],[39,27],[-9,126],[12,21],[82,75],[12,55],[23,4],[71,104],[39,17],[64,68],[-9,156],[-171,6],[-371,-232],[-995,165],[-162,-213],[-140,-357],[19,-57],[4,-143],[-52,-36],[-61,-102],[0,-45],[21,-38],[22,12],[9,-13],[12,-113],[-36,-106],[-51,-45],[33,-53],[-11,-193],[15,-23],[4,-104],[-121,111],[-48,-36],[-40,25],[-59,-8],[-16,9],[1,19],[-39,13],[5,22],[-13,15],[-135,-70],[-36,16],[-13,45],[-18,-2],[7,-29],[-11,-6],[-17,33],[-71,51],[-47,-41],[-55,11],[-24,78],[-29,8],[-17,-27],[-16,26],[8,87],[-107,53],[-4,44],[-51,52],[-83,-2],[-38,-28],[-28,63],[-94,28],[-25,51],[-88,81],[-23,48]],[[44138,39276],[46,181],[152,146],[13,40],[-58,255],[32,92],[110,80],[25,45],[2,36],[72,160],[34,144],[71,144],[58,19],[70,-23],[160,-4],[179,68],[122,78],[111,33],[11,188],[-16,37],[-58,42],[-3,48],[32,91],[103,94],[-57,222],[-11,323],[-88,168],[21,144],[-15,109],[13,66],[-18,101],[1,97],[39,179],[-17,166],[13,48],[63,28],[43,50],[-52,119],[-16,73],[5,49],[31,20],[112,-34],[224,21],[37,44],[8,80],[78,192],[72,74],[199,82],[46,0],[66,33],[102,-5],[61,-89],[147,80],[81,-17],[46,-35],[39,0],[69,-37],[92,31],[35,33],[91,16],[48,74],[7,94],[-44,68],[-7,45],[55,99],[47,262],[21,31],[59,27]],[[47152,44401],[21,162],[47,21],[35,61],[78,9],[87,-37],[90,24],[47,-24],[45,-61],[31,-7],[52,-96],[32,-3],[22,-310],[29,-112],[62,-35],[7,-54],[21,-36],[49,-52],[56,-20],[131,-106],[248,-19],[29,-73],[80,-27],[140,-171],[86,-151],[88,-18],[11,-60],[47,-48],[47,-175],[49,-12],[61,28],[40,-11],[54,18],[152,-58],[25,21],[173,20],[26,29],[34,4],[35,46],[146,-25],[57,-91],[97,-58],[55,-104],[56,-11],[29,-70],[49,-9],[119,55],[28,-17],[43,-69],[62,-11],[52,-73],[37,-14],[67,-111],[-2,-64],[17,-50],[-34,-83],[4,-50],[82,-163],[48,-38],[294,-81],[53,-62],[-86,-107],[-7,-118],[-70,-76],[-82,-40],[-33,-57],[-45,-21],[-14,-88],[-48,-38],[-54,-15],[-24,-75],[5,-119],[16,-46],[-42,0],[-30,26],[-11,-31],[-62,-30],[-12,-37],[-61,-32],[-5,-23],[16,-45],[40,-60],[17,-129],[-43,-45],[-68,-24],[-110,-87],[-76,-11],[23,-44],[-23,-129],[57,-68],[20,-65],[41,-43],[-28,-198],[-38,-114],[-30,-3],[23,-86],[-46,-254],[5,-42],[36,-38],[-3,-48],[-5,-55],[-36,-21],[13,-146],[-15,-17],[-16,-90],[50,-90],[-33,-56],[-70,-59],[13,-61],[-21,-17],[-10,-138],[-47,13],[-51,51],[-57,-39],[-12,-54],[10,-87],[-31,-112],[-26,-34],[12,-121],[-23,-39],[65,-59],[-23,-54],[-77,-87],[-1,-132],[-17,-129],[-18,-24],[5,-42],[21,1],[16,-27],[7,-72],[32,15],[8,-24],[31,-11],[29,32],[90,-73],[15,23],[52,-15],[-15,-59],[30,-14],[41,-71],[52,-43],[-19,-59],[-52,-63],[33,-24],[52,21],[24,-24],[2,-49],[-22,-20],[17,-55],[24,-6],[19,-38],[74,-51],[15,-33],[153,-143],[-3,-103],[126,-168],[4,-73],[105,-63],[43,-90],[-7,-23],[97,-57],[32,-48],[-68,61],[-12,-63],[-151,-251],[-44,-37],[-43,-11],[-163,-211],[-166,-157],[-23,-60],[-129,-179],[-16,4],[5,-27],[-138,-227],[-129,-345],[-51,-204],[-39,-93],[3,-34],[-57,-117],[-2,-99],[54,24],[31,-89],[9,-86],[-44,103],[-14,6],[5,-37],[-15,-28],[39,-252],[30,-98],[41,-33],[61,14],[63,-115],[58,-69],[74,-186],[150,-247],[108,-227],[128,-132],[47,-108],[47,-45],[13,-87],[38,-62],[83,-239],[141,-230],[93,-195],[114,-335],[59,-89],[61,-22],[31,-34],[-10,-67],[46,-144],[-9,-59],[21,-46],[0,-46],[60,-94],[697,104],[154,7],[195,184],[127,3],[116,-24],[85,40],[112,-15],[117,-43],[6,30],[30,1],[38,87],[-43,80],[14,22],[-4,63],[15,64],[95,0],[-7,40],[20,35],[1,38],[-12,32],[-13,-15],[-27,23],[-6,87],[35,39],[-21,32],[-22,129],[69,99],[20,80],[-6,43],[46,-13],[31,34],[17,65],[49,35],[10,-16],[45,67],[22,-25],[65,69],[25,4],[37,88],[63,-117],[-6,-161],[12,-20],[56,-1],[14,26],[35,10],[-84,-153],[10,-83],[-20,-12],[6,-59],[-29,-76],[-7,-83],[16,-9],[51,-117],[-64,-46],[40,-61],[20,-83],[-7,-53],[16,-20],[50,-48],[187,-86],[-18,-32],[-121,-25],[71,-373],[36,-92],[40,-176],[87,-676],[46,-541],[20,-34],[-10,-95],[27,-131],[6,-164],[23,-87],[35,-434],[18,-57],[-6,-114],[-62,-71],[52,-90],[129,-420],[79,-205],[-27,-17],[-15,-36],[-49,-9],[-34,-48],[-39,-6],[0,32],[-13,6],[-45,-144],[-45,-67],[-49,-14],[-4,-132],[-78,-127],[0,-54],[-20,-43],[23,-78],[-28,40],[-25,121],[-29,69],[4,153],[-25,75],[-13,173],[-75,129],[17,55],[35,22],[3,23],[-4,110],[-21,59],[51,151],[-22,88],[31,46],[12,44],[66,-41],[48,8],[21,-24],[70,-42],[-4,-19],[19,-48],[-47,-4],[77,4],[-2,-47],[2,47],[20,21],[-12,-10],[-6,19],[0,-21],[-29,-6],[-17,64],[-24,40],[3,7],[51,-13],[10,-20],[-9,21],[26,35],[-27,-35],[-47,12],[15,48],[1,41],[-9,37],[-3,-18],[-16,10],[-37,-36],[37,35],[25,-21],[-2,-45],[-10,-21],[3,-2],[-12,-35],[0,-13],[-43,14],[-16,22],[-14,7],[-13,2],[-1,12],[-28,-22],[-65,38],[-11,-6],[-3,-39],[-30,-45],[-8,79],[-48,129],[-27,21],[-1,246],[27,54],[59,24],[75,128],[47,47],[0,34],[-174,1496],[-119,751],[-246,12],[-72,-20],[-38,-50],[-106,69],[-25,-9],[-7,-39],[-34,-50],[-54,-39],[-7,-64],[-53,-39],[-15,-73],[-66,-45],[-72,-116],[-61,-196],[-11,-82],[28,-133],[-156,-541],[-65,-135],[-392,59],[20,54],[-8,79],[32,134],[-7,33],[56,35],[80,-14],[30,38],[18,280],[-11,33],[15,41],[-21,73],[-46,-10],[-48,-51],[-51,29],[-129,-101],[-57,61],[-98,52],[-39,-11],[-1,-55],[-77,-88],[-53,-198],[-26,-39],[1,-76],[-31,-30],[-38,20],[-13,-20],[-4,-35],[30,-63],[-45,-88],[-15,14],[-262,14],[-120,33],[-53,34],[-69,-5],[-13,34],[8,-35],[-104,-2],[-48,44],[-42,13],[-176,174],[-141,81],[-24,42],[-48,24],[-62,107],[-19,7],[-8,117],[-41,33],[-26,78],[-77,92],[-24,199],[-39,1],[-97,144],[-42,94],[-34,158],[15,36],[-54,43],[-107,201],[-53,38],[-80,249],[-47,89],[-57,46],[-7,76],[-91,147],[7,46],[32,36],[20,59],[80,25],[-2,41],[55,72],[27,10],[29,179],[72,107],[19,-6],[10,65],[49,14],[38,49],[22,5],[-65,156],[-73,80],[-24,54],[-16,-41],[-35,8],[-74,-51],[-18,-36],[-38,5],[-46,-78],[-49,0],[-38,-28],[-60,9],[-82,-105],[-9,22],[-58,-24],[20,-35],[-13,-27],[4,-62],[-48,-33],[21,-91]],[[50350,30773],[15,45],[46,23],[-22,7],[-35,-30],[-4,-45]],[[53772,28229],[-33,-20],[-10,-33],[42,51],[22,-22],[-7,-37],[8,0],[7,20],[-20,48],[-13,6],[4,-13]],[[53644,28246],[31,36],[-24,9],[-7,-45]],[[51210,30307],[6,29],[-19,-19],[13,-10]],[[51000,30006],[20,-58],[49,-3],[28,-49],[-32,71],[-23,-14],[-23,10],[-3,22],[28,19],[-39,56],[14,-46],[-6,-17],[-13,9]],[[50954,30064],[-19,-11],[-5,-35],[24,46]],[[50939,30009],[-4,15],[-4,-27],[8,12]],[[50885,31064],[-25,27],[32,-38],[16,-67],[20,-17],[-31,-52],[2,-51],[3,48],[33,64],[-26,9],[-11,75],[33,32],[-46,-30]],[[50884,29583],[2,24],[-15,-39],[13,15]],[[50800,31185],[-21,0],[-23,-45],[24,11],[11,29],[21,-2],[15,39],[-27,-32]],[[50575,30960],[12,-17],[1,18],[-13,-1]],[[50553,30949],[8,10],[-16,1],[8,-11]],[[50539,31030],[10,25],[-12,18],[-14,-15],[16,-28]],[[50467,31543],[22,46],[21,-9],[-20,18],[-26,-18],[3,-37]],[[50460,30968],[-12,29],[10,-47],[19,-11],[0,23],[-17,6]],[[50401,31560],[20,-3],[-14,15],[-6,-12]],[[50335,31282],[2,-43],[15,-6],[-34,132],[-3,-41],[20,-42]],[[50980,35901],[19,-23],[22,-100],[-41,123]],[[51701,35507],[95,63],[15,36],[51,2],[49,38],[36,-29],[83,7],[89,43],[42,45],[120,204],[101,87],[68,-12],[23,92],[25,19],[19,56],[43,39],[-16,52],[28,54],[23,4],[-19,49],[33,44],[18,100],[120,52],[12,34],[44,3],[67,124],[88,5],[-7,91],[23,17],[14,52],[30,6],[10,48],[23,6],[-10,74],[39,4],[11,-40],[72,41],[1,-65],[30,-24],[29,19],[40,100],[50,-41],[79,28],[37,-14],[60,57],[236,-209],[114,28],[61,-13],[34,-37],[53,23],[92,-86],[-10,-40],[8,-28],[33,-33],[42,5],[9,-62],[-18,-39],[22,-53],[-5,-57],[22,-26],[-3,-71],[71,-56],[8,-97],[-21,-63],[21,-74],[-29,3],[-75,-38],[-98,-318],[-46,-13],[-10,-22],[10,-38],[-45,-69],[-29,-13],[-73,-136],[-42,-7],[1,-103],[-72,-111],[-108,-59],[-31,-39],[-6,-60],[50,-67],[-88,56],[-423,46],[-256,-83],[-133,-11],[-241,143],[-190,44],[-341,154],[-282,159]],[[50790,36133],[48,-22],[48,-61],[-96,83]],[[56452,30750],[-57,62],[-9,71],[35,-41],[10,-54],[65,-14],[13,-20],[-57,-4]],[[56184,31059],[-136,118],[28,3],[52,-31],[56,-90]],[[55924,31204],[-99,54],[130,-43],[58,24],[18,-52],[-107,17]],[[55727,31356],[-3,13],[16,3],[56,-29],[9,-64],[-62,37],[-76,-6],[-181,-113],[-117,-49],[-1,23],[-181,-59],[-38,5],[-8,24],[23,42],[56,33],[41,0],[29,-23],[55,15],[21,-18],[118,22],[63,43],[35,53],[39,-4],[-7,47],[24,34],[61,-50],[28,21]],[[55145,31289],[33,98],[6,-86],[-39,-12]],[[55772,31980],[33,92],[6,75],[-36,146],[-102,221],[34,299],[-54,79],[-38,277],[-15,170],[-22,40],[-91,61],[-94,96],[20,181],[-53,151],[-76,119],[66,6],[7,-75],[77,-37],[1,-75],[20,-25],[16,-99],[-22,-34],[-26,6],[-9,-80],[43,-21],[16,-39],[42,-14],[12,-62],[63,-19],[64,-91],[3,-43],[-27,-28],[-15,-51],[42,-71],[85,-54],[18,-28],[-9,-73],[-47,-39],[43,-85],[35,-26],[9,-39],[-29,-81],[2,-80],[-44,-47],[2,-82],[18,-82],[36,-43],[1,-82],[25,-25],[33,3],[40,-143],[-41,-39],[-31,-186],[-54,5],[-42,-20],[-357,-284],[-23,-34],[-16,6],[114,106],[302,226],[45,71]],[[55163,34054],[-136,-19],[-36,369],[-62,138],[94,-105],[5,-83],[33,-61],[-23,-99],[10,-70],[56,-8],[60,-52],[43,41],[30,0],[30,-99],[-45,35],[-59,13]],[[54695,34668],[-65,82],[-241,184],[188,-97],[48,-49],[31,-64],[60,-32],[52,-78],[-73,54]],[[54134,35043],[75,-14],[11,-45],[-86,59]],[[99686,7039],[-9,89],[111,22],[16,82],[-15,107],[-23,54],[-5,110],[-21,22],[8,42],[-25,24],[3,168],[-61,172],[-14,119],[23,81],[16,166],[-4,308],[-15,84],[27,159],[28,385],[45,-3],[15,91],[43,-25],[24,188],[27,-10],[-9,113],[8,29],[18,-7],[4,34],[-33,10],[17,26],[16,95],[-23,53],[13,114],[-11,14],[9,240],[-20,14],[7,237],[-27,19],[-16,225],[18,237],[-37,225],[12,96],[33,96],[-21,43],[8,38],[-30,69],[-19,136],[-54,598],[9,206],[-16,141],[84,3],[-2,-172],[33,-462],[1,-306],[48,-185],[9,-94],[-22,-28],[28,-346],[-12,-364],[46,-336],[17,-593],[-5,-147],[-23,-27],[-13,-85],[-34,-49],[-24,-126],[-18,-15],[24,-22],[34,-125],[-13,-190],[13,-140],[-34,-37],[4,151],[-13,19],[-6,-115],[-19,-52],[-5,17],[-26,-38],[-57,-219],[8,-209],[-38,-289],[16,-107],[40,-78],[-11,-171],[73,-330],[5,-78],[-13,-72],[-78,-62],[1,-35],[-68,-22]],[[96576,10222],[66,-44],[24,-48],[-117,-121],[20,-59],[57,-45],[11,-29],[-53,-177],[-1,-42],[-45,73],[-33,0],[-18,-21],[19,-94],[-14,-70],[57,-21],[5,-23],[-73,-19],[-4,38],[-21,-3],[-29,-122],[-38,26],[8,-32],[-10,-4],[-30,31],[-43,-34],[-43,3],[-64,-39],[-49,33],[81,128],[66,41],[3,64],[-34,136],[16,97],[29,24],[-7,66],[14,19],[17,-27],[126,87],[-28,102],[-83,30],[-10,96],[15,68],[38,-42],[102,-57],[73,11]],[[97083,17723],[-17,-16],[-3,-55],[23,-31],[3,-60],[13,-4],[-8,-24],[41,15],[3,-84],[30,-50],[9,-50],[49,-8],[19,-26],[-5,-69],[19,-90],[-48,-78],[0,-88],[114,-699],[22,-37],[24,-217],[-17,-231],[-1,-97],[26,-122],[-15,-75],[-49,5],[-25,-34],[-84,7],[-54,-20],[-4,-32],[-88,-27],[38,-432],[34,-121],[4,-120],[88,-386],[2,-144],[28,-147],[-56,-241],[5,-218],[146,16],[0,-35],[169,25],[51,-225],[-4,-101],[18,-176],[113,-560],[70,-40],[22,17],[41,-15],[81,9],[103,-944],[-811,60],[-1,-124],[-195,17],[-37,-209],[-128,-6],[-53,14],[-40,86],[-56,62],[-159,-4],[-11,105],[20,76],[-46,72],[-52,17],[20,103],[35,641],[-18,156],[-144,215],[-81,91],[-49,112],[-262,287],[-83,-98],[-477,449],[-154,574],[-20,121],[-35,40],[14,48],[-45,49],[-42,157],[-17,272],[-59,221],[-133,279],[-135,347],[-53,38],[-10,-26],[-29,-6],[-9,32],[33,86],[74,75],[1102,1038],[69,7],[41,87],[61,-48],[29,30],[6,52],[38,-27],[31,1],[21,50],[28,20],[90,-1],[33,76],[-40,142],[24,15],[36,-16],[10,13],[-7,51],[79,-27],[62,85],[5,38],[50,-80],[2,-31],[58,-76],[89,1],[23,-55],[-1,35],[29,6],[32,-26],[54,4],[20,119],[-35,65],[-10,119],[39,21],[61,-15],[55,61],[54,7],[47,45],[23,-28],[10,-52]],[[41164,47457],[49,-13],[-8,-37],[62,-20],[21,-53],[32,-30],[32,12],[69,-53],[30,-60],[67,38],[41,-46],[44,3],[59,-65],[69,27],[53,-32],[188,-219],[130,-202],[-5,-17],[34,-97],[37,-53],[47,-14],[184,-227],[15,-63],[-1,-120],[26,-95],[-21,-43],[-18,-31],[-85,-51],[-11,-30],[-78,-22],[-30,33],[-23,-14],[-6,-25],[51,-80],[16,-89],[52,-64],[17,-87],[48,-122],[107,-165],[117,-90],[6,-134],[-67,-82],[49,-68],[-38,-81],[19,-67],[-32,4],[-13,51],[-20,4],[-11,-29],[-30,7],[-27,36],[-4,40],[-67,8],[-63,75],[-50,-71],[-31,12],[-46,-38],[-77,23],[-60,-14],[104,407],[-519,241],[-124,-381],[-57,-12],[-40,31],[-68,-37],[-40,31],[-3,24],[-51,26],[-84,-104],[-18,0],[-26,44],[-37,-25],[-8,-26],[16,-73],[-41,-58],[4,-105],[-19,-11],[2,-30],[-15,-1],[-16,-33],[-34,73],[32,64],[-23,40],[-33,-33],[-28,17],[-50,-12],[-55,-82],[-32,13],[-51,-20],[-53,-66],[-62,5],[-27,-22],[-28,-76],[-62,47],[-73,-57],[-16,43],[-108,85],[-2,86],[-50,112],[18,58],[-4,38],[-78,139],[-41,48],[-80,34],[-97,98],[-54,-28],[-36,39],[-34,154],[12,59],[-90,124],[-39,133],[-112,55],[-48,-27],[-27,24],[-37,-19],[-87,84],[-28,0],[-57,-139],[12,-55],[-119,-48],[-107,-108],[-27,31],[-38,4],[-21,61],[-56,61],[-42,19],[-13,27],[21,30],[-12,17]],[[44138,39276],[-13,37],[-19,7],[-70,-15],[-31,49],[-33,20],[-40,-30],[-16,-96],[-29,-19],[-110,112],[-41,6],[-27,46],[89,17],[31,56],[42,27],[8,46],[60,105],[1,32],[43,31],[-5,51],[28,114],[-16,58],[23,20],[36,152],[25,14],[40,-10],[25,35],[-24,89],[-39,16],[-13,32],[12,77],[-8,57],[-34,7],[-39,67],[-3,32],[44,36],[77,-1],[21,32],[59,-4],[28,23],[12,13],[1,41],[89,100],[6,20],[-43,23],[16,29],[98,78],[50,67],[28,107],[27,26],[5,49],[-18,79],[22,18],[4,33],[-14,12],[-12,103],[26,19],[0,25],[-36,7],[-11,35],[-14,-10],[-43,-79],[-162,-203],[-159,460],[-76,25],[-96,-30],[-26,17],[-43,83],[59,230],[17,113],[-3,112],[-36,-40],[-283,-598],[-156,136],[-51,19],[-121,125],[-156,108],[-28,36],[32,44],[-16,17],[-72,29],[-58,-4],[-61,38],[56,71],[126,-7],[28,70],[-88,110],[-89,40],[-32,-30],[-65,-159],[-29,-4],[-20,-35],[-25,-78],[26,-51],[8,-91],[-52,-100],[-68,-78],[-34,43],[48,84],[-8,15],[-18,8],[-55,-47],[-23,13],[-9,-19],[-4,-29],[17,-15],[-22,-91],[24,-116],[-45,-42],[-33,-8],[-12,-25],[-43,11],[-17,-102],[5,-71],[-15,-4],[-20,-71],[-33,-40],[53,-4],[1,-84],[-45,-46],[-7,-33],[-32,37],[-15,-56],[34,-2],[25,-95],[-30,-22],[-26,-90],[-26,-8],[-38,24],[-23,-57],[-33,-14],[-62,32],[-9,22],[-41,-16],[9,38],[-33,45],[-69,3],[-21,-42],[-34,-14],[-8,30],[-42,24],[-166,-16],[9,91],[21,-13],[24,25],[-2,191],[-19,103],[14,71],[-20,53],[-9,160],[44,-5],[14,37],[-33,133],[2,22],[28,28],[-50,169],[-13,18],[-19,-21],[-7,-145],[-72,36],[-71,-123],[-19,0],[-5,26],[-104,32],[-98,93],[-38,110],[-36,36],[-85,188],[-32,12],[-37,76],[7,69],[-49,125],[13,27],[-13,33],[-61,7],[-8,33],[-55,47],[-11,63],[-30,41],[-26,86],[-7,28],[14,15],[-14,40],[-28,44],[-29,-9],[-44,82],[-118,295],[-6,59],[-60,85],[-23,5],[-19,41],[5,37],[-21,59],[44,58],[36,-10],[49,45],[4,-19],[22,7],[31,-46],[22,33],[27,6],[39,74],[43,39],[80,229],[53,38],[68,154],[56,52],[23,102],[41,76],[77,52],[21,-5],[62,51],[117,39],[10,46],[55,-20],[11,-79],[272,-27],[57,21],[1,-24],[28,0],[35,35],[26,-15],[26,53],[87,-47],[77,147],[33,-26],[40,27],[-20,-79],[-50,-72],[-4,-43],[36,-53],[100,30],[18,-23],[2,-68],[25,-8],[14,-73],[23,-14],[57,7],[13,19],[-47,89],[-16,71],[9,16],[30,-2],[38,-77],[53,65],[109,23],[46,-17],[38,9],[81,-79],[50,8],[24,-55],[53,-35],[15,22],[76,14],[25,47],[-2,47],[29,75],[4,68],[52,39],[57,105],[78,-1],[22,-42],[29,-11],[4,49],[48,45],[50,-5],[46,44],[93,10],[41,33],[55,-10],[95,-76],[4,-46],[98,-30],[31,-47],[46,64],[101,-99],[28,103],[8,101],[163,54],[90,66],[21,42],[-12,87],[10,27],[141,133],[32,-12],[24,-85],[45,-36],[46,-71],[4,-113],[33,34],[20,79],[39,71],[140,0],[156,130],[113,2],[135,-264],[135,-79],[135,0],[135,134],[154,77],[116,-132],[270,-105],[153,-79],[97,-79],[173,0],[116,-79],[135,-53],[289,-79],[-7,-112]],[[86377,46516],[13,57],[-7,317],[-36,175],[-100,336],[0,44],[-29,47],[-17,219],[-52,70],[-80,-11],[-53,50],[-51,-6],[-44,-52],[-27,-91],[-63,-4],[-79,-62],[-8,32],[19,39],[-30,62],[-28,242],[8,37],[25,24],[1,58],[120,84],[75,103],[93,29],[68,112],[77,73],[52,19],[45,95],[97,114],[99,70],[73,-9],[25,37],[91,58],[43,93],[111,78],[-6,231],[45,0],[5,224],[-2,48],[-49,5],[17,589],[113,-43],[11,495],[-7,301],[-11,-1],[5,404],[-444,5],[-283,-22],[3,326],[382,15],[68,10],[38,26],[62,1],[6,111],[487,-432],[185,-1],[53,48],[44,-34],[80,-1],[36,-50],[251,26],[23,-34],[-1,-76],[140,28],[130,89],[97,2],[84,76],[27,-12],[113,21],[88,112],[50,19],[210,68],[85,-24],[140,47],[71,-1],[66,54],[134,56],[53,6],[74,-27],[101,28],[39,87],[236,-220],[422,-9],[61,-38],[38,-71],[57,14],[55,-16],[18,16],[35,-15],[38,-88],[-21,-54],[5,-32],[57,-45],[1,-85],[68,-73],[26,26],[29,-2],[7,36],[15,6],[19,-11],[36,-92],[57,-3],[56,33],[25,65],[32,28],[44,-66],[13,-116],[41,-19],[53,48],[12,90],[21,27],[24,1],[49,-40],[48,-116],[95,-135],[49,-32],[70,17],[38,88],[21,15],[54,5],[82,-47],[51,-168],[-33,-99],[22,-145],[-17,-48],[0,-165],[34,-89],[228,-46],[2,-94],[-29,-22],[10,-77],[15,-39],[44,-23],[-4,-49],[22,-84],[97,-178],[-27,-294],[-35,-67],[-135,-136],[-28,-178],[-5,-169],[-63,-43],[-60,6],[-156,90],[-38,111],[-9,245],[-44,76],[-92,18],[-55,-100],[-58,-31],[-68,24],[-80,81],[-190,-436],[78,-145],[16,-631],[-201,-71],[-68,271],[-453,38],[-34,-829],[-1086,64],[-748,-789],[-917,-177],[-54,36],[-61,12],[-313,383],[-400,-125],[-182,-254],[-206,-83]],[[90710,49653],[67,0],[3,-68],[60,1],[19,57],[34,24],[72,-27],[-2,145],[-90,179],[-194,-137],[0,-58],[-36,-5],[0,-77],[65,0],[2,-34]],[[72058,25790],[-14,13],[-19,3]],[[71992,25810],[-14,2],[-347,-29]],[[70428,27078],[-84,-60]],[[70309,27009],[-105,14]],[[68952,27173],[66,84],[3,89],[66,111],[38,29],[50,149],[145,102],[-3,40],[62,84],[36,19],[31,99],[-40,114],[20,58],[-19,16],[59,38],[42,145],[124,171],[2,36],[-42,-31],[83,140],[26,101],[-52,134],[-30,140],[44,191],[-4,69],[-120,180],[-64,153],[-38,47],[-106,16],[-104,93],[-49,22],[-66,148],[-42,46],[-34,167],[-164,219],[-107,87],[-426,0],[16,32],[-16,30],[15,33],[-19,53],[39,33],[-16,63],[-40,26],[7,46],[-22,63],[38,66],[-34,66],[42,68],[-17,39],[-18,-1],[10,67],[31,21],[-3,66],[33,86],[7,-33],[24,-11],[46,54],[-13,33],[-33,12],[-10,58],[11,26],[-74,30],[6,55],[-32,16],[67,57],[-32,104],[11,55],[-26,16],[-6,30],[31,48],[-374,24],[-7,20],[17,39],[-16,14],[3,63],[-31,13],[13,67],[-14,31],[24,22],[-23,39],[15,24],[29,6],[8,26],[-48,49],[21,44],[-34,39],[58,9],[-28,65],[-41,8],[10,25],[1332,-535],[16,-51],[40,-55],[-20,-88],[-21,-22],[7,-69],[-40,-184],[16,-107],[197,-97],[152,45],[10,-12],[81,22],[101,-11],[64,-53],[-31,-22],[9,-27],[-14,-9],[36,-28],[-18,-4],[16,-24],[-26,-10],[22,-54],[-40,-22],[4,-55],[27,-60],[-38,-223],[11,-57],[93,-82],[17,16],[75,-11],[58,90],[2,-33],[83,25],[70,-35],[20,-37],[52,36],[7,-42],[28,-13],[-8,-66],[32,-40],[140,-670],[67,-225],[52,-131],[173,-243],[-49,-408],[-2,-430],[-30,-274],[42,-279],[-11,-123],[132,-283],[52,-66],[-3,-63],[62,-52],[800,25],[85,-27],[187,-140],[147,-82],[79,-77],[58,-24],[77,-66],[90,-1],[51,-41],[46,-1],[38,-48],[174,-131],[120,-152]],[[68918,36117],[-30,-48],[-51,1],[-59,-25],[-18,46],[-47,50],[-24,7],[4,-22],[-11,-7],[-40,162],[13,18],[169,-48],[-37,248],[89,5],[65,46],[102,-75],[20,19],[37,-84],[113,-71],[12,-80],[16,-17],[25,7],[23,-42],[46,-1],[20,-22],[14,13],[4,68],[32,16],[19,123],[43,-6],[48,40],[60,-17],[40,74],[37,4],[30,34],[29,116],[25,28],[-19,59],[66,-7],[26,83],[2,146],[-34,90],[46,45],[-19,81],[4,16],[25,0],[-26,99],[20,60],[-3,72],[51,35],[-4,26],[-21,14],[32,50],[-5,64],[57,66],[1,65],[29,4],[-8,78],[33,121],[70,116],[9,69],[-10,92],[37,51],[9,50],[41,10],[9,153],[47,67],[1,25],[-41,62],[-5,50],[54,5],[-10,67],[11,26],[56,35],[58,-3],[-4,56],[74,68],[-15,98],[84,11],[7,69],[31,15],[26,-12],[20,39],[9,-33],[47,-21],[4,30],[-27,41],[0,28],[54,36],[13,43],[-54,81],[27,78],[49,48],[22,116],[-3,29],[-41,5],[-3,16],[24,45],[44,1],[65,-71],[-13,-34],[21,-49],[4,-109],[-17,-28],[20,-55],[-4,-49],[-53,-20],[21,-37],[-24,-87],[-34,-27],[-34,36],[-20,-22],[-2,-58],[39,-153],[36,-78],[-66,-236],[3,-54],[66,117],[117,-168],[3,-142],[66,-354],[93,-224],[113,-216],[21,-152],[-10,-49],[-1453,-3111],[-234,-160],[-43,-76],[-155,-87],[-83,6],[-87,114],[-120,226],[-81,203],[29,20],[-10,85],[-22,28],[6,35],[30,41],[38,6],[32,49],[75,50],[-128,1301]],[[68485,37246],[-36,-40],[-32,162],[21,-38],[44,-5],[14,28],[15,-50],[-26,-57]],[[74316,36891],[-167,-533],[-9,-103],[-239,-825],[-62,-12],[-37,-50],[-17,2],[22,-27],[-113,-64],[16,-22],[-3,-36],[-12,-10],[-3,21],[-8,-23],[-20,66],[-41,14],[-44,86],[-98,93],[-2,30],[-139,157],[-57,20],[-24,53],[-52,-9],[93,1176],[-19,1],[13,191],[20,-1],[0,224],[18,49],[-15,34],[-16,285],[-55,202],[-146,395],[-42,-65],[-50,21],[-10,217],[-42,9],[-14,42],[22,150],[-26,145],[20,109],[-11,97],[16,41],[-2,76],[-13,17],[29,130],[11,817],[416,345],[1535,-1033],[-236,-1177],[-194,-689],[-322,-207],[129,-429]],[[79112,18486],[-7,-11],[4,-44],[14,-6]],[[79530,17534],[38,-16],[170,-30]],[[79816,17449],[76,-72]],[[79926,17311],[10,-25]],[[80021,16828],[30,-42],[18,-14]],[[80174,16690],[7,-6],[12,3]],[[80438,16761],[108,-108]],[[80523,16625],[-10,-70],[-33,-34],[5,-29],[87,-40],[65,57],[99,-13],[-3,-58],[-58,-40],[-12,-73],[-48,-123],[0,-71],[-16,-40],[-21,0],[-12,-35],[-46,-42],[-66,-21],[-56,9],[-39,37],[-17,46],[0,93],[-68,3],[-32,74],[-1,-50],[27,-32],[4,-114],[-47,0],[12,-120],[23,0],[7,-66],[-15,-42],[-40,24],[-23,-13],[46,-67],[0,-50],[33,0],[-14,-100],[18,-52],[13,-1],[-16,-54],[20,-115],[-15,-17],[-88,69],[-66,5],[-99,-33],[-49,3],[-34,-52],[-10,50],[-76,44],[6,32],[-33,23],[-53,-78],[-43,-15],[-23,-35],[-40,50],[-33,-22],[-34,51],[-58,-1],[-18,39],[-22,8],[-10,42],[-55,-17],[-2,40],[-20,23],[8,33],[-27,63],[-55,10],[-11,-37],[-48,60],[-15,137],[-144,3],[-3,-60],[-112,-161],[-271,-49],[19,-41],[-18,-17],[-5,-47],[-69,90],[34,93],[-12,27],[-23,14],[-33,-10],[-21,80],[-70,33],[-46,98],[-44,24],[-25,73],[-135,73],[-15,24],[0,42],[-99,124],[-15,70],[-119,117],[0,14],[62,-8],[16,89],[39,57],[-9,97],[-23,51],[-26,1],[54,65],[37,100],[42,-15],[23,6],[2,26],[-17,76],[-65,6],[-20,165],[-53,64],[-47,-9],[7,70],[-44,36],[-72,-21],[-31,36],[-51,-37],[-4,-51],[-52,16],[28,44],[-21,36],[-41,-15],[-21,31],[-13,68],[-63,53],[-46,88],[-66,34],[-55,-6],[-35,66],[-51,-24],[-52,46],[-40,0],[-50,50],[-53,23],[-56,-41],[-26,-48],[-8,-85],[-43,-54],[-171,-53],[-67,33],[7,-46],[-42,-26],[-39,12],[-107,-17],[-14,53],[-70,11],[-21,-25],[-6,73],[-24,14],[-23,80],[-48,55],[13,81],[-31,-8],[-32,25],[-20,-29],[-45,-7],[-40,67],[-25,7],[5,31],[-42,5],[-8,-42],[-33,-26],[-18,-52],[-41,14],[-10,117],[-18,0],[-13,-48],[-59,10],[11,50],[-25,72],[-50,-32],[-23,21],[-31,-36],[-41,46],[-20,2],[-24,-30],[-13,-79],[-24,-8],[-15,48],[-17,7],[-24,-31],[26,-29],[-35,-24],[-17,35],[-25,8],[-28,-28],[-3,33],[-117,80],[-24,-5],[-20,-30],[-49,-13],[-24,23],[-29,-40],[20,-65],[26,-36],[50,-5],[1,-29],[26,-20],[-35,-146],[-38,-85],[59,-96],[-18,-62],[-3,-151],[66,-3],[89,-75],[75,-28],[47,-59],[-16,-66],[20,4],[77,-64],[50,-7],[55,36],[27,-19],[29,22],[27,-20],[21,15],[135,-164],[58,-6],[-13,-53],[-97,-106],[-125,-98],[0,-60],[-56,-151],[8,-28],[-61,-74],[-10,-42],[-14,2],[-26,-111],[-32,-10],[31,-135],[-2,-140],[38,-105],[-40,-34],[-25,-42],[-4,-36],[-68,-86],[-36,-17],[-4,-24],[25,-37],[8,-57],[-26,-13],[-15,-76],[-142,-114],[44,-144],[-50,-12],[-46,75],[-32,5],[-100,-63],[-18,-32],[0,-71],[84,-20],[-53,-131],[-10,-72],[72,-70],[60,-16],[-5,-20],[-86,-9],[-24,-36],[1,-25],[-37,-41],[5,-21],[77,-41],[1,-92],[45,-14],[-23,-64],[44,5],[65,-64],[-11,-36],[-63,-45],[9,-137],[-62,-137],[17,-34],[56,7],[7,-73],[-12,-48],[50,12],[13,-24],[-50,-117],[-7,-65],[18,-56],[26,-7],[3,-51],[28,10],[21,-15],[-17,-45],[79,-21],[38,-38],[7,-44],[-16,-10],[-40,39],[-257,-29],[-96,-88],[-49,-116],[-46,-29],[-92,140],[-24,4],[-78,-104],[4,-45],[-141,109]],[[74721,13347],[-35,233],[13,-20],[25,56],[61,55],[31,-1],[22,-22],[-6,-33],[-37,-37],[-5,-26],[19,-9],[36,30],[44,130],[45,20],[56,103],[39,28],[23,41],[-33,22],[4,63],[-16,32],[-17,-23],[-19,12],[-12,38],[-31,1],[-56,80],[10,25],[36,-1],[60,58],[37,65],[-70,10],[-41,-41],[-60,26],[-21,67],[-27,-15],[-59,141],[-41,3],[-4,28],[74,46],[91,-34],[43,5],[-2,25],[23,-5],[39,132],[-15,71],[-90,50],[-29,53],[-24,8],[-102,-120],[-31,0],[-72,60],[-30,-6],[-12,-18],[13,-13],[-17,-14],[-83,4],[-185,132],[-83,195],[-50,-36],[-32,60],[-78,25],[-49,-8],[-14,-47],[-52,-13],[-18,49],[-9,-16],[-36,7],[10,61],[-20,48],[-33,-60],[-18,21],[-41,-21],[-33,8],[7,-54],[-49,-21],[-24,12],[-10,35],[-26,-5],[-26,44],[-31,-38],[-34,14],[-54,-33],[-94,44],[-14,-15],[0,18],[-20,-4],[-11,21],[-21,-37],[-39,-9],[-26,34],[-20,-59],[-134,164],[-55,103],[-32,-12],[21,69],[1,80],[14,21],[21,235],[-57,91],[15,83],[-65,119],[-19,-45],[-82,-45],[-44,-46],[-65,23],[-43,-20],[-32,47],[-139,57],[-149,184],[-95,36],[-51,56],[-18,-5],[28,146],[-50,80],[9,30],[-27,46],[-18,2],[22,54],[-24,41],[2,39],[-42,84],[-21,-2],[1,27],[33,124],[-5,70],[20,49],[-12,84],[29,59],[-1,118],[78,74],[-12,143],[95,67],[-8,62],[28,26],[28,86],[-12,24],[-51,10],[-7,19],[30,89],[-23,51],[28,41],[13,71],[3,139],[-25,150],[26,99],[-43,100],[29,99],[-24,13],[-268,-32],[-15,39],[-74,-49],[-35,31],[-49,-20],[-14,41],[-9,-30],[-25,-3],[-25,-45],[-2,51],[-37,54],[-21,0],[-31,-50],[-14,-65],[-39,-50],[16,-44],[-30,-55],[-17,-101],[-36,-73],[-36,-28],[-44,-69],[19,38]],[[71095,18812],[64,144],[129,-5],[73,-23],[88,33],[110,-4],[21,58],[52,61],[5,180],[-16,78],[-30,27],[-9,111],[-43,33],[79,14],[5,28],[68,21],[20,-65],[14,-4],[3,-60],[19,-42],[12,-18],[36,9],[14,51],[45,57],[64,41],[17,75],[-7,65],[104,241],[81,12],[32,37],[8,73],[19,31],[31,1],[90,58],[177,202],[91,35],[29,75],[44,32],[62,3],[32,24],[15,65],[54,50],[0,49],[80,91],[39,17],[30,41],[140,18],[18,54],[47,43],[-15,85],[4,60],[23,47],[125,32]],[[74322,19530],[32,-20],[69,-24]],[[75785,19174],[101,-20],[67,2]],[[76010,19158],[50,2],[342,57]],[[77652,20134],[102,-208]],[[83151,6675],[33,-27],[9,-123],[84,-70],[-17,-87],[12,-66],[39,-39],[58,-20],[120,-137],[77,-35],[38,2],[27,-27],[17,30],[37,16],[-1,-84],[58,10],[59,-209],[-40,-53],[-38,-5],[-42,-36],[-73,127],[-36,-48],[-10,-42],[-60,21],[-42,-53],[-11,37],[-59,55],[-25,2],[-14,-35],[8,-58],[-143,-20],[-40,59],[-72,-136],[11,-65],[-19,-29],[-42,-16],[7,-31],[-22,4],[-34,-60],[-2,-33],[-28,10],[-30,70],[-13,-33],[22,-76],[-23,-21],[7,-27],[-35,6],[-3,-111],[-56,-13],[-99,86],[-25,80],[-34,26],[-45,5],[-45,-39],[-77,-4],[-32,71],[4,62],[-34,55],[-27,-36],[-47,3],[-10,-31],[-31,-19],[-20,54],[4,54],[-43,43],[-12,38],[-50,-1],[-28,58],[13,76],[-51,204],[62,147],[-12,69],[-27,-5],[-89,-128],[-29,16],[-7,63],[-27,22],[-16,-13],[-71,19],[-50,-81],[-91,-17],[18,91],[-17,91],[-29,56],[14,67],[-21,38],[-61,23],[-33,-35],[-17,7],[-11,-31],[-15,5],[0,-20],[-19,-12],[-96,5],[-5,-34],[-12,14],[10,-51],[-16,-45],[-48,24],[-46,78],[4,97],[-88,-82],[-28,6],[-32,38],[-28,1],[-19,-6],[-7,-34],[-45,15],[-51,-13],[-5,-33],[-18,0],[-100,134],[-15,-28],[-30,20],[-15,-17],[-52,2],[-34,-52],[-79,11],[-13,-9],[-5,-79],[-46,35],[-32,-25],[-63,4],[-22,-25],[-9,33],[-29,14],[-6,41],[-37,28],[-65,2],[-46,30],[-39,-67],[-33,-23],[-50,72],[-23,-2],[-13,33],[-36,-33],[-29,27],[-80,-117],[14,-66],[-19,-43],[-23,0],[-25,-101],[-38,-76],[56,-158],[-43,-11],[-22,-35],[7,-17],[-61,-33],[-7,-48],[-71,21],[-27,27],[-1,33],[-132,96],[-3,47],[17,53],[-17,20],[25,9],[13,37],[-40,234],[18,20],[-24,102],[1,77],[-21,20],[-10,103],[-35,80],[17,26],[-76,78],[-15,37],[-47,-7],[-37,27],[1,17],[21,2],[0,132],[27,143],[-10,38],[52,55],[77,6],[28,-30],[16,5],[0,26],[86,55],[-8,134],[-25,70],[74,29],[63,99],[38,107],[-25,27],[-44,123],[19,119],[65,126],[21,-24],[98,3],[37,43],[53,22],[16,30],[-3,170],[16,102],[31,52],[119,109],[10,45],[50,37],[185,36],[-1,-37],[-41,-13],[23,-19],[2,-77],[39,-98],[-2,-76],[25,-21],[9,-95],[36,-38],[22,-74],[-14,-61],[35,-40],[12,-73],[35,17],[13,-39],[38,3],[44,-26],[72,24],[11,20],[85,1],[18,35],[-12,42],[10,46],[39,-45],[41,-12],[-4,53],[57,108],[27,20],[59,-22],[-61,68],[54,-8],[63,32],[66,-21],[47,-38],[68,-12],[19,14],[132,-11],[77,17],[13,-65],[69,-30],[38,-90],[2,-86],[-20,-81],[111,3]],[[81894,8000],[-26,-489]],[[81865,7447],[-1,-19],[4,-89]],[[82025,7122],[201,-185]],[[83074,6696],[23,-159],[4,-2]],[[83104,6534],[6,-3],[10,31]],[[85300,2385],[9,-37],[47,31],[37,-63],[73,14],[19,-21],[-61,-68],[-29,-10],[11,-43],[-10,-25],[-32,46],[-26,-10],[7,-19],[-13,-25],[9,-49],[27,-27],[-6,-19],[166,-33],[-39,-42],[30,-105],[23,-23],[33,22],[23,-21],[56,4],[4,-20],[25,-6],[55,-131],[20,-12],[-70,-71],[72,-65],[90,-21],[11,-32],[-48,-62],[18,-23],[21,14],[39,-35],[-12,-77],[48,27],[-15,-40],[8,-26],[65,-20],[-8,24],[24,-22],[1,-65],[22,-22],[1,-35],[-65,-98],[6,-115],[-64,-37],[-20,37],[-18,-19],[-29,10],[-8,-91],[36,-79],[-51,-112],[-17,22],[-1,-25],[-21,-3],[21,-42],[23,23],[27,-33],[43,3],[0,-54],[-27,-34],[-27,-1],[-50,60],[-22,-4],[-48,64],[24,72],[-10,23],[-20,-8],[-2,87],[-16,-3],[-10,-57],[-7,27],[-12,-10],[-60,85],[-28,12],[0,20],[31,19],[45,-47],[24,4],[-38,48],[21,3],[-18,41],[-18,-4],[55,41],[-11,7],[10,33],[32,27],[-38,13],[-28,-14],[-2,13],[35,8],[-144,-17],[-60,-29],[-37,31],[-32,162],[20,10],[12,-18],[69,48],[22,-17],[76,15],[-72,118],[41,143],[-65,39],[-50,65],[-33,136],[-29,-11],[-34,21],[-40,102],[-94,84],[-26,62],[-76,-20],[-63,66],[-24,50],[-49,-5],[-3,23],[-25,6],[-22,79],[-91,3],[-34,77],[-72,22],[-24,37],[-29,15],[-39,-18],[-20,-16],[4,-32],[-22,10],[-16,37],[-31,-33],[-24,20],[-28,-7],[-54,61],[-11,39],[-4,-100],[43,-61],[-73,-56],[-37,61],[-25,244],[-38,-26],[7,-72],[-12,-44],[-28,5],[-12,-22],[-32,-2],[-2,-19],[19,-9],[-12,-20],[-30,12],[-17,-15],[2,-25],[20,8],[-24,-51],[-36,36],[-40,-26],[-27,17],[1,52],[-21,17],[-17,-35],[-41,6],[17,93],[42,10],[-40,86],[52,21],[13,42],[-22,27],[31,17],[-15,33],[-19,-20],[-65,7],[15,19],[-4,41],[51,-19],[-6,31],[42,13],[43,-33],[29,21],[57,-3],[36,-85],[0,-56],[-21,-9],[37,-27],[18,34],[-18,13],[-19,123],[-22,-1],[-12,34],[8,77],[17,11],[3,-35],[26,-35],[-26,-15],[6,-30],[69,-5],[-15,69],[-16,-6],[-35,40],[38,-22],[18,9],[-29,46],[15,9],[40,-39],[11,31],[20,3],[-2,54],[65,18],[28,40],[22,98],[35,23],[-6,67],[19,76],[-19,76],[-63,67],[9,36],[-36,104],[-79,125],[21,93],[-67,27],[-23,33],[-6,61],[60,79],[-24,71],[-97,61],[-13,41],[-51,9],[-1,-40],[-22,41],[-45,29],[-90,-18],[-9,54],[57,109],[-6,39],[15,59],[-35,113],[22,96],[-38,77],[-54,-11],[-61,30],[-42,90],[9,59],[-19,47],[-33,32],[16,49],[69,4],[43,44],[12,-24],[-15,85],[31,14],[-1,46],[-57,98],[19,22],[-32,49],[-4,45],[63,23],[55,-11],[5,62],[39,39],[19,56],[112,-81]],[[84659,4739],[146,-169]],[[84820,4542],[61,-182]],[[85761,855],[11,36],[16,-11],[9,37],[-10,10],[-42,-62],[16,-10]],[[85720,840],[21,25],[12,56],[-43,-24],[9,-96],[1,39]],[[85730,715],[14,28],[-13,0],[-1,-28]],[[85691,899],[-15,-18],[25,-21],[-10,39]],[[83597,4911],[19,7],[17,-18],[-5,-41],[14,-28],[20,-3],[3,-60],[107,65],[17,-17],[-15,-39],[-34,-22],[17,-16],[3,-34],[26,3],[-8,-53],[-28,-12],[-18,-50],[-60,-43],[-23,-113],[-31,-60],[5,-32],[-107,-148],[-34,-10],[-14,30],[-75,-5],[-33,-47],[-113,-38],[-57,-86],[-32,-9],[-6,79],[-27,4],[-50,80],[15,34],[15,-6],[8,59],[50,19],[15,27],[7,38],[-38,10],[-3,29],[57,156],[62,11],[40,115],[17,-10],[50,54],[26,95],[30,29],[-3,84],[32,62],[13,-31],[85,-9],[-3,-12],[27,-21],[9,11],[11,-28]],[[77340,10907],[12,-45],[-9,-43],[49,5],[12,67],[53,14],[-20,17],[3,20],[-19,2],[19,35],[-49,186],[8,19],[27,-1],[34,-40],[82,-40],[26,39],[61,-44],[7,12],[18,-26],[-3,-27],[57,-55],[60,27],[-6,-27],[25,-84],[28,21],[26,-47],[54,6],[32,-35],[43,12],[23,-31],[34,21],[-8,16],[18,15],[17,-3],[16,46],[24,-9],[25,26],[11,56],[75,18],[12,35],[38,28],[42,-6],[14,-16],[-20,-13],[14,-75],[-10,-79],[50,24],[0,40],[25,-15],[21,-52],[-3,-50],[10,4],[22,-127],[49,-46],[-9,-5],[13,3],[-12,-70],[18,-144],[39,-50],[35,-104],[40,-4],[-32,-118],[13,-96],[50,0],[7,19],[23,-29],[266,14],[74,-18],[53,21],[21,-18],[43,11],[30,-27],[2,-27],[38,30],[22,-5],[0,-43],[32,-10],[33,-99],[-17,-79],[-30,-41],[45,-41],[24,-101],[62,38],[14,-15],[17,-61],[-15,-58],[33,22],[60,-16],[-51,-26],[-14,-27],[19,-27],[3,-46],[41,-3],[13,-73],[29,-7],[13,-24],[-37,-53],[2,-40],[22,-78],[47,-43],[-41,-68],[-21,-10],[-11,25],[-22,-119],[-20,-16],[-2,-26],[86,-90],[32,3],[1,-28],[13,8],[55,-56],[88,76],[33,-9],[-24,-96],[31,-9],[40,-48],[-29,-30],[-52,6],[-38,-27],[-50,46],[-43,-61],[-35,17],[-42,86],[-36,0],[-27,28],[-70,-51],[-26,-72],[-46,-21],[-45,-51],[-92,14],[-22,-26],[-26,19],[-68,-42],[11,-17],[-32,-104],[-53,-42],[-21,-45],[-30,12],[-19,-27],[4,-67],[-21,4],[-65,-99],[-63,40],[-4,-28],[-50,7],[-21,-27],[8,-60],[-16,-41],[-43,1],[10,-31],[-30,-39],[-45,55],[-74,13],[19,-45],[14,-126],[-67,-73],[-16,-39],[4,-44],[-22,-95],[-21,-16],[-13,-47],[-54,-45],[-4,-120],[29,-83],[-62,-94],[-44,-26],[8,-56],[-96,-251],[-43,-183],[6,-30],[-104,20],[6,92],[-24,44],[10,181],[-27,30],[5,24],[24,0],[29,43],[-57,113],[-31,14],[-39,65],[-79,65],[5,67],[-27,77],[-70,74],[-11,51],[-21,3],[9,74],[39,21],[15,52],[-27,15],[3,44],[-22,27],[24,35],[-8,44],[-52,71],[13,44],[-14,85],[-121,-5],[-3,71],[-16,13],[-54,-23],[-44,55],[20,7],[-19,37],[13,126],[-10,27],[-27,37],[-85,-32],[-39,169],[-51,-28],[-31,38],[-15,109],[-56,31],[-26,54],[-28,23],[-45,-16],[-80,45],[-22,-28],[-34,2],[-4,45],[37,61],[18,21],[15,-7],[53,75],[94,62],[13,40],[-21,33],[12,15],[-50,29],[-2,33],[30,9],[-12,32],[-44,30],[-81,-17],[-13,17],[32,63],[-12,16],[11,18],[-10,82],[12,30],[-83,96],[1,21],[47,14],[25,72],[-59,35],[27,13],[10,58],[-18,40],[3,29],[-32,9],[-18,50],[0,22],[49,61],[-13,43],[7,27],[-138,11],[2,25],[21,3],[-11,14],[11,26],[-20,17],[25,74],[-7,21],[20,7],[-10,18],[14,13],[0,44],[-52,43],[11,22],[-22,4],[-5,33],[-61,-6],[57,26],[62,-59],[3,115],[18,6],[85,-28],[1,-45],[36,109],[69,32],[22,70],[31,43],[-32,26],[17,51],[91,26],[67,-59],[39,61],[32,4],[-13,22],[14,56],[20,0]],[[77517,35827],[-8,-16],[-11,24],[11,5],[9,80],[-32,44],[-28,4],[16,18],[-41,-12],[5,13],[-23,19],[-16,-13],[-5,23],[-35,15],[-31,51],[10,22],[-17,36],[-33,-16],[-7,75],[15,344],[-7,263],[13,100],[-18,140],[-1,430],[20,111],[-23,325],[7,414],[12,21],[-10,253],[22,89],[-10,251],[15,79],[32,57],[7,-15],[7,27],[19,-18],[38,5],[-1,31],[19,-8],[14,45],[31,-20],[14,58],[33,38],[-32,5],[14,18],[14,-13],[3,49],[9,-33],[16,10],[-9,21],[9,9],[15,-31],[10,9],[-12,21],[39,-5],[3,-25],[34,42],[-9,-27],[15,-7],[75,32],[15,-31],[33,-9],[-4,-24],[33,-39],[54,1],[36,-42],[22,15],[6,-22],[18,-5],[37,16],[12,-25],[35,34],[55,-65],[25,27],[33,-63],[10,36],[23,-16],[1,33],[47,33],[33,-25],[-4,48],[59,-28],[1,-16],[29,17],[-3,33],[10,3],[27,-17],[71,23],[42,-19],[14,10],[-8,53],[29,-5],[15,21],[4,-30],[7,17],[18,-7],[18,67],[19,-23],[11,29],[38,12],[-2,41],[-21,13],[51,5],[31,24],[28,-4],[17,-39],[40,35],[3,-25],[20,1],[-7,-31],[36,3],[38,29],[26,-13],[-2,32],[39,6],[39,-34],[-2,-61],[21,15],[-6,-40],[44,-37],[5,25],[9,-12],[12,17],[-6,44],[45,-18],[11,31],[18,-9],[10,51],[12,-13],[15,14],[-3,33],[-22,3],[-5,46],[45,12],[3,20],[-16,7],[10,8],[-23,-5],[-12,30],[28,48],[24,-69],[13,21],[19,-35],[31,10],[11,25],[20,-3],[0,29],[20,-16],[-3,-43],[39,24],[-2,-28],[17,-15],[12,34],[-10,25],[27,-10],[26,29],[5,23],[-19,12],[5,21],[28,23],[-8,24],[27,5],[20,-26],[-4,-18],[50,-47],[61,16],[23,-29],[35,-12],[33,29],[45,-21],[29,30],[32,-29],[40,5],[47,-45],[15,5],[-7,35],[42,-14],[-2,-15],[34,17],[11,-49],[26,-23],[8,28],[14,-7],[31,49],[37,-21],[-10,51],[44,-36],[11,-35],[9,10],[-10,-24],[26,-14],[2,-25],[30,14],[70,-29],[-4,25],[54,40],[0,-410],[-122,-519],[4,-35],[-17,-7],[-144,-567],[-537,-1891],[-384,22],[-2,-750],[-869,-2],[-95,144],[24,7],[-18,29],[-37,14],[-61,-91],[-31,23],[-58,-8],[-7,47],[12,27],[-41,20],[0,55],[-21,44],[-18,-4],[-3,-23],[-17,3],[0,36],[-29,16],[-10,63],[-26,-22],[4,19],[-18,17],[-22,-10],[-27,21],[-4,-28],[-21,15],[-48,-63],[-32,14],[-9,27],[-57,0],[-12,48],[15,1],[-1,18],[-41,43]],[[78262,43885],[26,714],[58,-101],[37,-8],[19,-33],[12,18],[17,-10],[-8,-55],[22,-28],[10,36],[39,21],[-11,13],[8,15],[24,-3],[-7,54],[28,16],[-13,79],[29,26],[-20,2],[9,14],[-25,21],[25,17],[-46,27],[4,45],[31,34],[5,42],[13,-12],[16,14],[10,-29],[36,14],[12,-29],[47,39],[1,-18],[16,20],[19,-7],[-4,21],[18,9],[15,-39],[0,45],[28,34],[-10,12],[37,-9],[-5,39],[17,24],[22,14],[2,-16],[25,4],[-2,36],[36,53],[13,-10],[18,44],[13,-18],[35,14],[3,-21],[83,55],[-10,-26],[46,0],[5,-53],[58,33],[24,99],[67,-23],[-1,21],[22,14],[7,-43],[41,20],[21,-29],[4,22],[14,-13],[32,54],[30,-32],[28,39],[8,-41],[32,-6],[21,23],[16,-5],[-6,-21],[32,-8],[-2,38],[28,-22],[21,14],[14,-30],[21,1],[-8,20],[31,-28],[-9,-23],[8,-24],[64,52],[31,-44],[16,0],[12,36],[9,-11],[12,29],[9,-18],[5,19],[34,5],[-1,30],[54,28],[-5,20],[-8,-16],[-14,17],[12,14],[-14,19],[31,50],[26,7],[17,40],[-7,15],[57,-2],[16,-39],[14,21],[14,-22],[31,24],[48,-42],[-16,-43],[23,-19],[15,38],[32,0],[4,30],[10,-18],[20,18],[-28,33],[27,16],[-7,16],[13,-5],[-3,21],[-14,-2],[-3,66],[22,12],[-15,36],[12,12],[-44,58],[8,45],[30,42],[-25,32],[23,55],[42,17],[43,-54],[4,25],[38,-6],[9,21],[16,-21],[32,-2],[22,23],[-4,29],[36,-16],[11,-32],[5,49],[54,-17],[8,22],[-13,48],[13,10],[-14,20],[11,7],[-26,36],[13,11],[-1,32],[26,7],[-8,25],[21,38],[41,18],[1,-44],[39,-20],[0,-27],[28,9],[18,-25],[24,37],[47,-4],[14,14],[-12,43],[24,-1],[-5,35],[23,6],[-15,26],[11,15],[-15,4],[18,38],[-8,21],[16,-3],[31,40],[-1,27],[55,-5],[56,37],[-8,17],[25,11],[19,-15],[4,24],[9,-9],[18,23],[28,-16],[6,26],[3,-50],[18,15],[18,-18],[18,19],[-3,19],[21,-26],[14,74],[20,-9],[-1,40],[21,4],[13,-29],[22,46],[30,-6],[44,92],[4,-25],[37,9],[7,-24],[30,59],[16,-24],[-8,-14],[30,-6],[-12,-36],[31,-8],[-1,34],[28,41],[-25,0],[59,64],[20,-64],[31,14],[0,27],[22,4],[21,-17],[10,13],[11,-36],[10,12],[23,-30],[13,16],[3,-23],[24,5],[-12,24],[9,42],[44,20],[12,28],[-14,27],[22,2],[-7,21],[14,1],[-10,50],[21,45],[-13,23],[31,-3],[26,65],[23,-10],[0,61],[59,20],[7,-28],[31,-1],[18,15],[-5,36],[22,34],[37,-18],[11,25],[17,-5],[-1,21],[39,7],[0,40],[52,17],[13,41],[45,-74],[31,59],[27,-20],[105,26],[27,-7],[14,-33],[49,25],[11,-44],[45,14],[26,-10],[-2,-27],[80,5],[-3,-22],[34,-16],[-3,-40],[26,24],[32,-29],[26,55],[14,-3],[-6,22],[57,-17],[44,-76],[10,4],[-13,19],[13,9],[9,-18],[14,22],[16,-21],[40,16],[34,67],[1,-36],[43,-16],[19,83],[20,-26],[50,27],[27,-47],[21,105],[17,-12],[64,83],[-7,64],[24,0],[8,20],[9,-20],[26,6],[2,80],[23,23],[10,45],[-18,-8],[-12,27],[7,26],[-18,15],[3,52],[31,6],[6,26],[56,-9],[-7,23],[-21,3],[-4,30],[27,8],[-6,46],[30,25],[1,140],[26,-7],[14,65],[68,9],[23,43],[-6,60],[38,-18],[40,34],[29,-18],[33,37],[32,-17],[8,38],[105,-35],[16,-32],[13,-150],[-70,-75],[-24,-71],[-5,-137],[-142,-787],[-100,-895],[-306,-2297],[-386,-349],[-213,-218],[-41,-15],[-203,-214],[-1059,306],[-175,36],[-67,35],[-274,68],[-114,-11],[-129,23],[-107,53],[-115,29],[-121,74],[-79,6],[-517,173],[-1252,337]],[[94155,26334],[-42,58],[1,210],[-13,13],[-28,-59],[-45,-31],[-18,32],[13,24],[-14,80],[33,34],[271,105],[56,-8],[216,-153],[60,-3],[48,38],[102,304],[87,98],[110,31],[33,-62],[29,-123],[37,-45],[-36,-51],[-231,-42],[-64,-65],[-24,-70],[-11,-110],[-19,-32],[-149,113],[-100,3],[-6,-106],[-18,-43],[-40,-7],[-3,68],[-20,23],[-37,-13],[-69,-78],[-53,-98],[-56,-35]],[[96043,28451],[-52,3],[-37,60],[2,97],[19,53],[47,44],[-15,82],[32,121],[-28,99],[48,50],[50,89],[91,94],[40,115],[117,161],[14,59],[31,15],[-33,91],[-51,44],[23,107],[95,53],[162,-138],[138,-28],[126,391],[-42,338],[-8,40],[-37,-12],[-10,40],[-89,38],[-40,144],[-63,66],[-57,98],[-64,-5],[-47,-26],[-4,-58],[-45,-134],[-119,21],[-62,-28],[-36,-42],[-59,-6],[-36,-3],[-12,22],[5,58],[-97,14],[-62,55],[-93,10],[-48,-20],[-3,78],[115,29],[205,-6],[138,82],[88,95],[57,-63],[34,-13],[30,27],[17,46],[49,41],[76,-9],[294,-114],[110,-92],[132,-71],[136,190],[60,55],[114,-20],[138,32],[211,89],[141,24],[109,60],[18,-68],[241,85],[276,15],[75,52],[154,-24],[64,-110],[50,-21],[118,12],[84,-118],[92,-64],[50,-19],[87,6],[79,86],[42,158],[21,320],[48,203],[73,185],[78,93],[-40,131],[-21,207],[34,78],[13,102],[-25,251],[33,265],[41,96],[-22,107],[56,71],[38,-4],[18,25],[19,-86],[-3,-131],[-29,-200],[-62,-207],[18,-29],[58,-23],[18,-51],[-31,-97],[10,-181],[-43,-173],[12,-5],[31,59],[24,-3],[-20,-14],[21,5],[23,-23],[33,-85],[2,-89],[-17,-109],[-47,-55],[-28,7],[-24,34],[-3,89],[-17,27],[-87,-92],[-18,-55],[-7,-113],[-40,-122],[-12,-144],[-42,-68],[15,-48],[40,0],[33,-30],[71,-160],[-15,-79],[-62,-17],[-30,-51],[18,-52],[45,-44],[57,-24],[51,-81],[-8,-82],[-39,-106],[-87,-68],[-169,-55],[-122,13],[-126,99],[-18,58],[23,99],[-95,153],[-69,14],[-47,-89],[-25,-7],[-86,31],[-77,156],[-156,-64],[-55,68],[-5,88],[-30,41],[-203,3],[-23,-13],[-42,-65],[-17,-113],[-22,-44],[-123,-185],[-165,-2],[-26,43],[-32,181],[-33,44],[-112,44],[-295,-106],[-155,-14],[-159,-195],[-54,-13],[-72,20],[-28,-7],[-22,-41],[-17,-290],[10,-177],[-83,-317],[33,-195],[-55,-68],[-45,-21],[-201,82],[-59,-41],[-77,-137],[-130,-89],[-55,-78],[19,-68],[51,-75],[37,-140],[-10,-130],[-37,-133],[-92,-41],[-61,-65],[-136,-235]],[[99077,34955],[-18,-61],[-7,-107],[-74,-26],[-19,-30],[11,-214],[63,-20],[24,-47],[-61,-99],[-33,-96],[-2,-40],[12,-28],[43,-26],[10,-54],[-27,-152],[3,-73],[-41,-114],[9,-149],[28,-116],[-6,-91],[9,-34],[94,-65],[0,-71],[-82,-88],[-103,31],[-77,-19],[-40,-59],[-25,-106],[-81,-79],[-41,93],[-50,5],[-52,-117],[-142,-93],[-103,212],[-58,44],[-73,-12],[-65,-68],[-68,-20],[-71,-73],[-101,13],[-93,77],[-108,156],[-71,363],[-126,257],[-28,21],[-72,-65],[-39,-11],[-65,144],[-89,3],[-71,64],[-140,7],[-9,38],[22,83],[2,88],[-106,225],[-2,84],[-17,16],[-69,2],[-108,41],[-89,-134],[-32,2],[-226,171],[-28,3],[-9,-13],[23,-105],[-104,-126],[-28,-108],[-3,-167],[56,-97],[-44,-53],[-67,-17],[-92,-57],[-63,36],[-31,78],[9,56],[47,77],[13,52],[0,69],[-17,33],[-36,6],[-97,-74],[-89,58],[-48,4],[-95,-114],[-79,-12],[-189,154],[-76,119],[744,3],[-3,284],[50,54],[73,149],[-96,179],[2,515],[44,49],[45,6],[-42,-104],[23,-280],[21,-21],[143,-82],[24,74],[-9,42],[20,108],[59,187],[57,-14],[-24,-27],[-17,-164],[38,-37],[-20,-89],[77,-17],[71,87],[20,-46],[-89,-143],[-36,0],[-155,-88],[-4,-207],[66,-4],[43,48],[77,2],[-33,-128],[39,-94],[113,-47],[68,97],[-1,1177],[1833,68],[891,66],[11,-198],[-20,-52],[-83,-24],[-20,-41],[-14,-171],[46,-63],[83,46],[72,-15],[18,-39],[14,-107],[-82,-153],[-75,14],[-59,64],[-24,3],[-182,-252]]],"transform":{"scale":[0.000048060589414848435,0.00003507945079450795],"translate":[101.022392,-5.823508]},"objects":{"batas_kph":{"type":"GeometryCollection","geometries":[{"arcs":[[0,1,2,3,4,5,6,7,8,9,10,11],[12]],"type":"Polygon","properties":{"ORGANISASI":"KPH Gedong Wani"}},{"arcs":[[[13]],[[14,15,16,17,18,19],[20],[21],[22]],[[23]],[[24]],[[25]]],"type":"MultiPolygon","properties":{"ORGANISASI":"KPHL Bukit Daun"}},{"arcs":[[[26]],[[27]],[[28]],[[29,30,31]],[[32]],[[33]],[[34]],[[35]]],"type":"MultiPolygon","properties":{"ORGANISASI":"KPH Pesisir Barat"}},{"arcs":[[[36]],[[37]],[[38]]],"type":"MultiPolygon","properties":{"ORGANISASI":"KPHL Bukit Balai Rejang"}},{"arcs":[[[39,40,41,42,43,44,45,46,47,48,49,50,51,52,53,54,55,56,57,58,59,60,61,62,63]],[[64,65,66,67,68,69,70,71,72,73,74,75,76,77]]],"type":"MultiPolygon","properties":{"ORGANISASI":"KPH Way Waya - Tangkit Tebak"}},{"arcs":[[[-41,78,79,80,81,82,83,84,85,86,87,-53,88,-51,89,-49,90,-47,91,-45,92,-43,93]],[[94]],[[95]],[[96]],[[97]]],"type":"MultiPolygon","properties":{"ORGANISASI":"KPH Liwa"}},{"arcs":[[98,99,100,101]],"type":"Polygon","properties":{"ORGANISASI":"KPH Kota Agung Utara"}},{"arcs":[[[-1,102,-11,103,-9,104,-7,105,-5,106,-3,107]],[[108],[109]],[[110]],[[111]],[[112]]],"type":"MultiPolygon","properties":{"ORGANISASI":"KPH Gunung Raja Basa - Way Pisang - Batu Serampok"}},{"arcs":[[-19,113,114,115],[116],[117],[118],[119],[120]],"type":"Polygon","properties":{"ORGANISASI":"KPHL Seluma"}},{"arcs":[[[-15,121,122,123,124,125,126,127,-17,128],[129],[130],[131],[132],[133],[134],[135],[136],[137],[138],[139],[140],[141],[142],[143]],[[144]],[[145]],[[146]]],"type":"MultiPolygon","properties":{"ORGANISASI":"KPHP Bengkulu Utara"}},{"arcs":[[[-123,147,-127,148,-125,149],[150],[151],[152],[153],[154],[155],[156],[157],[158]],[[159]],[[160]]],"type":"MultiPolygon","properties":{"ORGANISASI":"KPHP Muko Muko"}},{"arcs":[[[161,162,163,164,165,166,167,168,169,170,171]],[[172,173,174,175,176,177]],[[178]]],"type":"MultiPolygon","properties":{"ORGANISASI":"KPH Pesawaran"}},{"arcs":[[[179,180,-32]],[[181]],[[182]],[[183]],[[184]],[[185]],[[186,187,188],[189],[190],[191],[192],[193],[194],[195],[196],[197],[198],[199],[200],[201],[202],[203],[204],[205]],[[206]],[[207]],[[208]],[[209]],[[210]],[[211]],[[212]],[[213]],[[214]],[[215]],[[216]],[[217]]],"type":"MultiPolygon","properties":{"ORGANISASI":"KPHL Kaur"}},{"arcs":[[[218]],[[219]],[[220]]],"type":"MultiPolygon","properties":{"ORGANISASI":"KPH Gunung Balak"}},{"arcs":[[[-115,221]],[[-188,222]]],"type":"MultiPolygon","properties":{"ORGANISASI":"KPHL Bengkulu Selatan"}},{"arcs":[[223],[224]],"type":"Polygon","properties":{"ORGANISASI":"KPH Sungai Buaya"}},{"arcs":[[[-54,-88,225,-86,226,-84,227,-82,228,-80,229]],[[230]],[[231]],[[232]]],"type":"MultiPolygon","properties":{"ORGANISASI":"KPH Bukit Punggur"}},{"arcs":[[233,-76,234,-74,235,-72,236,-70,237,-68,238,-66,239,-78,240,-101,241,-99,242,-64,243,-62,244,-60,245,-58,246,-56]],"type":"Polygon","properties":{"ORGANISASI":"KPH Batu Tegi"}},{"arcs":[[[247,248,-171,249,-169,250,-167,251,-165,252,-163]],[[-174,253,-178,254,-176,255],[256],[257],[258],[259]],[[260]],[[261]]],"type":"MultiPolygon","properties":{"ORGANISASI":"KPH Pematang Neba"}},{"arcs":[[[262]],[[263]]],"type":"MultiPolygon","properties":{"ORGANISASI":"KPH Muara Dua"}},{"arcs":[[[264]],[[265]],[[266]]],"type":"MultiPolygon","properties":{"ORGANISASI":"KPH Way Terusan"}}]}}}