{"type":"Topology","arcs":[[[7400,91339],[-55,99],[75,29],[9,23],[38,13],[16,-11],[0,1],[12,14],[65,4],[25,-17],[-15,-86],[-170,-69]],[[7307,91626],[32,-12]],[[7339,91614],[29,-56],[71,36],[94,8],[21,28],[48,-55],[-13,-42],[-161,-24],[-18,-30],[-75,-24],[-72,132],[44,39]],[[7732,92729],[39,42],[40,-34],[20,-51],[21,-17],[26,-71],[1,-18],[0,-3]],[[7879,92577],[-1,1],[8,-136],[16,-68],[130,-366]],[[8032,92008],[-59,-182],[-80,-190],[-8,22],[-24,3],[2,-40],[-35,-50],[-151,-65],[-17,-47],[-51,-26]],[[7609,91433],[-1,1],[0,0],[-9,-7],[6,68],[20,55],[40,-17],[22,9],[83,62],[7,53],[15,17],[-24,7],[-33,-74],[-73,-35],[-34,13],[-44,68],[-35,14],[-42,-44],[-123,-23],[-35,46],[-47,11],[-56,-49],[-56,94],[7,50],[-16,16],[40,69],[18,78],[69,59],[25,55],[76,-38],[82,-12],[81,19],[66,151],[20,17],[17,-92],[-10,-96],[25,7],[2,58],[19,34],[-18,36],[2,41],[17,23],[-18,32],[5,48],[19,7],[3,-51],[20,-16],[69,-14],[20,10],[47,-67],[5,-34],[-20,-45],[13,-3],[1,24],[27,22],[-52,117],[-15,14]],[[7836,92221],[-5,9],[-3,-2]],[[7828,92228],[-5,5],[-10,-17]],[[7813,92216],[-15,-12]],[[7798,92204],[-36,-1]],[[7762,92203],[-23,3]],[[7739,92206],[-5,28]],[[7734,92234],[-1,48]],[[7733,92282],[5,7]],[[7738,92289],[8,0],[55,96]],[[7801,92385],[4,44],[-8,21]],[[7797,92450],[0,3],[-1,1]],[[7796,92454],[-1,2],[-23,15]],[[7772,92471],[-1,37],[-49,23],[11,54],[-19,-27],[-20,25],[-36,-55],[-17,13],[-10,52],[-16,11],[-19,-4],[-32,-50],[-43,-17],[-20,23],[4,19],[15,-9],[7,33],[34,28],[5,-19],[10,7],[48,121]],[[7624,92736],[25,14],[83,-21]],[[7860,92249],[3,4]],[[7863,92253],[-10,10],[5,-11]],[[7858,92252],[-3,0],[-8,3],[13,-6]],[[7105,91821],[64,36],[57,97],[36,39]],[[7262,91993],[10,10],[14,23]],[[7286,92026],[5,9],[45,168],[4,15],[0,0],[0,0]],[[7340,92218],[60,73],[-56,102],[22,43],[95,0],[61,49],[16,32],[48,22],[17,-11],[1,34],[0,0],[33,-55],[74,27],[41,-34],[42,-80]],[[7794,92420],[1,-5]],[[7795,92415],[-60,-104],[-68,-44],[-33,11],[-131,-64]],[[7503,92214],[-101,-84],[-41,-45]],[[7361,92085],[-11,-10],[-19,-23]],[[7331,92052],[-32,-35],[-66,-85]],[[7233,91932],[-31,-93],[-39,-59],[20,-63]],[[7183,91717],[-78,104]],[[7350,92044],[83,80],[115,70],[34,37],[75,-7],[-52,-75],[-27,-93]],[[7578,92056],[-8,-14]],[[7570,92042],[-19,-19]],[[7551,92023],[-26,-10]],[[7525,92013],[-63,0]],[[7462,92013],[-112,31]],[[7075,92678],[50,0],[43,29],[66,-20],[65,43],[189,63],[20,1],[36,-47]],[[7544,92747],[76,8],[-2,-6]],[[7618,92749],[-11,-8],[-29,-72]],[[7578,92669],[-9,-7]],[[7569,92662],[-42,-5],[9,-29],[-55,-37],[-1,-38],[21,-48],[-51,-34],[-87,13],[-36,-81],[-47,22],[-34,-33],[-37,5],[12,70],[-38,13],[-7,31],[-35,29],[-35,4],[20,-2],[24,52],[-37,27],[-37,56],[-1,1]],[[7048,92539],[-34,-2]],[[7014,92537],[-31,36]],[[6983,92573],[29,15],[43,88]],[[7055,92676],[54,-69]],[[7109,92607],[33,-19],[-94,-49]],[[3075,97753],[-11,-2],[14,15],[-3,-13]],[[3207,97945],[-3,1],[-16,-18]],[[3188,97928],[3,-22],[-41,-19]],[[3150,97887],[41,58],[36,12],[-8,-17]],[[3219,97940],[-10,7],[-2,-2]],[[3348,97975],[-33,-13],[-25,7],[-33,-27],[-16,12]],[[3241,97954],[-5,4],[91,38],[47,-11],[-26,-10]],[[36172,56420],[-46,-223],[-28,-8],[-28,46],[-51,16],[-85,-69],[22,-107],[46,-31],[28,-61],[11,-54],[-22,-53],[62,-23],[17,-31],[39,-15],[204,53],[6,77],[51,-38],[34,-46],[17,-54],[51,-46],[87,87],[104,-72]],[[36691,55768],[107,-244],[73,-72],[34,-11],[365,59],[119,-21],[150,3],[31,-16],[-55,-88],[-126,-115],[-45,-71],[-31,-80],[-23,-135],[-58,-110],[-193,-44],[-40,-24],[-101,-105],[-54,-118],[-92,-62],[-161,57],[-262,143],[-46,1],[-113,-138],[-135,-82],[-31,-39],[-27,-101],[10,-80],[19,-41]],[[36006,54234],[-42,8],[-10,42],[-92,35],[-29,52],[-40,32],[-50,-13],[-43,80],[36,84],[-50,135],[-45,74],[-129,125],[46,61],[71,13],[135,-132],[114,-164],[36,-28],[152,83],[59,-3],[147,152],[-48,118],[-178,83],[-2,15],[-188,137],[-203,260],[-304,210],[-141,191],[-51,10],[-108,-54],[-199,10],[-124,-88],[-79,-10],[-127,132],[7,103],[-10,83],[-44,118],[-123,-147],[-25,53],[-72,-75],[-89,27],[-121,64],[-52,-18],[-31,-92],[-6,-77],[104,-122],[43,-8],[1,-61],[-68,-9],[-112,66],[-48,-22],[11,-68],[130,-44],[59,-69],[109,-74],[-11,-38],[-93,-44],[-36,-77],[-58,11],[4,59],[19,25],[-29,40],[-38,22],[-52,-67],[-117,-86],[-138,10],[55,225],[-30,96],[-111,67],[-64,-97],[61,-94],[-75,-207],[-142,-310],[54,-210],[64,-63],[173,39],[224,-229],[50,-94],[206,-162],[33,-172],[124,-177],[41,-127],[-131,-103],[428,-174],[145,-139],[128,-179],[98,-189],[-2,-39],[-12,-15],[-102,3],[-25,-52],[5,-78],[-20,-81],[-34,-26],[181,-54],[40,-200],[43,27],[27,64],[82,83],[20,64],[-75,65],[-61,82],[14,83],[61,165],[95,83],[68,37],[206,26],[86,48],[34,49],[115,21],[47,-19],[79,-143],[54,-42],[109,-68],[108,-36],[64,-50],[41,-61],[-59,-122],[27,-74],[113,-110],[23,-104],[108,-67],[104,-159],[-9,-245],[-40,-105],[-82,-55],[-36,-61],[-5,-110],[-18,-67],[68,-68],[374,-18],[-3,-69],[-21,-44],[-171,-142],[-34,-116],[-69,-29],[-210,31],[-103,-7],[-33,-20],[-67,41]],[[36070,51284],[-75,66]],[[35995,51350],[-23,67]],[[35972,51417],[-154,80]],[[35818,51497],[-53,-12]],[[35765,51485],[-2,-1],[-206,121],[-53,44],[-39,84],[-41,43],[-70,8],[-11,-54],[-72,116],[-181,161],[-4,43],[-62,-9],[-165,133],[-17,56],[-136,62],[-58,84],[-88,179],[32,44],[6,86],[-33,39],[-54,173],[-53,98],[-77,55],[-42,107],[-20,16],[55,93],[-13,50],[-120,15],[0,-28],[-5,10],[-8,-17],[-16,24],[-10,-8],[7,-30],[-25,18],[-53,1],[-13,94],[-10,4],[-111,8],[-140,-46],[-60,66],[-33,66],[2,37],[-154,302],[-147,210],[-105,189],[-50,64],[-128,331]],[[33182,54626],[-6,16],[-179,315]],[[32997,54957],[-41,105]],[[32956,55062],[-111,147]],[[32845,55209],[208,-29],[96,33],[100,63],[63,64],[-20,84],[-46,34],[-57,102],[25,73],[80,-24],[51,16],[4,137],[-79,153],[-61,217],[1,97],[131,42],[130,-44],[-13,123],[-146,66],[40,132],[57,363],[91,75],[155,76]],[[33655,57062],[16,-76],[171,-35],[17,-34],[57,-50],[58,-5],[84,-67],[76,1],[11,-76],[-36,-173],[23,-38],[16,-8],[144,41],[91,-23],[25,-52],[53,42],[128,53],[81,-16],[85,-119],[86,-50],[8,-49],[-10,-28],[30,-47],[20,-66],[11,-21],[56,-22],[59,6],[10,103],[61,53],[48,-1],[77,-37],[87,-2],[74,-33],[50,-1],[96,53],[20,156],[32,-4],[44,35],[6,116],[78,50],[68,87],[116,-14],[53,30],[61,-125],[21,0],[44,-65],[9,-36],[102,-95]],[[28943,61314],[-39,-14],[-918,3],[-1,221]],[[27985,61524],[10,3],[30,48],[8,-29],[-13,-5],[-2,-31],[14,-4],[10,45],[92,-111],[61,145],[25,93],[45,71],[16,89]],[[28281,61838],[37,81]],[[28318,61919],[5,6]],[[28323,61925],[228,-4],[17,-180],[20,-64],[-2,-88],[37,-56],[49,9],[43,-45],[28,50],[31,-46],[35,-17],[38,33],[18,-17],[77,-7],[0,-22]],[[28942,61471],[1,-157]],[[28560,62451],[24,50]],[[28584,62501],[35,66],[0,0]],[[28619,62567],[69,0],[-9,-770],[-55,9],[-29,40],[4,560],[-39,45]],[[13241,83277],[0,0],[61,62],[44,16],[88,90],[26,-18],[30,11],[334,156],[364,144],[219,109],[937,-127],[400,-228],[153,-693],[-28,-68],[4,-95],[-20,-10],[-30,12],[-14,-59],[-40,-59],[9,-52],[-34,-19],[-46,19],[-23,-46],[-39,-12],[-5,-31],[31,-75],[-31,-48],[-188,-115],[-52,-42],[-62,-94],[-45,-25],[56,-156],[-40,-76],[37,-63],[-33,-47],[16,-49],[-47,-97],[-3,-71],[-34,-64],[-19,-98],[-1,-39],[43,-135],[-2,-88],[14,-80],[-14,-40],[-42,-38],[14,-75],[-593,-2],[-112,44],[-6,20],[-236,53],[-46,-3],[-359,428]],[[13877,81304],[93,122]],[[13970,81426],[-37,71],[-24,27]],[[13909,81524],[-12,19],[-8,4]],[[13889,81547],[-14,16],[-59,15],[-124,-48]],[[13692,81530],[-69,113]],[[13623,81643],[4,6]],[[13627,81649],[41,9]],[[13668,81658],[-16,56],[24,22],[13,56],[-19,50],[8,32],[33,-52],[42,21],[6,49],[-468,847],[31,24],[4,27],[26,3],[62,69],[7,120],[-14,39],[13,13],[-179,243]],[[9570,85163],[0,36]],[[9570,85199],[-76,266]],[[9494,85465],[-4,14],[0,6],[8,31]],[[9498,85516],[2,2],[-1,3]],[[9499,85521],[0,1],[-17,58]],[[9482,85580],[107,-60]],[[9589,85520],[54,46],[49,9],[2,43],[39,14],[21,83],[7,3]],[[9761,85718],[3,2]],[[9764,85720],[3,1],[6,-38]],[[9773,85683],[1,-4],[6,7]],[[9780,85686],[11,12]],[[9791,85698],[5,6],[-10,113]],[[9786,85817],[-15,33],[34,87],[-2,81]],[[9803,86018],[-12,21]],[[9791,86039],[-2,2],[52,-10],[35,30],[4,42],[54,71],[1,25],[42,18]],[[9977,86217],[34,123]],[[10011,86340],[0,2],[47,21],[73,-13],[34,26],[35,-8],[33,90],[26,-43],[40,7],[18,43],[27,0]],[[10344,86465],[11,93]],[[10355,86558],[0,1],[49,-2]],[[10404,86557],[9,0],[5,9]],[[10418,86566],[5,9]],[[10423,86575],[4,7],[63,-72]],[[10490,86510],[129,-195],[26,-61],[52,-25],[42,-85],[16,-17]],[[10755,86127],[6,-11],[58,-60]],[[10819,86056],[10,50],[16,10]],[[10845,86116],[88,-125],[14,-15]],[[10947,85976],[59,-63]],[[11006,85913],[6,-7]],[[11012,85906],[5,-5],[7,-85],[45,-38],[-2,-30],[27,-27],[-24,-11],[27,-19],[2,-27],[44,-19],[-24,-18],[-10,-60],[-66,-62],[23,-34],[9,-48],[-23,-60],[21,1],[17,-36],[-28,-55],[9,-28],[-16,-10],[3,-28],[-42,-26],[13,-22],[-8,-38],[17,-9],[0,-33],[-44,-9],[9,-36],[-13,-48],[-37,-34],[24,-44],[-3,-8]],[[10974,84900],[-3,-6]],[[10971,84894],[-1,-2],[-11,0],[-19,48],[-24,-22],[-40,10],[-16,-32],[-18,-3],[10,74],[-65,22],[-20,-23],[29,-77],[-4,-23],[-11,40],[-31,-2],[-23,-32],[-6,36],[-18,11],[3,-69],[-10,-4],[-23,21],[-3,51],[-21,29],[-7,-39],[-21,-9],[-11,-55],[-61,98],[-57,1],[-13,-25],[22,-55],[25,-18],[-8,-31],[-114,0],[-365,114],[-22,-20],[-65,-1],[-277,24],[-59,22],[-224,8]],[[9392,84961],[178,202]],[[46064,36730],[104,-138],[146,-271],[33,-26],[-18,-66],[-52,5],[-51,-47],[-58,-129],[-55,-19],[-29,-34],[-45,0],[-9,-39]],[[46030,35966],[-21,38],[-44,22],[-57,96],[-17,7],[-8,105],[-37,31],[-24,69],[-71,84],[-21,179],[-36,1],[-88,130],[-39,85],[-31,143],[13,32],[-49,38],[-97,183],[-49,33],[-73,226],[-43,80],[-52,41],[-7,69],[-83,133],[7,41],[29,33],[18,53],[74,22],[-2,37],[51,67],[24,8],[0,32],[17,27],[8,82]],[[45322,38193],[11,-23]],[[45333,38170],[57,-115]],[[45390,38055],[65,-134],[118,-206]],[[45573,37715],[198,-449],[26,-39],[51,-8],[-6,-57]],[[45842,37162],[178,-349]],[[46020,36813],[44,-83]],[[46013,36788],[-3,3],[-6,-9],[4,2]],[[46008,36784],[-2,-5],[7,9]],[[62142,38485],[3,-57]],[[62145,38428],[-1,-1]],[[62144,38427],[-3,58],[20,21],[-19,-21]],[[62106,38382],[-13,-15],[11,-15],[28,1],[24,-56]],[[62156,38297],[-6,-13]],[[62150,38284],[-46,2],[31,-34],[-20,-39],[45,-47],[-48,-49]],[[62112,38117],[20,-36]],[[62132,38081],[-21,-19],[13,-28],[-12,-61],[28,-11],[-2,-57]],[[62138,37905],[14,-14]],[[62152,37891],[-15,-34],[0,-2]],[[62137,37855],[0,-1],[5,-11]],[[62142,37843],[3,-6],[0,0]],[[62145,37837],[2,-3],[-5,3],[-7,16],[3,15],[13,22],[-15,15],[2,52],[-28,16],[12,59],[-13,31],[20,18],[-19,36],[48,48],[-44,47],[19,40],[-27,23],[-4,13],[53,5],[-26,59],[-26,-2],[-12,15],[12,21],[27,26]],[[62130,38412],[-27,-29],[3,-1]],[[63123,40457],[13,25],[1,11]],[[63137,40493],[2,5],[6,92],[49,24],[-20,60],[18,51],[-27,46],[21,62],[-37,13],[0,13],[52,33],[16,50],[29,12],[15,50],[22,22],[25,-24],[2,3]],[[63310,41005],[1,-1],[0,3]],[[63311,41007],[4,6],[-10,45],[14,90],[-26,17],[12,56],[12,16],[23,-15],[50,64],[-11,40],[11,40],[27,-17],[42,16],[1,17],[-26,35],[33,4],[6,66]],[[63473,41487],[31,11],[-1,6]],[[63503,41504],[2,1],[-3,3]],[[63502,41508],[-3,11],[-32,16]],[[63467,41535],[-22,57],[54,47],[13,60],[29,-20],[20,63],[38,-12],[27,159]],[[63626,41889],[-10,73]],[[63616,41962],[1,3]],[[63617,41965],[6,6]],[[63623,41971],[41,12],[25,26],[1,4]],[[63690,42013],[3,3],[21,81]],[[63714,42097],[5,16]],[[63719,42113],[23,36]],[[63742,42149],[-16,50]],[[63726,42199],[9,0]],[[63735,42199],[43,-9],[4,5]],[[63782,42195],[5,0],[4,13]],[[63791,42208],[8,11],[6,40]],[[63805,42259],[5,16],[0,14]],[[63810,42289],[7,45],[-8,69]],[[63809,42403],[-31,79],[44,45],[-18,74],[27,15],[-24,81],[17,55],[-9,61],[52,36],[-2,22],[-20,15],[28,39],[-10,51],[58,68],[0,56],[30,10],[-9,59],[29,112],[65,111]],[[64036,43392],[0,145]],[[64036,43537],[25,37],[9,13],[1,2],[3,35],[39,10],[0,2],[11,144]],[[64124,43780],[36,39],[1,6]],[[64161,43825],[3,3],[2,18],[0,6],[0,3],[-34,48],[-6,56],[47,1],[-1,82],[48,30],[58,2],[-6,49],[73,67],[-17,83],[78,12],[5,62],[23,12],[28,-13],[21,37],[12,-35],[39,-8],[-20,85],[45,31],[14,43]],[[64573,44499],[-39,46]],[[64534,44545],[-2,9]],[[64532,44554],[2,42]],[[64534,44596],[2,13]],[[64536,44609],[7,16]],[[64543,44625],[44,44],[3,7]],[[64590,44676],[3,3],[2,14]],[[64595,44693],[6,16],[6,46]],[[64607,44755],[8,42],[-1,4]],[[64614,44801],[0,7],[-3,2]],[[64611,44810],[-3,8],[-13,1]],[[64595,44819],[-22,13]],[[64573,44832],[0,4]],[[64573,44836],[27,40],[67,-21],[27,-41],[-12,-33],[5,-26],[42,-40],[-39,-101],[18,-45],[-4,-48],[-49,-19],[21,-33],[-24,-81],[-31,-22],[-43,32],[-7,-20],[-1,-51],[34,-131],[35,-78],[-57,-192],[2,-69],[58,97],[108,-151],[1,-124],[60,-317],[186,-394],[17,-150]],[[65014,42818],[-2,-24]],[[65012,42794],[-106,-247],[-797,-1652],[-433,-933],[-167,-99],[-41,-34],[-40,-63],[-71,-46],[-69,-37],[-76,2],[-81,105],[-110,204],[-65,175],[-3,-5]],[[62953,40164],[-6,15],[26,19],[-8,77],[-20,23],[5,33],[27,37],[35,6],[29,43],[82,40]],[[62741,41785],[12,17],[154,-44]],[[62907,41758],[23,-151]],[[62930,41607],[39,-10],[-103,-25],[-18,42],[-46,48],[-18,3],[4,-20],[-11,-6],[-36,146]],[[62837,42708],[-115,2],[-13,-27],[6,-39],[-24,-38],[-98,-30],[-16,-22]],[[62577,42554],[-42,212],[18,-33],[41,-5],[15,44],[46,14],[33,-30],[39,17],[20,-43],[132,-4],[0,-4]],[[62879,42722],[-42,-14]],[[39253,47349],[37,105]],[[39290,47454],[29,51]],[[39319,47505],[12,8],[24,43]],[[39355,47556],[19,35],[3,-2]],[[39377,47589],[39,-17],[1,2]],[[39417,47574],[18,28],[24,-2],[17,37],[27,-24],[30,19],[20,-30],[56,57],[0,36],[31,57]],[[39640,47752],[13,-15],[252,-110],[138,-84],[160,-142],[-30,-75]],[[40173,47326],[-9,-9],[0,-12]],[[40164,47305],[-4,-10],[4,-98]],[[40164,47197],[-16,-63]],[[40148,47134],[-33,-36],[-259,-540],[-142,123],[-47,17],[-111,113],[-147,102],[-21,28],[29,39],[-14,16],[-66,26],[-53,-4],[-55,35],[51,64],[114,-6],[26,63]],[[39420,47174],[-8,23],[-56,57]],[[39356,47254],[-16,19],[-6,2]],[[39334,47275],[-10,10],[-66,24],[-3,-3]],[[39255,47306],[-2,0],[-20,-20]],[[39233,47286],[20,63]],[[65915,30398],[9,7]],[[65924,30405],[1,-1]],[[65925,30404],[-10,-6]],[[65931,30402],[3,-13],[-4,13]],[[65930,30402],[1,0]],[[66033,30319],[-2,15]],[[66031,30334],[0,2]],[[66031,30336],[4,-2],[-2,-38]],[[66033,30296],[0,23]],[[66008,30543],[2,22]],[[66010,30565],[2,7]],[[66012,30572],[-4,-29]],[[67161,41079],[-126,141],[-52,18],[-23,48],[-48,-11],[87,1064],[-18,1],[12,173],[17,-1],[1,202],[16,41],[-13,35],[-7,201],[-58,237],[-133,355],[-37,-57],[-47,20],[-9,195],[-39,9],[-13,37],[20,136],[-23,131],[17,120],[-9,89],[14,24],[-15,100],[28,91],[10,738],[380,311],[1403,-932],[-216,-1063],[-176,-622],[-294,-187],[117,-387],[-149,-472],[-14,-112],[-217,-735],[-31,3],[-59,-59],[-14,3],[19,-26],[-95,-55],[3,-55],[-21,-11],[-24,62],[-31,11],[-41,78],[-89,83],[-3,28]],[[70451,18675],[23,18],[1,2]],[[70475,18695],[1,1],[1,9]],[[70477,18705],[2,13],[-1,-1]],[[70478,18717],[-7,-2]],[[70471,18715],[-1,1]],[[70470,18716],[-4,16],[-6,-8]],[[70460,18724],[-4,3]],[[70456,18727],[-4,10]],[[70452,18737],[1,15]],[[70453,18752],[10,8]],[[70463,18760],[11,6]],[[70474,18766],[8,-5],[1,10]],[[70483,18771],[22,12],[-22,-2]],[[70483,18781],[1,1],[39,10]],[[70523,18792],[-3,-1],[5,2]],[[70525,18793],[18,4]],[[70543,18797],[10,-6]],[[70553,18791],[44,-36]],[[70597,18755],[-2,0],[11,-10],[2,1]],[[70608,18746],[1,-1],[1,2]],[[70610,18747],[9,5],[28,49],[-33,-47],[0,0]],[[70614,18754],[29,51]],[[70643,18805],[29,4]],[[70672,18809],[-11,-2],[15,0]],[[70676,18807],[-16,22]],[[70660,18829],[10,47]],[[70670,18876],[12,-6]],[[70682,18870],[13,-57],[-8,-48],[-34,-54],[50,-103],[-28,-45],[-40,20],[19,-36],[0,-33],[-39,34],[-33,75],[-31,-9],[-45,26],[-21,-15],[-26,32]],[[70459,18657],[2,10],[-10,8]],[[71380,41128],[-1,2],[0,-17]],[[71379,41113],[0,-5],[-9,5],[-13,9],[1,-1]],[[71358,41121],[-2,1],[4,-12]],[[71360,41110],[-20,-6],[5,-19]],[[71345,41085],[-4,-5]],[[71341,41080],[-39,-44],[-14,25],[-50,-14],[-13,35],[13,39],[-8,-9],[-13,20],[-13,96],[-25,0],[-3,-22],[-13,-4],[-48,106],[-76,23],[-2,-23],[-43,3],[-18,-44],[-41,30],[-47,-2],[-11,38],[11,31],[-44,38],[5,78],[-12,-1],[-7,30],[-69,34],[-12,26],[-45,12],[-29,48],[-5,50],[-27,-13],[2,593],[11,90],[-16,127],[-2,333],[19,180],[-21,268],[7,374],[11,19],[-9,229],[20,80],[0,112],[-12,50],[8,146],[48,64],[53,-13],[2,34],[15,-13],[-7,41],[16,-14],[17,9],[8,-17],[18,17],[16,66],[-15,10],[13,18],[13,-11],[0,43],[23,13],[19,-25],[23,15],[61,-21],[6,32],[25,-1],[32,26],[3,-27],[35,-19],[26,-54],[32,-9],[25,18],[28,-45],[15,16],[12,-21],[56,8],[6,-21],[27,30],[52,-65],[22,25],[27,-55],[15,34],[9,-25],[11,38],[35,18],[42,-13],[14,24],[38,-5],[-2,-14],[21,7],[0,40],[44,-20],[64,18],[10,-19],[20,4],[13,14],[3,52],[27,-1],[9,-25],[15,46],[6,-32],[10,44],[70,38],[3,28],[-18,1],[2,14],[51,5],[20,27],[13,-23],[5,15],[13,-12],[9,-29],[32,40],[-4,-17],[27,-10],[-7,-20],[24,-14],[1,16],[45,16],[25,-14],[-9,31],[24,-5],[2,13],[16,-20],[8,11],[24,-24],[-4,-61],[11,-5],[14,22],[-2,-39],[32,-27],[25,38],[0,27],[42,-28],[1,40],[20,-4],[12,36],[24,5],[-22,64],[31,2],[11,29],[-17,-1],[11,28],[-21,-14],[-7,54],[22,9],[23,-50],[30,11],[-6,-18],[12,-15],[31,17],[17,34],[22,-45],[30,11],[1,15],[11,-34],[18,24],[-13,26],[46,7],[9,32],[-15,5],[0,21],[36,35],[35,-5],[32,-58],[5,14],[15,-9],[11,-26],[13,9],[-3,36],[21,8],[52,-33],[48,7],[14,-30],[43,37],[4,-14],[31,5],[-3,-16],[20,2],[-4,-17],[15,-7],[3,33],[31,-57],[20,24],[-11,19],[38,-3],[-3,-26],[23,18],[26,-42],[14,2],[-8,-15],[11,-5],[10,28],[19,-14],[-10,10],[20,38],[33,-16],[7,39],[73,-95],[58,-15],[26,-24],[-3,26],[40,24],[-1,-370],[-111,-468],[4,-31],[-16,-7],[-131,-512],[-491,-1706],[-351,19],[-2,-677],[-807,-2],[-7,53],[-16,0],[8,28],[-29,-10],[-8,27],[-20,1],[15,24],[-37,38],[27,-9],[1,15],[-42,40],[0,-1]],[[71557,49294],[54,-91],[34,-7],[17,-30],[11,17],[15,-10],[-7,-51],[21,-23],[8,32],[36,19],[-10,12],[7,13],[22,-3],[-6,49],[25,14],[-12,71],[27,24],[-19,2],[9,13],[-23,18],[23,16],[-43,30],[38,103],[5,-9],[4,14],[2,-15],[15,12],[9,-26],[33,13],[11,-26],[43,35],[0,-16],[15,17],[18,-5],[-4,19],[16,7],[14,-35],[1,43],[25,29],[-10,11],[34,-9],[-4,35],[16,22],[20,13],[1,-14],[23,3],[-2,33],[33,47],[12,-9],[18,40],[10,-17],[33,14],[2,-20],[76,50],[-8,-25],[41,2],[4,-48],[53,29],[23,62],[-13,2],[10,25],[64,-20],[-1,19],[20,13],[6,-39],[38,18],[19,-26],[3,20],[13,-13],[29,50],[28,-29],[26,35],[9,-4],[-2,-33],[29,-5],[20,20],[14,-4],[-5,-19],[16,7],[12,-14],[-2,34],[27,-20],[19,13],[12,-28],[20,1],[-8,18],[29,-25],[-9,-21],[8,-21],[58,47],[39,-41],[15,34],[8,-10],[11,26],[9,-16],[5,17],[31,4],[-2,27],[50,26],[-4,17],[-8,-13],[-13,14],[11,13],[-13,18],[29,44],[23,7],[16,35],[-6,15],[23,-12],[28,9],[16,-35],[12,19],[12,-20],[20,6],[7,18],[46,-40],[-15,-39],[22,-17],[13,34],[29,0],[4,27],[9,-16],[19,17],[-26,28],[25,16],[-6,15],[11,-5],[-2,19],[-14,-1],[-3,59],[20,9],[1,20],[-14,12],[11,11],[-12,27],[-27,21],[3,41],[26,22],[5,25],[-33,48],[5,23],[41,0],[23,19],[40,-48],[4,23],[34,-6],[8,19],[14,-19],[30,-2],[20,21],[-3,26],[32,-15],[10,-28],[6,44],[48,-16],[8,21],[-12,43],[12,10],[-13,17],[10,6],[-24,33],[12,10],[-1,28],[24,7],[-7,23],[18,34],[39,16],[0,-40],[36,-18],[0,-24],[25,8],[17,-22],[22,33],[42,-4],[13,14],[-10,38],[22,-1],[-5,31],[21,6],[-14,24],[10,13],[-13,4],[16,34],[-7,19],[15,-3],[28,36],[-1,25],[50,-5],[51,34],[-7,15],[23,10],[17,-14],[4,22],[9,-8],[16,20],[25,-14],[6,23],[3,-45],[16,14],[16,-16],[17,17],[-2,17],[18,-23],[13,67],[18,-9],[-1,36],[19,4],[12,-26],[20,41],[27,-5],[42,83],[3,-23],[33,8],[7,-21],[27,53],[15,-22],[-7,-13],[28,-4],[-11,-33],[28,-7],[-2,30],[26,37],[-22,1],[54,57],[18,-57],[28,12],[0,25],[20,3],[19,-16],[10,12],[10,-32],[9,10],[21,-27],[12,15],[3,-21],[22,5],[-11,22],[8,37],[19,4],[10,21],[11,-6],[10,24],[-12,25],[20,1],[-6,20],[12,0],[-9,46],[20,40],[-13,22],[29,-4],[23,59],[21,-9],[1,55],[54,18],[7,-26],[27,0],[16,14],[-4,32],[20,31],[34,-16],[9,21],[16,-3],[0,19],[35,6],[0,36],[48,16],[12,36],[41,-66],[28,53],[25,-18],[63,23],[21,-14],[12,14],[25,-6],[13,-30],[44,23],[10,-40],[42,13],[23,-9],[-1,-25],[72,4],[-2,-19],[31,-14],[-3,-37],[24,22],[29,-26],[24,49],[13,-2],[-6,19],[52,-15],[39,-68],[10,2],[-12,17],[12,10],[8,-17],[14,20],[15,-19],[36,15],[32,61],[0,-34],[39,-14],[18,76],[18,-24],[45,24],[25,-42],[19,94],[16,-11],[59,76],[-7,57],[22,0],[7,18],[9,-17],[23,5],[2,72],[21,20],[10,41],[-17,-7],[-11,24],[7,24],[-17,12],[3,49],[26,3],[7,25],[51,-8],[-5,21],[-20,2],[-3,27],[24,7],[-5,42],[27,23],[1,127],[23,-7],[14,59],[61,8],[22,39],[-6,54],[34,-17],[37,32],[27,-17],[30,33],[29,-15],[7,35],[97,-32],[14,-29],[0,-1]],[[76548,52331],[0,1],[12,-136],[-64,-67],[-22,-64],[-5,-124],[-130,-711],[-91,-808],[-280,-2073],[-352,-315],[-195,-197],[-38,-14],[-185,-193],[-968,277],[-160,32],[-61,32],[-251,61],[-103,-10],[-119,21],[-97,48],[-105,26],[-111,67],[-73,5],[-472,156],[-1144,305],[23,644]],[[84217,17060],[378,377],[-157,821],[-23,89]],[[84415,18347],[-18,89],[-7,5]],[[84390,18441],[0,3],[-28,18],[-52,-14]],[[84310,18448],[-29,24],[-1,-1]],[[84280,18471],[-3,1],[-22,-23],[-18,35],[-15,-7],[-20,23],[9,-21],[-22,-39],[-28,-5],[-24,-29],[-15,55],[-288,-120],[-13,-41],[-21,-16],[-36,11],[-22,-17],[-1,1],[-39,44],[-27,-25],[-25,55],[-10,-14],[-26,8]],[[83614,18347],[0,0],[-10,6]],[[83604,18353],[-2,12]],[[83602,18365],[-3,38],[-4,5]],[[83595,18408],[-2,10],[-53,52]],[[83540,18470],[-52,132],[-40,27],[-70,10],[-80,50],[17,61],[130,89],[50,-85],[80,124],[8,48],[130,93],[27,46],[25,2],[17,50],[4,186],[-23,1],[-19,23],[11,22],[-13,3],[-3,35],[13,113],[13,-5],[24,61],[-37,79],[-10,81],[31,231],[-19,106],[-50,-8],[-18,131],[687,-5],[-5,476],[15,632],[233,207],[2,578],[-37,126],[-71,38],[-3,162],[-909,12],[5,54],[37,-1],[39,48],[33,-2],[2,49],[46,6],[73,42],[13,26],[-8,79],[11,56],[45,6],[32,54],[91,27],[25,-25],[44,40],[26,-12],[60,67],[5,62],[38,68],[-20,-2],[-12,42],[22,16],[3,-20],[17,-7],[-11,28],[17,4],[-4,39],[21,-16],[-1,30],[21,-2],[2,183],[-264,-45],[-2,-162],[-25,-8],[-73,34],[-2,-17],[-28,-3],[-47,106],[-373,46],[-4,-147],[17,-27],[-4,-34],[-85,-18],[1,-104],[-69,0],[0,-145],[-24,-9],[-1,-23],[3,-80],[9,-24],[15,0],[-2,-38],[-65,5],[-30,-16],[-16,-73],[-46,-35],[25,-37],[-30,-6],[-27,-39],[-33,6],[-6,18],[13,12],[-14,13],[-42,-37],[-23,28],[-26,-8],[-61,49],[-31,-58],[-27,19],[-14,-28],[-11,13],[3,34],[-58,-12],[-6,18],[-60,-38],[-31,18],[-18,-29],[-32,41],[-33,-36],[-27,12],[-14,29],[-61,-18],[-31,25],[-26,-25],[-18,25],[-15,-9],[-11,36],[-27,2],[-1,-14],[-42,30],[-1,-32],[-24,-1],[-50,41],[-26,-60],[-15,14],[-7,-21],[-17,7],[8,-27],[-21,-10],[-20,-1],[-14,24],[-235,11],[22,1350],[-34,-14],[-54,50],[-10,-12],[-69,15],[-25,-38],[-132,3],[-49,24],[-35,96]],[[81532,23977],[-3,94],[-9,30]],[[81520,24101],[-4,45]],[[81516,24146],[3,62]],[[81519,24208],[54,47]],[[81573,24255],[108,53]],[[81681,24308],[20,2]],[[81701,24310],[13,-7],[168,25]],[[81882,24328],[37,63],[-19,124],[133,-272],[-1,-42]],[[82032,24201],[30,-19],[9,2]],[[82071,24184],[2,-1],[52,7],[189,201],[123,65],[10,65],[46,42],[33,-27],[13,-3]],[[82539,24533],[14,-9],[10,4]],[[82563,24528],[16,-3],[6,13]],[[82585,24538],[3,1],[74,174]],[[82662,24713],[-19,68],[5,36],[12,3],[0,65],[-17,46],[4,89],[81,-3],[5,-59],[144,-37],[147,31],[13,-25],[41,-12],[87,-69],[139,-45],[50,-77],[53,-45],[147,-31],[25,-43],[67,-19],[2,-122],[152,-86],[130,-37],[12,33],[-13,67],[29,45],[-9,134],[8,73],[38,5],[13,34],[232,-230],[92,169],[33,151],[2,84],[-35,77],[-71,15],[-24,66],[-5,121],[46,34],[15,72],[28,-5]],[[84321,25286],[-2,-38]],[[84319,25248],[-21,-22],[39,9],[16,26],[29,-3],[0,-21],[16,-14],[-14,-33],[-35,25],[-18,-11],[57,-101],[-7,-18],[-50,42],[-5,-21],[25,-33],[-46,-10],[-36,74],[-17,10],[25,-58],[-16,-35],[6,-19],[18,36],[42,-65],[50,35],[9,-32],[25,20],[-4,-26],[-54,-24],[3,-12],[59,-27],[-11,-26],[-27,3],[32,-19],[-6,-34],[9,-15],[31,36],[51,-54],[12,-27],[-37,-23],[40,18],[-13,46],[10,9],[-11,-4],[-10,21],[18,45],[-30,-17],[-22,34],[26,25],[-17,44],[39,8],[8,-19],[7,27],[-23,20],[7,24],[-35,-10],[11,35],[-14,11],[10,28],[10,-19],[13,63],[14,1],[-1,-60],[30,-10],[-4,39],[89,20],[-29,-38],[14,-1],[-7,-66],[24,62],[14,1],[21,-30],[10,46],[2,-72],[28,26],[49,-27],[19,44],[23,3],[-6,-17],[19,-12],[15,30],[-11,-32],[-12,-14],[-38,-14],[-155,-4],[-68,16],[-19,-116],[14,-57],[-27,-162],[13,-82],[180,-11],[47,-68],[3,-65],[15,-10],[-13,-27],[-161,36],[-88,-57],[-28,-44],[-162,-46],[-72,-157],[-198,-172],[-61,-105],[35,-11],[11,13],[7,-34],[11,60],[28,5],[27,-35],[4,-88],[44,19],[-17,-40],[17,16],[33,-19],[-18,-24],[21,-2],[10,-25],[66,61],[-4,44],[71,-28],[32,14],[76,-74],[-10,-79],[28,-14],[28,9],[6,-36],[-29,-33],[23,-64],[-23,-3],[-7,-19],[22,-18],[13,14],[24,-38],[-22,-18],[-1,-21],[18,-6],[38,-63],[28,-7],[54,-58],[36,7],[98,61],[32,-31],[-8,-26],[19,-108],[-18,-55],[117,-50],[-55,-344],[-17,-33],[-73,-62],[8,-48],[-30,-33],[1,-56],[32,-71],[-15,-22],[-45,-17],[-1,-29],[60,8],[32,-73],[44,71],[71,-34],[35,-80],[-4,-52],[39,-137],[51,10],[18,35],[62,-1],[56,-31],[165,-1],[110,-57],[59,9],[72,51],[49,-25],[30,21],[-2,16],[-29,42],[-56,147],[-35,-4],[59,52],[35,5],[15,47],[50,-27],[8,-30],[-15,-28],[-47,20],[0,-27],[36,-25],[23,-57],[64,-4],[-46,-63],[10,-78],[37,-65],[-53,-78],[-15,4],[-37,82],[-59,28],[-44,-46],[-20,-64],[16,-15],[52,11],[30,-39],[8,-38],[35,-7],[-36,-28],[-30,39],[-21,-45],[96,-150],[-9,-30],[-30,-21],[2,-40],[67,20],[46,-51],[-34,5],[-8,-39],[4,-22],[37,-30],[102,-460],[-329,34],[-219,256],[-230,-476],[-79,-23],[-24,-32],[15,-37],[64,5],[54,-15],[77,-55],[35,-84],[32,-25],[18,-59],[-11,-179],[31,-31],[15,-84],[21,8],[-35,-324],[-49,1],[-4,-32],[36,2],[8,-73],[-9,-55],[-132,140],[-111,-157],[68,-262],[100,13],[-221,-352],[-25,-55],[-14,-86],[-111,-184],[-29,-42],[-24,-1],[-23,24],[21,-115],[20,-251],[56,-54],[53,-111],[-8,-29],[24,-49],[-61,-22],[127,-378],[33,-26],[74,-22],[21,-52],[58,-69],[70,-41],[56,-3],[384,-201],[-12,-205],[-270,-168],[-116,-185],[2,-157],[-530,-263],[-81,389],[-443,287],[-12,5]],[[84737,18387],[0,0],[0,0],[-16,0],[0,20],[-7,4]],[[84714,18411],[-1,5],[-14,2]],[[84699,18418],[-17,9],[-37,-19],[12,-78],[-11,-31],[46,-11],[18,-35],[27,9],[7,40],[-14,41]],[[84730,18343],[15,12],[-2,8]],[[84743,18363],[1,1],[-7,23]],[[78317,25314],[2,-22],[34,7],[36,-64],[-20,-64],[29,-35],[25,-302],[-134,-104],[-197,-205],[-173,-40],[-59,9],[-27,36],[-95,3],[-56,-19],[-170,192],[-13,38],[174,217],[20,52],[8,-17],[47,28],[132,201],[55,50],[16,53],[185,90],[64,-30],[7,10],[85,-78],[14,-13],[11,7]],[[78791,52089],[-1,14],[-9,13]],[[78781,52116],[-7,16],[-31,34],[-74,-10],[-48,46],[-46,-5],[-41,-48],[-24,-82],[-58,-3],[-72,-57],[-8,30],[18,35]],[[78390,52072],[-24,50]],[[78366,52122],[-14,121],[-4,8]],[[78348,52251],[-9,84]],[[78339,52335],[-1,18]],[[78338,52353],[2,7]],[[78340,52360],[25,35],[1,5]],[[78366,52400],[1,2],[1,52]],[[78368,52454],[110,75],[68,94],[85,25],[62,102],[71,66],[48,16],[41,86],[88,104],[91,62],[67,-8],[22,34],[83,53],[39,84],[102,70],[-6,208],[42,0],[4,214],[0,29],[-2,0]],[[79383,53768],[0,3],[-44,4]],[[79339,53775],[15,527],[103,-34],[11,447],[-7,272],[-10,-1],[4,365],[-405,4],[-259,-20],[2,294],[350,14],[62,9],[35,24],[56,1],[6,99],[445,-390],[169,0],[49,43],[40,-31],[73,0],[33,-46],[229,24],[22,-30],[-1,-69],[127,25],[119,80],[89,2],[77,69],[25,-11],[103,19],[80,100],[35,14],[203,65],[78,-22],[127,43],[65,-1],[61,49],[122,50],[48,6],[68,-25],[92,26],[36,78],[216,-198],[386,-9],[55,-33],[36,-65],[51,13],[51,-15],[14,15],[34,-13],[35,-80],[-20,-49],[5,-28],[52,-41],[1,-77],[62,-66],[24,24],[27,-2],[6,32],[14,6],[17,-10],[33,-84],[52,-2],[51,30],[23,58],[29,25],[40,-59],[12,-104],[38,-18],[48,44],[11,80],[20,25],[22,1],[44,-36],[44,-105],[87,-122],[45,-29],[63,16],[35,79],[20,14],[49,4],[75,-42],[46,-152],[-30,-89],[21,-131],[-16,-43],[0,-149],[31,-81],[85,-27],[36,8],[87,-22],[2,-84],[-27,-21],[9,-69],[15,-36],[40,-20],[-4,-45],[20,-76],[89,-160],[-25,-266],[-32,-60],[-124,-123],[-25,-161],[-4,-152],[-58,-38],[-55,4],[-143,82],[-34,100],[-9,221],[-39,69],[-85,16],[-50,-90],[-53,-28],[-62,21],[-73,73],[-174,-393],[72,-131],[14,-570],[-184,-64],[-62,245],[-414,34],[-31,-748],[-993,58],[-684,-712],[-837,-160],[-50,32],[-56,11]],[[79957,51096],[-281,346],[-4,-2]],[[79672,51440],[-1,1],[-179,-55]],[[79492,51386],[-187,-57],[-1,-2]],[[79304,51327],[-4,-1],[-76,-109]],[[79224,51217],[-79,-110]],[[79145,51107],[-194,-83],[12,52],[-7,287],[-33,157],[-91,303],[0,40],[-26,43],[-11,174],[-4,9]],[[83048,53848],[24,19],[73,-22],[-2,131],[-82,162],[-177,-124],[-1,-53],[-33,-4],[1,-70],[59,0],[2,-31],[61,1],[2,-62],[56,1],[17,52]],[[89399,9498],[-8,78],[19,21],[16,59],[-22,81],[30,8],[5,108],[-19,43],[-45,-14],[-32,52],[1,108],[-26,38]],[[89318,10080],[30,24]],[[89348,10104],[-8,29],[-23,9],[7,17],[-8,27]],[[89316,10186],[0,6]],[[89316,10192],[64,-17],[24,44],[47,4],[11,21],[-21,46],[9,14],[-6,33],[-24,47],[-36,27],[-2,21],[-21,10],[11,24],[-25,25],[6,86],[51,21],[118,179],[33,-99],[-35,-35],[-64,-188],[56,-280],[36,-49],[-13,-106],[17,-20],[-12,-49],[14,-23],[81,70],[17,89],[196,110],[3,50],[155,185],[87,63],[87,37],[63,-6],[117,-219],[-30,-133],[-11,-15],[-42,0],[7,-15],[-61,-33],[-2,-31],[-46,-72],[-42,-124],[-79,7],[-39,-56],[-27,-5],[-5,12],[-57,-46],[-42,15],[-15,-27],[18,-23],[-105,-88],[-51,-7],[-45,34],[-32,-3],[-12,-57],[-27,-34],[-34,16],[-21,-50],[-63,-62],[-7,18],[-91,-30]],[[90828,12203],[-53,72],[-8,47],[-60,37],[-11,7],[-33,-15],[3,-19],[-35,15],[5,24],[-30,18],[-2,-22],[-77,19],[-11,23],[-19,-15],[-32,13],[-8,-8]],[[90457,12399],[-7,0],[-80,-86]],[[90370,12313],[-15,-53],[-50,-26],[1,-22],[-47,-28],[-38,14],[4,-23],[-77,-74],[-26,-63],[-55,1],[-6,-10]],[[90061,12029],[-6,0],[-37,-78]],[[90018,11951],[-1,-21],[26,-21],[-6,-28],[21,-41],[-3,-37],[-49,-63],[18,-60],[-10,-54],[11,-44],[-18,-107],[-56,-29],[-59,-66],[25,-114],[19,-21],[-134,-74],[-14,65],[-99,-111],[-24,29],[-17,-36],[-92,-66],[-58,-154],[-134,16],[-27,-12],[-13,82],[13,46],[-29,27],[-3,21],[17,30],[-14,-3],[-10,22],[14,33],[-8,44],[31,53],[-19,20],[2,18],[-11,-4],[4,45],[-22,1],[3,23],[-17,-3],[-20,-36],[-30,41],[-58,-31],[-12,18],[-29,-1],[-14,32],[-37,17],[-8,-29],[-53,-18],[-16,111],[-35,4],[-28,22],[-36,97],[-78,62],[-12,66],[-64,42],[16,61],[-13,138],[-25,33],[-93,42]],[[88630,12028],[-33,-25]],[[88597,12003],[-16,3]],[[88581,12006],[-11,8]],[[88570,12014],[8,30]],[[88578,12044],[-9,15]],[[88569,12059],[6,2]],[[88575,12061],[29,0],[21,17]],[[88625,12078],[-23,45],[40,44],[-44,27],[7,12],[12,-12],[10,27],[1,18],[-29,7],[26,36],[3,36],[-48,0],[8,21],[41,4]],[[88629,12343],[-53,42]],[[88576,12385],[-1,2]],[[88575,12387],[41,40]],[[88616,12427],[-5,31],[-26,7],[33,41],[1,68],[10,3],[-5,77]],[[88624,12654],[14,-14]],[[88638,12640],[3,-12],[3,7]],[[88644,12635],[3,-3],[20,33]],[[88667,12665],[3,1],[-1,3]],[[88669,12669],[2,3],[-24,46]],[[88647,12718],[45,12],[55,62],[-55,171],[34,27],[20,-18],[29,60],[25,18],[7,29],[3,86],[-27,38],[2,36],[-30,31],[51,76],[-22,39],[-13,67],[-2,94],[-31,66],[12,174],[-20,65],[6,27],[292,-11],[133,12],[-92,-537],[31,-79],[319,182],[106,-314],[368,-99],[221,-25],[362,2],[280,-310]],[[90756,12699],[232,-203],[-74,-135]],[[90914,12361],[-81,-149]],[[90833,12212],[-5,-9]],[[87704,39911],[-89,-66],[-81,52],[-44,3],[-87,-102],[-72,-11],[-173,138],[-69,108],[680,2],[-3,257],[46,49],[66,134],[-87,162],[1,465],[32,43],[50,7],[-38,-94],[21,-253],[18,-19],[132,-75],[21,67],[-8,38],[19,98],[53,169],[52,-12],[-22,-25],[-15,-148],[35,-34],[-19,-80],[71,-15],[65,79],[18,-42],[-82,-129],[-32,0],[-142,-80],[-4,-187],[60,-3],[40,43],[71,2],[-30,-116],[35,-84],[103,-43],[63,88],[-2,1062],[1676,61],[814,60],[10,-178],[-18,-48],[-76,-21],[-18,-37],[-13,-155],[42,-56],[76,41],[65,-14],[17,-35],[13,-96],[-75,-138],[-69,12],[-53,58],[-39,-13],[-149,-212],[-17,-55],[-7,-97],[-41,-6],[-44,-44],[10,-193],[58,-18],[22,-43],[-56,-89],[-30,-86],[-2,-37],[12,-25],[39,-23],[9,-50],[-25,-136],[3,-67],[-38,-102],[5,-95],[29,-144],[-6,-83],[9,-31],[86,-58],[0,-64],[-75,-79],[-95,27],[-70,-17],[-36,-53],[-23,-95],[-55,-62],[-27,-7],[-29,81],[-29,12],[-17,-7],[-48,-106],[-130,-84],[-94,191],[-35,34],[-44,9],[-41,-14],[-59,-61],[-62,-18],[-65,-66],[-64,3],[-55,26],[-82,81],[-75,112],[-65,327],[-115,233],[-26,18],[-65,-58],[-37,-11],[-59,131],[-81,3],[-65,58],[-127,6],[-9,34],[20,75],[2,79],[-97,204],[-2,75],[-16,15],[-62,2],[-99,36],[-81,-121],[-30,2],[-207,155],[-25,3],[-8,-13],[21,-94],[-96,-114],[-24,-97],[-4,-151],[51,-88],[-39,-47],[-61,-16],[-71,-50],[-51,12],[-5,5]],[[87733,39562],[-30,50]],[[87703,39612],[-11,33]],[[87692,39645],[-2,14]],[[87690,39659],[29,73]],[[87719,39732],[21,34],[10,44]],[[87750,39810],[2,4],[0,3]],[[87752,39817],[1,7],[0,36]],[[87753,39860],[0,16],[-1,1],[-5,10],[-10,19],[-2,0]],[[87735,39906],[-2,3],[-29,2]],[[25328,55433],[25,-66]],[[25353,55367],[-50,-20]],[[25303,55347],[-61,70],[-3,40],[-190,152],[-155,170],[37,-12]],[[24931,55767],[20,13],[13,-51],[113,-55],[22,-53],[44,-56],[118,-123],[67,-9]],[[23890,57133],[38,-169],[23,-55]],[[23951,56909],[49,-17],[73,-114],[73,-72],[5,-27],[29,-25],[14,-61],[-9,-20]],[[24185,56573],[-145,219],[-106,101],[-57,146],[-12,123],[29,51],[8,45],[-19,115],[11,151],[-15,49]],[[23879,57573],[50,39],[-3,-94],[-16,-8],[-13,-116],[34,-122],[-19,-102],[-22,-37]],[[24540,59217],[2,2],[5,-3],[-7,1]],[[23982,60265],[58,69],[40,-35],[-26,34],[34,0],[27,-37],[-9,-25],[16,-4],[3,10]],[[24125,60277],[5,1]],[[24130,60278],[1,-9],[37,-34],[-22,-24],[29,-46],[11,13],[-16,6],[2,13],[17,11],[31,-23],[-15,-19],[9,-22],[-6,23],[17,14],[51,-68],[-23,-7]],[[24253,60106],[-4,3]],[[24249,60109],[8,27],[-26,-16],[-9,19],[-4,-24],[-16,20]],[[24202,60135],[-7,-11],[2,-2]],[[24197,60122],[-1,-2],[25,-21],[16,17],[16,-34],[28,26]],[[24281,60108],[99,-196]],[[24380,59912],[36,-46],[-17,-61],[-31,0],[3,-17],[1,-7],[3,-2]],[[24375,59779],[7,-17],[11,2]],[[24393,59764],[19,-59],[-19,-10],[22,2],[21,-55],[-17,-3],[1,-36],[26,10],[14,-77],[-19,-8],[17,-26],[1,-58],[16,-12],[-15,-2],[9,-49],[5,-16],[27,4],[13,-55],[-6,-32],[20,-39],[-7,-20],[15,-8],[-1,-56],[31,-122],[-9,-48],[10,-3],[5,-32],[-14,-16],[15,8],[16,-64],[-40,-3],[6,-23],[34,19],[6,-48],[-22,-13],[19,-18],[-23,-2],[16,-30],[-47,-82],[-42,-36],[-58,127]],[[24438,58773],[-89,81],[19,86],[3,130],[-37,325],[-46,171],[-144,396],[-15,136],[-52,24],[-95,143]],[[24554,61029],[3,-6],[-21,-140]],[[24536,60883],[-27,-45]],[[24509,60838],[-17,68],[-15,12],[-3,44],[-24,-7],[6,17],[-13,10],[3,-20],[-20,-4],[-4,13],[-29,3]],[[24393,60974],[-19,30]],[[24374,61004],[31,49],[-2,119]],[[24403,61172],[112,100]],[[24515,61272],[12,11],[-19,-25]],[[24508,61258],[-10,-13],[-6,-19]],[[24492,61226],[-27,-87]],[[24465,61139],[52,-47]],[[24517,61092],[12,-11],[15,-30]],[[24544,61051],[10,-22]],[[10143,77607],[-54,125],[-137,235],[1,45],[-27,19],[-155,246],[-125,166],[-161,305],[-3,29],[84,230],[2,100],[-13,57]],[[9555,79164],[-2,17]],[[9553,79181],[5,-5]],[[9558,79176],[43,-66],[1,-146],[-46,-123],[-44,-45],[-2,-40],[198,-328],[118,-137],[106,-187],[24,-21],[34,-64],[14,-60],[30,-17],[59,-95],[24,-3],[8,-63],[101,-151],[-20,-28],[-63,5]],[[13475,79109],[-38,-37],[-5,-32],[-28,0],[18,-45],[-40,-69]],[[13382,78926],[-1,-2],[3,-1]],[[13384,78923],[17,-6],[-2,-16],[15,7]],[[13414,78908],[-8,-18],[2,-1]],[[13408,78889],[17,-17],[-2,-10]],[[13423,78862],[-2,-9]],[[13421,78853],[-2,-11],[-34,-37],[-36,-4],[-10,-74],[-1,0]],[[13338,78727],[-26,3]],[[13312,78730],[35,-118],[0,-64],[26,-36],[8,-138]],[[13381,78374],[-6,-3]],[[13375,78371],[-5,7],[-22,-21]],[[13348,78357],[-4,-2],[-1,-3]],[[13343,78352],[-1,-1],[-12,-41]],[[13330,78310],[-31,-97]],[[13299,78213],[-3,-2]],[[13296,78211],[-41,-19]],[[13255,78192],[-61,-8],[-34,-51],[-29,-78],[-21,-2],[-45,30],[-36,-28],[8,17],[-7,-4],[-64,-126],[-16,-83],[-13,-19],[-9,15]],[[12928,77855],[-14,-83]],[[12914,77772],[-11,-31],[1,-27]],[[12904,77714],[-4,-26]],[[12900,77688],[-13,-19]],[[12887,77669],[-45,-31]],[[12842,77638],[-3,-1]],[[12839,77637],[28,29]],[[12867,77666],[-50,-6],[-645,824],[-24,154],[41,5],[13,85],[-88,29],[-13,39],[5,63],[43,94],[-2,49],[-22,4],[3,-26],[-14,-17],[-30,11],[-13,61],[-61,-37],[-17,55],[14,18],[-55,41],[-56,103],[17,20],[-64,61],[-160,543],[-19,164],[-1,137],[12,58],[51,4]],[[11732,80202],[38,-29],[1,6]],[[11771,80179],[3,-2],[7,31],[1,5],[4,4]],[[11786,80217],[30,30],[0,4]],[[11816,80251],[3,3],[-3,16],[-57,19],[24,43],[41,12],[23,-50],[41,-15],[-8,30],[36,22],[25,42]],[[11941,80373],[-16,72]],[[11925,80445],[16,-25],[14,2],[55,90]],[[12010,80512],[6,7]],[[12016,80519],[4,-3]],[[12020,80516],[23,-83]],[[12043,80433],[25,57],[43,2],[3,48],[-31,37],[-1,26],[22,4],[26,-41],[16,16],[-50,99],[21,9],[35,-47]],[[12152,80643],[35,36],[0,2]],[[12187,80681],[1,1],[-1,3]],[[12187,80685],[3,24],[-12,20]],[[12178,80729],[-2,10]],[[12176,80739],[13,13]],[[12189,80752],[17,16]],[[12206,80768],[12,-14]],[[12218,80754],[39,-57],[623,-697]],[[12880,80000],[603,-678]],[[13483,79322],[5,-34],[-35,-88]],[[13453,79200],[35,-41]],[[13488,79159],[2,-2],[-1,-5]],[[13489,79152],[-14,-43]],[[9457,79499],[19,-105],[8,-21]],[[9484,79373],[1,-4],[33,-83],[37,-42]],[[9555,79244],[7,-53]],[[9562,79191],[-18,4],[-8,41],[-40,30],[-91,266],[-139,252]],[[9266,79784],[43,5],[55,-83],[1,-30],[34,-20],[58,-157]],[[7467,83275],[87,-190],[28,-45]],[[7582,83040],[14,-28],[131,-198],[104,-123]],[[7831,82691],[25,-61]],[[7856,82630],[-24,1]],[[7832,82631],[-536,813],[-112,237],[-65,216],[-15,113],[23,-20],[-6,35],[-37,70],[-413,1388],[3,17]],[[6674,85500],[8,16]],[[6682,85516],[24,23]],[[6706,85539],[25,4],[40,-225],[51,-143],[6,-62],[52,-189],[79,-184],[53,-253],[39,-98],[3,-94],[44,-61],[41,-209],[61,-108],[12,-106],[61,-177],[49,-79],[111,-249],[34,-31]],[[640,94148],[1,-34]],[[641,94114],[-3,24],[-47,69],[49,-59]],[[45361,34123],[-6,-129],[-17,-20]],[[45338,33974],[15,-8]],[[45353,33966],[9,-65],[2,-4],[8,-12],[38,-63],[12,-12],[18,19],[48,-55],[24,-51],[39,-17],[96,-90],[126,-55],[29,22],[23,46]],[[45825,33629],[15,-9],[5,-67],[-19,-37],[-25,-13],[-62,9],[-73,40],[-252,214],[-37,53],[-45,106],[11,185]],[[45343,34110],[18,13]],[[78708,45110],[7,4]],[[78715,45114],[17,0]],[[78732,45114],[37,-34]],[[78769,45080],[12,-46],[26,-33],[8,-140],[162,1],[-4,117]],[[78973,44979],[52,-11]],[[79025,44968],[94,-85],[21,-56],[95,-46],[5,-32],[135,-240],[-64,-187],[-62,-19],[-62,-78],[-93,49],[-145,-63],[-4,123],[-16,42],[-29,21],[-33,-10],[-91,-103],[-85,-6],[-48,-24],[-90,57],[-84,23],[8,129],[-39,41],[-49,11],[-29,124],[74,55],[17,84],[257,332]],[[33004,47514],[176,-129]],[[33180,47385],[155,-211],[-294,264],[-37,76]],[[32988,47507],[-20,-13],[-212,151],[-82,86],[16,31]],[[32690,47762],[31,-12],[97,-111],[90,-47],[23,-34],[48,-14],[9,-37]],[[37196,49064],[-10,30]],[[37186,49094],[14,-5],[16,27]],[[37216,49116],[18,-29],[6,2]],[[37240,49089],[22,-5]],[[37262,49084],[20,-22],[10,-38]],[[37292,49024],[-20,-34],[-26,69],[-50,5]],[[31334,49409],[10,-66]],[[31344,49343],[-208,231]],[[31136,49574],[24,23],[11,-12]],[[31171,49585],[5,-12],[158,-164]],[[28572,52172],[2,-4],[-6,-16]],[[28568,52152],[-110,108]],[[28458,52260],[0,34],[19,-2]],[[28477,52292],[95,-120]],[[28410,52332],[4,-31]],[[28414,52301],[-73,69]],[[28341,52370],[17,22]],[[28358,52392],[9,-19],[43,-41]],[[31808,67716],[46,83],[17,4],[7,-20],[-35,-204],[9,-53],[47,-17],[26,39],[20,-7],[83,-72],[130,67],[15,2],[7,-23],[29,45],[-29,79],[-30,6],[-69,-25],[-13,48],[0,102],[77,68],[-58,125],[-7,122],[13,51],[-11,49],[37,42],[20,-21],[26,-124],[88,29],[12,-76],[-7,-43],[58,-69],[51,30],[15,-13],[54,-163],[-27,-26],[-1,-43],[72,-3],[40,-33],[34,25],[23,-150],[-7,-51],[-106,-145],[-49,-32],[-67,-90],[-32,17],[-147,-23],[-25,-38],[10,-70],[-21,-29],[-55,23],[-113,131],[-169,56],[-36,-21],[-36,-54],[5,-53],[-30,-20],[9,-23],[-32,-41],[5,-17],[37,-8],[2,-15],[-9,-24],[-44,-15],[-1,-27],[17,-19],[-31,-20],[-16,-59],[23,-20],[12,-92],[39,-63],[-47,-132],[0,-54],[28,-21],[55,-7],[-10,-43],[45,-102],[-26,-36],[11,-16],[-2,-44],[-55,-32],[28,-18],[-21,-82],[-10,-13],[-14,10],[-53,70],[-23,-18],[-5,18],[-30,11],[-8,-22],[-16,-1],[-6,-62],[-33,-17],[6,-76],[-19,-33],[6,-22],[-47,-33],[-9,33],[-15,-6],[-21,38],[-51,-29],[-71,87],[-22,-10],[-40,26],[-10,-40],[30,-33],[16,-80],[-58,8],[-37,-16],[-14,-53],[-39,-13],[-74,5],[-18,21],[-27,-22],[19,-34],[87,-69],[37,-78],[-31,-107],[-104,-52],[-39,3],[-55,-64],[-57,9],[-96,-17],[-88,101],[-27,145],[-109,63],[33,172],[-37,150],[34,104],[73,46],[9,56],[34,26],[1,16],[101,-26],[41,24],[3,27],[24,2],[30,40],[13,100],[46,8],[45,41],[28,-37],[1,555],[-681,-38],[-367,-122],[11,18],[-9,14],[6,56],[-54,36],[-35,-9],[-38,16],[-9,-29],[-29,3],[-56,64],[-60,13],[-75,-29],[-20,39],[-40,-18],[-28,14],[90,156],[-47,112],[-27,6],[-33,34],[-2,19],[-46,26],[-44,-62],[-23,28],[0,52],[-29,-9],[-31,36],[-22,-23],[-8,-53],[-27,-17],[-13,14],[-16,74],[-19,15],[-4,36],[-44,-8],[-27,15],[4,50],[-28,13],[1,31],[36,40],[12,35],[84,64],[-60,17],[-12,35],[-14,0],[3,17],[-49,6],[92,170],[-29,33],[7,63],[-15,22],[15,11],[-20,19],[26,20],[-3,54],[-27,14],[-11,28],[-47,13],[-11,18],[34,17],[16,56],[4,21],[-19,-8],[15,57],[-18,2],[6,10],[37,20],[6,22],[85,74],[30,-38],[57,1],[-3,77],[15,-20],[21,13],[40,97],[13,-7],[-3,16],[25,13],[28,-12],[-2,14],[49,16],[30,49],[82,-14],[41,44],[29,6],[-3,13],[35,14],[23,-18],[31,18],[16,-16],[34,4],[23,-26],[15,1],[4,19],[32,-28],[26,-71],[114,13],[27,23],[-23,52],[52,26],[31,53],[16,129],[39,100],[18,2],[1,32],[15,19],[-4,24],[48,5],[7,50],[28,29],[44,-78],[39,34],[41,-23],[29,-89],[31,-4],[-2,-37],[34,-41],[101,49],[88,-42],[-6,32],[36,11],[14,-33],[26,-6],[17,21],[19,-31],[-2,-92],[164,26],[16,-16],[206,11],[135,-623],[286,16],[-22,-99],[-69,-78],[-105,-74],[10,-18],[49,46],[50,6],[71,66],[7,-74],[-27,-28],[-40,-22],[-222,-29],[-30,-36],[-43,-14],[-12,-32],[0,-1]],[[31274,67993],[-2,-6],[6,4]],[[31278,67991],[6,-4],[8,15]],[[31292,68002],[69,56]],[[31361,68058],[192,22],[37,-17],[63,68],[-39,-98],[17,-12],[0,-32],[29,7],[31,-60],[-232,-53],[-36,-59]],[[31423,67824],[8,-88]],[[31431,67736],[-6,-10]],[[31425,67726],[-150,-62]],[[31275,67664],[2,-25],[54,-24],[56,20],[110,3],[107,-49],[204,127]],[[31511,67325],[26,-16],[11,19],[-37,-3]],[[31525,67162],[8,23],[-76,52],[-6,-57],[74,-18]],[[25678,75543],[-10,-14],[-40,-111]],[[25628,75418],[-68,-33],[-9,45],[-76,45],[-1,28],[-56,121]],[[25418,75624],[-114,71]],[[25304,75695],[-13,18],[9,-15]],[[25300,75698],[-11,7],[25,-32]],[[25314,75673],[19,-3],[14,-31],[45,-8],[32,-39],[-6,-49],[40,-101]],[[25458,75442],[5,-20],[4,-4]],[[25467,75418],[2,-5],[5,-2]],[[25474,75411],[15,-15],[41,-8]],[[25530,75388],[43,-58],[9,-4]],[[25582,75326],[4,-6],[56,-25]],[[25642,75295],[95,-183],[46,-171],[0,-70],[-33,-52],[-42,-17],[-57,9],[-36,30],[-63,94],[-115,63],[-60,91],[-131,83],[7,55],[-18,115],[-74,21],[-16,26],[-36,2],[-13,-12],[-9,-55],[-240,323],[-166,176],[48,92],[40,123],[64,-34],[19,-22],[3,-35],[51,9],[-4,20],[11,0],[6,-47],[-10,-34],[79,-26],[18,-23],[3,46],[26,20],[-13,27]],[[25022,75939],[0,4]],[[25022,75943],[2,1]],[[25024,75944],[69,13]],[[25093,75957],[11,0],[0,2]],[[25104,75959],[2,1],[13,45]],[[25119,76005],[9,32],[-3,-9],[-7,-17],[-46,-13],[-13,38]],[[25059,76036],[-98,-10]],[[24961,76026],[-18,4]],[[24943,76030],[-19,8]],[[24924,76038],[5,29]],[[24929,76067],[94,95]],[[25023,76162],[47,97],[64,28],[7,10]],[[25141,76297],[16,8],[49,81]],[[25206,76386],[120,77],[4,5],[58,79]],[[25388,76547],[5,81],[16,33]],[[25409,76661],[64,-3],[138,-60],[67,-460],[19,-258],[110,-226],[-25,-20],[-35,5],[-66,-88],[-3,-8]],[[7732,92729],[-98,32]],[[7634,92761],[-90,-14]],[[7075,92678],[-5,-1]],[[7070,92677],[-15,-1]],[[6983,92573],[-121,146]],[[6862,92719],[-84,23],[-12,-8]],[[6766,92734],[-30,-21],[-14,-48],[-66,-32],[-46,55],[9,33],[39,7],[19,52],[-67,31],[-142,-80],[-92,5],[-181,-111],[-114,-11],[-155,-96],[-50,171],[-62,54]],[[5814,92743],[137,172]],[[5951,92915],[-2,18],[55,-29],[66,10],[58,-18],[88,24],[47,-18],[23,21],[29,88],[67,92],[52,45],[13,56],[94,-38],[11,77],[23,28],[34,99],[55,-4],[76,59],[24,52],[69,18],[16,23],[183,13],[17,102],[24,28],[-5,74],[18,35],[4,52],[-13,28],[-51,-27],[-93,335],[-36,196],[116,93],[17,35],[61,-16],[160,127],[25,41],[221,169]],[[7497,94803],[-57,222],[-7,8]],[[7433,95033],[-4,13],[-8,-1]],[[7421,95045],[-8,8],[-50,-17]],[[7363,95036],[-163,14],[-140,-69],[-20,-58],[-91,-72],[-54,-81],[-104,-37],[-168,12],[-74,37],[-12,29],[23,90],[-31,-12],[-52,39],[-48,82],[-35,8],[-11,22],[19,38],[-38,14],[-4,18],[-62,-49],[-44,190],[-93,-8],[-69,30],[-24,-126],[-35,-3],[-66,38],[-15,-3]],[[5952,95179],[-5,2],[-17,-6]],[[5930,95175],[-21,-74],[-1,-20]],[[5908,95081],[-20,0],[-1,55],[45,114],[12,68],[-34,74],[8,33],[-35,1],[-23,23],[-26,-23]],[[5834,95426],[-73,-10],[-10,-7]],[[5751,95409],[-84,-60],[-19,20],[-27,-2],[-77,-72]],[[5544,95295],[27,157]],[[5571,95452],[145,421],[3,14]],[[5719,95887],[13,37],[-2,27]],[[5730,95951],[15,89],[48,83],[86,36],[6,17],[-22,52],[-3,2]],[[5860,96230],[-5,9],[-8,0]],[[5847,96239],[-4,3],[-69,-3],[0,35],[-23,34],[-68,2],[-9,39],[-43,68],[-105,134],[-101,32],[-61,38],[-177,238],[-172,91],[-73,55],[-12,-8],[-50,27],[-113,81],[-118,41],[-138,87],[-221,99],[-208,65],[-18,-7],[-71,43],[-64,2],[-72,31],[-288,22],[-105,139],[-42,110],[-60,45],[-105,132],[-38,26]],[[3219,97940],[22,14]],[[3348,97975],[55,5],[47,123],[57,87],[70,66],[77,38],[66,93],[174,155],[42,76],[112,3],[61,84],[48,170],[49,106],[84,80],[213,108],[30,31],[1,106]],[[4534,99306],[590,-722],[773,-884],[558,-701],[157,-167],[85,-70],[816,-874],[-1,-40],[-41,-24],[-8,-40],[81,-162],[30,-213],[50,-240],[-44,-43],[-68,-25],[-20,-34],[-24,-11],[291,-180],[47,-21],[56,2],[22,-19],[234,-870],[28,-34],[179,-977],[-66,-35],[-6,3],[-58,32],[-5,0]],[[8190,92957],[-7,3],[-25,-3]],[[8158,92957],[-23,1],[-3,-4],[-25,-31],[-46,-132],[-86,-99]],[[7975,92692],[-52,-133]],[[7923,92559],[-8,-2]],[[7915,92557],[-24,8]],[[7891,92565],[-11,10],[-1,2]],[[8032,92008],[4,-13]],[[8036,91995],[50,-250]],[[8086,91745],[25,-56],[-3,-38],[63,-290]],[[8171,91361],[6,-41],[7,-18]],[[8184,91302],[1,-8],[256,-673],[475,-902],[368,-660],[221,-467],[169,-304],[100,-247],[22,-20],[142,-281],[98,-154],[62,-131],[21,-109],[36,-95],[43,-101],[34,-39],[43,-196],[116,-281],[13,-16]],[[10404,86618],[19,-43]],[[10418,86566],[-14,-9]],[[10355,86558],[-2,0],[-9,-93]],[[10011,86340],[-3,-2],[-31,-121]],[[9791,86039],[-2,0],[14,-21]],[[9786,85817],[5,-119]],[[9780,85686],[-7,-3]],[[9764,85720],[-1,5],[-2,-7]],[[9589,85520],[-108,63]],[[9481,85583],[-10,33]],[[9471,85616],[-13,58],[-7,9]],[[9451,85683],[-1,3],[-3,2]],[[9447,85688],[-11,14],[-53,18]],[[9383,85720],[-40,-25],[-74,44],[-314,348],[-11,37],[-9,-21],[-20,22],[22,90],[67,39],[34,100],[17,-6],[25,21],[49,-8],[-8,69],[17,44],[30,26],[69,-7],[54,18],[-19,109],[-62,36],[-49,0],[-4,47],[-41,54],[-7,43],[12,25],[-26,57],[8,22],[-10,20],[-37,-1],[-59,-46],[-42,-18],[-29,6],[-97,-46],[-131,-83],[-17,-48],[-25,-22],[-85,-41],[-10,29],[-30,-6],[-4,71],[20,22],[-2,82],[-34,54],[-42,2],[-14,21],[-2,37],[-15,12],[-153,383],[-24,32],[7,27],[-23,41],[-7,55],[-80,128],[18,41],[-24,31],[-1,35],[-14,17],[14,27],[32,15],[-8,15],[29,18],[-2,18],[29,-14],[-12,35],[14,33],[5,127],[-18,134],[22,104],[-5,153],[-17,115],[25,45],[-16,45],[13,5],[10,70],[-4,66],[61,26],[19,44],[33,1],[12,21],[-4,92],[-15,32],[-70,-36],[-1,28],[-21,-12],[-3,-28],[-58,0],[-75,-44],[-98,37],[-47,-65],[-22,-7],[-172,1],[80,127],[6,42],[29,45],[-11,39],[37,12],[9,38],[61,17],[66,133],[63,73],[86,156],[114,153],[72,127],[11,232],[-49,1],[-78,-48],[-43,38],[-16,-64],[-48,-47],[-61,-32],[-21,51],[-77,-19],[-66,67],[-38,-15],[-26,46],[-56,-21],[-68,83],[-10,-3],[2,-39],[-21,-35],[-58,6],[2,654],[-8,92],[-35,60],[39,48],[6,425],[-3,23],[-23,-1]],[[7654,91304],[1,26],[-18,40]],[[7637,91370],[-4,13],[-24,50]],[[35765,51485],[12,-7],[41,19]],[[35818,51497],[44,-34]],[[35862,51463],[61,-70],[-29,-124],[12,-51],[-7,-34]],[[35899,51184],[43,-74],[1,5]],[[35943,51115],[6,-8],[2,43],[20,-23],[86,59],[31,-47],[84,-23],[-11,-68],[74,-95],[37,-20],[34,-71],[100,-105],[113,-214],[47,-18],[201,-280],[128,-75],[1,21],[42,31],[23,-22],[26,49],[25,3],[28,-50],[16,-4],[75,52],[27,-53],[26,-1],[-12,-93],[13,-22],[16,-13],[16,50],[31,31],[14,-15],[-7,-20],[57,-19],[12,-26],[-23,-53],[10,-16],[28,0],[77,69],[24,1],[1,19],[26,3],[-6,39],[14,6],[58,-23],[17,-41],[24,-11],[-3,-31],[19,-13],[56,-2],[13,25],[41,-33],[72,101],[90,-23],[-2,16],[48,72],[39,36],[20,107],[21,20],[47,0],[6,41],[41,-1],[31,-27],[40,10],[17,-18],[41,32]],[[38211,50374],[17,-3]],[[38228,50371],[12,-2]],[[38240,50369],[33,-58],[5,-2]],[[38278,50309],[3,-5],[43,-16],[58,28],[35,-3],[18,-22],[40,16],[14,-21],[26,33],[70,2]],[[38585,50321],[18,-61],[84,-79],[35,-110],[12,-87],[33,-44],[9,-36],[59,-64],[60,-31],[42,-54],[-12,-82],[-66,-84],[44,-62],[-34,-73],[17,-60]],[[38886,49394],[-29,3],[-12,46],[-18,4],[-10,-26],[-27,6],[-25,32],[-4,36],[-61,8],[-57,67]],[[38643,49570],[34,210],[-520,235],[-277,69],[-183,-308],[0,0]],[[37697,49776],[-11,1]],[[37686,49777],[-14,12],[-7,-9]],[[37665,49780],[-10,1],[-60,-86]],[[37595,49695],[-16,0],[-24,40],[-40,-32],[13,-80],[-38,-52],[5,-95],[-18,-11],[2,-27],[-14,0],[-15,-30],[-31,66],[30,58],[-21,36],[-31,-30],[-25,15],[-46,-11],[-50,-74],[-29,12],[-47,-18],[-48,-59],[-57,4],[-25,-20],[-26,-68],[-56,42],[-67,-51],[-15,38],[-98,77],[-2,77],[-45,102],[16,52],[-4,34],[-73,129],[-35,40],[-74,31],[-89,89],[-49,-26],[-32,35],[-32,139],[11,54],[-77,102],[-41,130],[-102,49],[-44,-24],[-24,22],[-36,-17],[-78,75],[-25,1],[-52,-126],[11,-50],[-110,-43],[-97,-98],[-25,28],[-35,3],[-18,56],[-100,86],[13,53],[-112,76],[-169,199],[-17,-3],[-81,82],[-13,50],[54,116],[-5,54],[52,166],[7,98],[64,154],[-29,1],[35,61],[-9,45],[12,42],[-36,35],[-30,-9],[-65,53],[-202,235],[-59,44],[-39,-7],[-156,111],[-104,33],[-126,73],[-20,-18],[-23,8],[-171,87],[-75,117],[-1,35],[-47,98],[-11,166],[-24,90],[-38,85],[-41,40],[-115,7],[-129,-82],[-18,13],[-28,-26],[-11,16],[12,25],[-21,69],[-35,-16],[25,67],[-10,134],[-36,12],[-1,-31],[19,-13],[0,-21],[-29,-23],[-17,-9],[-77,35],[-27,-52],[-21,3],[4,39],[-23,40],[-19,10],[12,-26],[-25,6],[-11,31],[-1,-26],[-20,10],[-16,34],[19,35],[-18,41],[-17,3],[-21,72],[-19,-2],[0,39],[-20,37],[-66,54],[37,59],[-18,5],[-46,75],[13,19],[-16,50],[12,35],[-19,25],[28,27],[7,45],[47,104],[66,35],[-14,58],[-33,16],[-79,150],[-27,16],[-69,92],[1,120],[-20,114],[46,-33],[-41,78],[-39,149],[-41,32],[-50,-39],[-12,-33],[-18,12],[-12,-16],[-48,-1],[-6,-15],[-5,17],[-18,1],[-18,49],[9,36],[-10,49],[-65,143],[-26,8],[-56,125],[26,102],[-23,145],[-36,61],[-40,2],[-43,67],[6,42],[-203,4],[-30,16],[-39,-14],[-309,15],[-3,-18],[-15,2],[-2,-34],[-22,-2],[-50,44],[5,105],[-68,29],[44,100],[-1,36],[-44,39],[-43,-48],[-42,-7],[-64,63],[-45,-5],[-11,28],[-49,32],[-5,23],[-67,-12],[-54,25],[0,0],[-23,-6],[-61,-205],[-33,-17],[-87,-171],[-117,-103],[1,-47],[-42,-84]],[[31192,55164],[-6,-8]],[[31186,55156],[-37,5],[-47,-28],[-45,17],[-15,37],[-36,7],[-45,70],[-89,59],[-35,-15],[-29,38],[4,29],[-61,-13],[-26,14],[-85,110],[49,41],[23,50],[97,125],[49,116],[67,28],[21,32],[45,-11],[50,35],[24,-38],[33,4],[83,132],[38,13],[26,41],[74,-25],[41,18],[-2,34],[-34,4],[-13,25],[3,91]],[[31314,56201],[-22,38]],[[31292,56239],[1,7],[-2,-5]],[[31291,56241],[-3,6],[-2,-21]],[[31286,56226],[0,-1],[0,0],[23,-25],[-8,-78],[17,-41],[34,-6],[-6,-32],[-102,18],[-28,-41],[-40,-15],[-80,-130],[-29,-4],[-27,39],[-50,-35],[-46,10],[-21,-32],[-68,-29],[-50,-118],[-97,-124],[-22,-49],[-49,-40]],[[30637,55493],[-34,64]],[[30603,55557],[12,37],[-12,77],[-65,17],[-85,59],[-42,9],[-15,80],[-13,-3],[4,57],[30,39],[30,11],[54,74],[-103,41],[-115,91],[-38,93],[-21,-2],[-26,-64]],[[30198,56173],[-7,-6]],[[30191,56167],[-45,-14],[-43,52],[10,25],[-12,27]],[[30101,56257],[19,59]],[[30120,56316],[-37,24],[6,20],[-18,2],[-2,19],[-36,1],[0,1]],[[30033,56383],[-12,55]],[[30021,56438],[-48,44],[-37,90],[-45,28],[-124,34],[-50,61],[-12,65],[-32,63],[-55,14],[10,67],[-28,68],[5,50],[-23,24],[-5,73],[-32,3],[0,1],[-2,3],[-7,13],[-8,37]],[[29528,57176],[-4,18]],[[29524,57194],[-1,6],[13,31],[-18,40],[-4,40]],[[29514,57311],[-1,13]],[[29513,57324],[-1,4],[19,89],[-5,22],[0,1],[2,0]],[[29528,57440],[21,3],[5,14]],[[29554,57457],[1,2]],[[29555,57459],[1,2],[-26,66]],[[29530,57527],[72,142],[-15,57],[-29,9],[9,62],[-32,42],[59,46],[20,37],[2,52],[44,-13],[85,167],[30,-34],[33,85]],[[29808,58179],[1,1],[-23,44]],[[29786,58224],[6,26],[-110,77],[0,5]],[[29682,58332],[0,26]],[[29682,58358],[1,20],[-2,8]],[[29681,58386],[0,13],[-27,100]],[[29654,58499],[40,58],[11,87],[-25,126],[-31,5],[-11,43],[15,96],[119,53],[61,2],[40,44],[71,146],[29,11],[48,-27]],[[30021,59143],[48,-42]],[[30069,59101],[15,-21]],[[30084,59080],[111,-236]],[[30195,58844],[18,-114],[9,-14]],[[30222,58716],[4,-20],[57,-76]],[[30283,58620],[23,-109],[68,-48],[60,-2],[37,-20],[70,-77],[136,-259],[25,-127],[-9,-196],[8,-115],[22,-90],[89,-85],[10,-32],[80,-27],[40,-58],[87,-78],[96,-38],[149,-101],[41,-109],[44,-52],[41,-129],[62,-39],[115,-151],[18,-85],[-11,-80],[-24,-31],[-50,-17],[-43,39],[-27,-11],[7,-78],[29,-60],[20,-119],[25,-48],[47,-50],[181,-99],[55,-70],[116,-15],[112,-50],[169,-14],[122,-60],[174,-189]],[[32497,55641],[129,-85]],[[32626,55556],[94,-121]],[[32720,55435],[129,-236],[107,-137]],[[32997,54957],[185,-331]],[[28323,61925],[54,66],[27,104],[140,294]],[[28544,62389],[16,62]],[[28619,62567],[7,15],[8,38]],[[28634,62620],[16,51]],[[28650,62671],[10,17]],[[28660,62688],[147,117]],[[28807,62805],[37,-25],[32,0],[27,39],[101,61],[48,48],[-13,83],[9,7],[30,-22],[42,-104],[20,-2],[91,72],[9,82]],[[29240,63044],[16,34]],[[29256,63078],[4,5]],[[29260,63083],[56,21]],[[29316,63104],[40,12]],[[29356,63116],[20,-1016],[-70,-134],[-13,-62],[30,-371],[10,-24],[6,-326],[-30,-90],[-31,-19],[-101,-9]],[[29177,61065],[-96,168]],[[29081,61233],[-52,138],[0,12]],[[29029,61383],[-4,124]],[[29025,61507],[-83,-36]],[[13241,83277],[0,0],[-40,122],[-6,68],[-66,97],[-22,123],[-67,167],[-12,-24],[-60,-6],[-27,-59],[-83,13],[-142,-121],[-95,-22],[-39,49],[-32,-11],[-37,13],[-20,-19],[18,123],[-400,-3],[-121,46],[-138,28],[-358,-64],[-157,11],[-83,-14],[-191,11],[-245,-16],[-59,20],[-151,8],[-18,-18],[-7,-68],[-41,21],[-25,-30],[-72,-9],[-526,36],[-352,0]],[[9567,83749],[-27,-57]],[[9540,83692],[-12,-7]],[[9528,83685],[-15,-4]],[[9513,83681],[-23,10]],[[9490,83691],[-24,16]],[[9466,83707],[37,20],[6,37],[47,50],[-2,6]],[[9554,83820],[3,4],[-44,94]],[[9513,83918],[-8,67],[-3,3]],[[9502,83988],[-1,4],[-9,3]],[[9492,83995],[-20,14],[-20,0]],[[9452,84009],[-3,1],[-2,-2]],[[9447,84008],[-6,0],[-53,-39]],[[9388,83969],[-28,-18]],[[9360,83951],[-15,-2]],[[9345,83949],[-18,10]],[[9327,83959],[-34,84]],[[9293,84043],[-19,56]],[[9274,84099],[-29,412]],[[9245,84511],[-26,162],[134,208]],[[9353,84881],[37,77]],[[9390,84958],[2,3]],[[10971,84894],[5,1],[-2,5]],[[11012,85906],[-1,5],[-5,2]],[[10947,85976],[-102,140]],[[10845,86116],[7,76]],[[10852,86192],[39,14]],[[10891,86206],[1,22],[220,135],[21,29],[32,129],[77,-17],[86,125],[18,70],[94,52],[38,77],[-15,39],[16,31],[23,-36],[41,-21],[23,-46],[34,23],[15,-34],[50,2],[75,-78],[74,29],[136,-14],[10,-17],[150,15],[189,-40],[83,-70],[7,-42],[15,-17],[51,5],[53,-31],[48,26],[26,-93],[-3,-47],[43,25],[57,-7],[93,-62],[51,-4],[17,-55],[9,-107],[30,-23],[-4,-24],[19,-32],[-1,-75],[110,-51]],[[13003,85997],[6,-7]],[[13009,85990],[11,-42],[23,-9],[-19,-77],[16,10],[17,-26],[-4,-150],[20,-62]],[[13073,85634],[-9,-24]],[[13064,85610],[-73,-39],[14,-130],[-24,-50],[0,-1],[13,-72]],[[12994,85318],[-17,-101],[2,-3]],[[12979,85214],[-1,-7],[22,-32],[-1,-50],[20,-13],[8,-32],[-32,-21],[-1,-1],[-21,-42],[4,-55],[-38,-55],[20,-37],[19,0],[16,-50],[48,-14],[20,-43],[29,-9],[15,-31],[63,-16],[62,-57],[35,-61],[47,-3],[61,-45],[2,-21],[44,-23],[-16,-41],[25,-53],[57,-5],[57,-36],[40,-86],[33,12],[54,-21],[21,-27],[6,-72]],[[13697,84167],[15,-26],[2,0]],[[13714,84141],[1,-2],[2,3]],[[13717,84142],[9,4],[13,45]],[[13739,84191],[22,14],[-12,43],[7,32],[72,-68],[12,-68],[36,-8],[31,17],[1,-45],[23,-19],[23,4],[-11,100],[12,24],[16,2],[16,-78],[15,-22],[23,0],[11,21],[37,-51],[77,-27],[25,24],[105,-82],[62,102],[-7,20],[53,87],[7,34],[93,133],[125,50],[50,-6],[86,-22],[70,-53],[72,-20],[86,4],[37,-66],[177,-144],[43,-14],[41,-68],[45,-38],[7,-29],[64,-49],[142,-69],[62,26],[66,-2],[13,24],[19,3],[30,-73],[50,-40],[221,-90],[61,-4],[85,-66],[21,6],[-16,-145],[-88,-132],[-21,-63],[29,-77],[47,-41],[41,-64],[19,-64],[-3,-39],[-41,-47],[-30,-10],[-116,-141],[131,7],[39,-149],[10,-139],[-26,-42],[0,-50],[-38,-133],[2,-38],[39,-51],[22,-65],[-6,-141],[70,-31],[14,-48],[53,-15],[19,-33],[81,-28],[76,-92],[116,-64],[73,-67],[73,-33],[24,0]],[[16754,81605],[11,-4],[70,4]],[[16835,81605],[25,19]],[[16860,81624],[-25,-522]],[[16835,81102],[8,-19],[-16,-80],[2,-4]],[[16829,80999],[-1,-6],[3,-4]],[[16831,80989],[5,-14],[58,-51]],[[16894,80924],[11,-11]],[[16905,80913],[-35,-60],[-1,-69],[24,-51],[-30,-94],[16,-30],[-11,-58],[35,-3],[4,-23],[21,-16],[-18,-114],[42,-24],[4,-25]],[[16956,80346],[23,-7]],[[16979,80339],[-9,-10]],[[16970,80329],[-11,-6],[3,-2]],[[16962,80321],[-2,-2],[41,-30],[-2,-17],[-25,0],[24,-51],[23,-23],[203,-407],[119,-154]],[[17343,79637],[65,-119]],[[17408,79518],[20,-49]],[[17428,79469],[6,-31]],[[17434,79438],[-2,-55],[34,-96],[54,-18],[21,-64],[25,11],[11,28],[18,-1],[15,-72]],[[17610,79171],[22,-6],[2,1]],[[17634,79166],[4,-1],[-1,3]],[[17637,79168],[5,4],[-18,22]],[[17624,79194],[25,51],[63,-29],[1,76],[-50,57],[35,318],[-9,41],[-53,33],[-29,-3],[-35,33],[-18,-20],[1,-34],[-20,29],[-26,147],[10,21],[-6,67],[-101,-2],[24,84],[-27,80],[76,114],[2,74],[-20,53],[-66,-5],[9,67],[-16,46],[-61,-2],[-15,15],[10,53]],[[17328,80558],[20,11],[-1,2]],[[17347,80571],[2,1],[-11,13]],[[17338,80585],[-13,19]],[[17325,80604],[7,32],[4,16],[26,42]],[[17362,80694],[-10,40]],[[17352,80734],[77,-38],[25,-43],[34,6],[4,44],[15,14],[19,-18],[33,1]],[[17559,80700],[16,-41],[6,0]],[[17581,80659],[4,-7],[40,12],[38,-56]],[[17663,80608],[8,-36]],[[17671,80572],[16,-7],[-6,-27],[-17,-1],[-2,-19],[-9,8],[-31,-43],[-13,-54],[20,-47],[2,-71],[20,-35],[35,-1],[-53,-115],[12,-26],[-4,-31],[4,-3]],[[17645,80100],[0,-9],[90,-87]],[[17735,80004],[2,-40],[73,-30],[96,-110],[0,-17],[48,-46]],[[17954,79761],[7,-13],[49,-39]],[[18010,79709],[14,-13],[13,-9]],[[18037,79687],[58,-45],[94,-51]],[[18189,79591],[107,-68],[166,-82]],[[18462,79441],[21,-20]],[[18483,79421],[78,-91]],[[18561,79330],[4,-8],[6,-3]],[[18571,79319],[8,-10],[12,-1]],[[18591,79308],[7,-4],[52,0]],[[18650,79304],[33,60],[25,9],[49,-26],[45,0],[7,38],[13,7],[23,-40],[18,6],[3,-26],[23,-6],[20,35],[0,29],[29,21],[-1,32],[58,69],[9,7],[31,-33],[46,1],[52,-253],[49,-77],[-13,-39],[27,-46],[9,-90],[50,-95],[18,2]],[[19273,78889],[72,-71],[1,1]],[[19346,78819],[3,-2],[59,36],[103,-8]],[[19511,78845],[3,-6]],[[19514,78839],[1,-59]],[[19515,78780],[-3,-27],[3,2]],[[19515,78755],[0,-3],[45,38]],[[19560,78790],[49,-11],[6,8]],[[19615,78787],[4,-1],[1,6]],[[19620,78792],[8,11],[6,76]],[[19634,78879],[49,43],[27,-72],[31,-36],[71,9],[35,-17],[31,18],[57,-38],[28,-42],[72,-5],[54,-33],[44,9],[36,-43],[23,-77],[34,-49],[31,-23],[41,-4],[41,-74],[32,-15],[24,-61],[2,-67],[86,-61],[29,42],[22,-3],[37,-10]],[[20571,78270],[96,-56]],[[20667,78214],[46,0],[22,-26],[70,-2],[78,30],[75,-43]],[[20958,78173],[19,-68]],[[20977,78105],[79,-99]],[[21056,78006],[31,-72],[0,-121],[-17,-11],[-12,-299],[-44,-31],[4,-21],[-17,-8],[17,-17],[-5,-19]],[[21013,77407],[-4,-4]],[[21009,77403],[-101,16],[-105,59],[-57,9],[-78,40],[-5,0]],[[20663,77527],[-4,2],[-57,-6]],[[20602,77523],[-25,16],[-10,-24],[-39,1],[-51,-76],[-48,3],[1,-124],[-30,-179],[30,-19],[-48,-26],[-2,-18],[9,-9],[-5,-30],[23,-39],[10,-208],[23,-58],[-21,-74],[43,-12],[7,-73],[-21,-97],[27,-54],[-16,-125],[90,-94],[-6,-53],[35,-43],[5,-43],[58,-56],[5,-42],[-11,-17],[71,-144],[63,20],[13,27],[50,35],[12,-17]],[[20844,75871],[5,-92]],[[20849,75779],[-58,22],[-52,-124],[-81,-49],[-15,-33],[-15,4],[0,32],[-45,2]],[[20583,75633],[0,0],[-9,4]],[[20574,75637],[4,7]],[[20578,75644],[94,87],[20,52],[-7,13],[-5,-4]],[[20680,75792],[-3,2],[-2,-5]],[[20675,75789],[-10,-6],[-8,-38],[-108,-89],[-16,-49],[13,-31],[-46,-7],[4,-37],[-35,-4],[-17,-28],[-30,15],[-26,-40],[-1,0]],[[20395,75475],[-40,13]],[[20355,75488],[-32,-35],[-1,3]],[[20322,75456],[-4,39]],[[20318,75495],[-10,2],[-24,-62],[-26,47],[-35,-16],[-28,-39],[-12,-100],[-43,-7],[-11,-60],[-66,-25],[9,32],[-8,11],[-63,-59],[-26,26],[-7,-34],[-36,-1],[-31,-84]],[[19901,75126],[-3,2]],[[19898,75128],[-9,23]],[[19889,75151],[-121,114]],[[19768,75265],[18,62]],[[19786,75327],[48,45]],[[19834,75372],[33,7],[13,31],[60,-12],[21,53],[89,46],[36,59],[52,42],[-22,15],[-30,-14],[-52,-82],[-92,-46],[-18,-50],[-62,19],[-7,-23],[-23,-2],[-63,-62]],[[19769,75353],[-23,-66],[-40,34]],[[19706,75321],[-76,116]],[[19630,75437],[1,1],[-5,5],[-1,1],[-5,11]],[[19620,75455],[-22,50],[-73,88]],[[19525,75593],[0,0],[35,74],[52,44]],[[19612,75711],[53,-85]],[[19665,75626],[-12,-68],[21,-20],[-9,-20],[10,-16],[25,19],[-29,47],[13,43],[-19,56],[-39,54],[45,51],[159,-14],[127,101],[34,4],[116,-125],[11,-6],[16,22],[-96,122],[-49,25],[-37,-9],[-45,-53],[-28,-4],[-47,-45],[-174,12]],[[19658,75802],[-110,-115],[-9,-19]],[[19539,75668],[-28,-31]],[[19511,75637],[-15,-8]],[[19496,75629],[-176,288]],[[19320,75917],[32,42],[76,23],[82,139],[122,93],[12,25],[52,24],[18,28],[-6,35],[87,79],[-6,21],[-25,-5],[-46,-60],[-36,-15],[-1,-61],[-57,-16],[-98,-73],[-75,-85],[-10,96],[-28,74],[-12,137],[54,98],[6,114],[28,64],[-20,70],[15,82],[-64,11],[-30,69],[-58,35]],[[19332,76961],[-6,60],[-2,1]],[[19324,77022],[-1,6],[-18,5],[2,-106],[15,-22],[35,10],[30,-30],[9,-54],[54,-18],[-19,-268],[-41,-49],[-15,-44],[33,-360],[-40,-75]],[[19368,76017],[-36,-14]],[[19332,76003],[-7,121],[-15,28],[-76,44],[-22,117],[-78,66],[-24,56],[-6,1]],[[19104,76436],[-4,8],[-1,-7]],[[19099,76437],[-7,2],[0,-37],[-78,21],[-48,122],[-78,64],[-47,80],[-89,26]],[[18752,76715],[-45,52],[-5,1]],[[18702,76768],[-4,4],[-13,-2]],[[18685,76770],[-7,2],[-2,1]],[[18676,76773],[-59,45],[-65,71],[-25,67],[-56,44],[-157,244]],[[18314,77244],[28,28]],[[18342,77272],[59,8],[11,7]],[[18412,77287],[6,1],[14,11]],[[18432,77299],[64,41],[15,15],[-1,5]],[[18510,77360],[2,2],[-3,14],[-22,0]],[[18487,77376],[-95,-62]],[[18392,77314],[-59,-11],[-34,-27],[0,0]],[[18299,77276],[-2,2],[-86,115]],[[18211,77393],[1,1],[-90,128],[38,60],[87,213],[-12,57],[22,195],[-34,52],[36,20],[36,-5],[22,-69],[2,55],[33,5],[93,104],[-28,59],[8,30],[44,11],[-36,150],[-21,25],[-49,161],[-29,5],[-42,68],[-56,41],[-2,1],[-86,20],[-136,-15],[-24,-12]],[[17988,78753],[-22,-4],[-34,-20],[-1,-3]],[[17931,78726],[-1,0],[-2,-8]],[[17928,78718],[-19,-47],[0,-9]],[[17909,78662],[-3,-11],[4,-35]],[[17910,78616],[2,-103]],[[17912,78513],[-34,-4],[-33,62],[-20,-15],[-53,7],[-62,40],[-15,-53],[-58,-50],[-133,87],[-238,195],[-72,31],[-297,49],[-42,28],[-138,-6],[-182,35],[-187,-6],[-53,22],[-163,-14],[-76,26],[-388,49],[-155,148],[-29,-26],[7,22],[-15,27],[-115,41],[-18,17],[-4,35],[-88,42],[-28,48],[-48,14],[-12,45],[-74,100],[-59,39],[-13,31],[-113,-12],[-96,17],[-41,-17],[-65,26],[-23,54],[-17,10],[-121,-93],[-68,-147],[-34,22],[-61,-12],[-64,24],[-86,-44],[-65,27],[-1,0],[-10,-1],[-29,-1],[-2,-2]],[[14121,79430],[-3,0],[-102,-140]],[[14016,79290],[-25,-2]],[[13991,79288],[-25,-74]],[[13966,79214],[-26,-45]],[[13940,79169],[-27,-39]],[[13913,79130],[-139,-132],[-2,-1]],[[13772,78997],[-289,325]],[[12880,80000],[1,4],[6,15],[29,-10],[43,40],[-22,49],[24,37],[5,64],[15,11],[16,-52],[16,2],[398,-547],[59,2],[13,-29],[34,18],[9,-23],[-7,-75],[18,-28],[93,-65],[95,67],[49,5],[36,-18],[19,-43],[3,-61],[88,-60],[13,-43],[16,-3],[13,59],[-108,73],[-1,84],[-28,58],[18,48],[20,-37],[14,2],[-6,36],[-20,20],[11,22],[32,-30],[114,-27],[41,8],[-10,36],[-5,-19],[-80,43],[-44,-5],[23,11],[-4,32],[12,17],[-24,41],[2,55],[18,121],[24,-5],[3,154],[-36,3],[-40,55],[-224,182]],[[13664,80294],[-112,182]],[[13552,80476],[0,19]],[[13552,80495],[4,201]],[[13556,80696],[75,185],[78,148],[53,34]],[[13762,81063],[115,241]],[[46064,36730],[-4,29],[-37,62]],[[46023,36821],[14,35],[40,18],[-20,7],[-32,-27],[-3,-30]],[[46022,36824],[-8,9],[-172,329]],[[45573,37715],[-183,340]],[[45333,38170],[-10,44]],[[45323,38214],[66,96],[17,-6],[9,59],[45,13],[35,44],[20,4],[-10,45],[-80,142],[-36,26],[-22,50],[-15,-38],[-31,7],[-68,-46],[-16,-32],[-36,4],[-42,-70],[-44,0],[-35,-26],[-55,9],[-75,-95],[-8,20],[-53,-22],[18,-31],[-12,-25],[4,-56],[-44,-29],[19,-83],[-214,223],[-24,9],[-43,-19],[-40,81],[-32,1],[-55,50],[30,53],[4,64],[23,75],[8,118],[-12,61],[56,124],[-2,106],[61,114],[-7,168],[39,73],[14,105],[-17,43],[-18,138],[4,76],[-52,135],[6,98],[-15,101],[102,22],[67,-10],[56,243],[1,79],[-13,44],[-37,35],[-2,37],[-34,-10],[-26,58],[-69,19],[-57,-58],[-11,25],[15,124],[-7,64],[16,74],[65,80],[13,44],[26,30],[27,104],[-14,29],[31,38],[63,25],[104,232],[94,41],[21,67],[111,121],[42,124],[61,20],[4,47],[26,48],[57,33],[127,145],[49,15],[18,47],[69,51],[6,52],[122,123]],[[45711,42433],[211,-146]],[[45922,42287],[123,-188],[49,-144],[35,-27],[8,30]],[[46137,41958],[124,-143],[-8,-7],[58,-27]],[[46311,41781],[-15,-68],[-110,-182]],[[46186,41531],[-32,-47]],[[46154,41484],[-33,-17],[-1,-5]],[[46120,41462],[-41,-19]],[[46079,41443],[-149,-190],[-152,-142],[-21,-54],[-118,-162],[-14,4],[4,-25]],[[45629,40874],[-76,-113],[-31,-63]],[[45522,40698],[-25,-42],[-17,-46]],[[45480,40610],[-15,-30],[-49,-139]],[[45416,40441],[-31,-83],[-5,-19]],[[45380,40339],[-9,-25],[-32,-140]],[[45339,40174],[-36,-84],[3,-31],[-52,-105],[-2,-89],[49,20],[29,-79],[7,-78],[-39,93],[-13,5],[4,-34],[-14,-25],[63,-315],[38,-30],[56,13],[57,-105],[54,-62],[67,-167],[90,-163],[43,-53],[103,-212],[117,-119],[42,-98],[44,-41],[12,-79],[32,-49],[78,-222],[129,-207],[86,-177],[104,-302],[53,-81],[56,-19],[28,-31],[-9,-60],[42,-131],[-8,-53],[19,-41],[0,-41],[55,-85],[637,93],[141,6],[179,166],[115,3],[106,-21],[78,36],[103,-14],[106,-39],[6,28],[27,0],[35,79],[-40,72],[14,20],[-4,57],[14,58],[87,0],[-7,36],[18,31],[1,34],[-11,29],[-12,-13],[-25,21],[-5,79],[33,35],[-20,29],[-20,116],[63,89],[18,72],[-6,40],[43,-12],[28,30],[15,59],[45,31],[10,-13],[40,60],[20,-23],[60,63],[23,3],[34,80],[58,-106],[-6,-146],[11,-18],[51,-1],[12,24],[33,9],[-77,-138],[9,-75],[-18,-11],[5,-53],[-26,-69],[-7,-75],[15,-8],[46,-106],[-58,-40],[37,-56],[18,-75],[-7,-48],[15,-18],[46,-43],[171,-77],[-16,-30],[-111,-22],[65,-337],[33,-83],[36,-159],[79,-610],[43,-488],[18,-31],[-9,-86],[25,-118],[5,-148],[21,-79],[33,-392],[16,-51],[-6,-103],[-56,-64],[47,-81],[40,-143],[46,-106],[32,-131],[72,-185],[-25,-15],[-14,-33],[-44,-8],[-31,-43],[-36,-5],[0,29],[-12,5],[-40,-130],[-42,-61],[-45,-12],[-5,-126],[-70,-108],[1,-48],[-19,-39],[10,-57]],[[49044,33029],[-15,22]],[[49029,33051],[-22,109],[-21,50]],[[48986,33210],[-6,19]],[[48980,33229],[4,132]],[[48984,33361],[-23,68],[-12,156],[-69,117],[16,49],[32,20],[3,21],[-4,99],[-20,53],[48,137],[-13,64],[20,9],[-8,14],[24,59],[49,-29],[53,1],[64,-47],[18,-48],[-30,1],[-8,-17],[68,-14],[-18,-37],[25,-22],[26,95],[-18,15],[-26,-13],[-33,66],[51,-24],[21,56],[-13,13],[-29,-28],[-21,7],[7,131],[23,50],[30,23],[8,43],[-66,84],[-25,78],[3,32],[-23,-3],[-9,-36],[-15,5],[-14,60],[-31,-26],[17,-57],[-32,-8],[-5,-38],[-64,-26],[8,-24],[18,1],[-24,-72],[6,-10],[21,20],[27,67],[-9,-57],[11,-8],[40,103],[33,30],[40,-19],[-32,-59],[12,-33],[34,44],[16,-43],[22,8],[32,-16],[-5,-19],[-35,-19],[-31,-96],[-49,-37],[8,-17],[36,32],[14,-13],[-22,-93],[-73,47],[-32,-12],[-58,26],[-37,-81],[-5,68],[-44,116],[-25,19],[-1,223],[26,48],[34,7],[40,44],[48,86],[42,43],[1,31],[-157,1334],[-111,695],[-225,10],[-65,-18],[-36,-45],[-96,62],[-23,-8],[-6,-36],[-32,-45],[-49,-35],[-6,-58],[-49,-35],[-13,-66],[-61,-40],[-66,-105],[-56,-177],[-9,-74],[25,-120],[-143,-488],[-59,-123],[-359,54],[19,49],[-7,71],[29,122],[-7,29],[52,31],[73,-12],[28,34],[15,253],[-9,30],[13,37],[-19,66],[-41,-10],[-45,-45],[-47,26],[-117,-91],[-53,54],[-89,48],[-35,-10],[-2,-50],[-69,-80],[-49,-178],[-24,-35],[1,-69],[-28,-27],[-35,18],[-12,-18],[-4,-32],[28,-56],[-28,-36],[-13,-44],[-147,26],[-78,-7],[-138,36],[-49,31],[-51,-4],[0,80],[33,120],[-4,120],[32,74],[-7,62],[21,0],[47,-91],[39,-4],[35,-46],[19,14],[11,124],[23,-29],[11,20],[-5,32],[-21,17],[-9,124],[12,48],[63,38],[12,27],[-17,11],[-79,-54],[-15,-88],[11,-98],[-12,-36],[11,-29],[-10,-91],[-45,63],[-24,-14],[11,40],[-55,81],[-27,-7],[-31,69],[-4,-31],[21,-42],[-17,-109],[-24,-52],[12,-135],[-46,-152],[-2,-57],[-81,-3],[-91,60],[-153,149],[-129,73]],[[39355,47556],[-10,-5]],[[39345,47551],[-82,126],[-50,120],[-32,-27],[-63,27],[-24,56],[-22,10],[-15,47],[-52,6],[-55,46],[-21,88],[-25,-11],[-24,20],[-44,-15],[-12,22],[-15,-42],[-51,30],[-55,-76],[-29,3],[-36,16],[-9,75],[-35,28],[-6,-71],[-19,-40],[6,-20],[-37,-72],[-58,-27],[-61,17],[-40,-42],[-6,-104],[-13,-25],[-63,35],[-21,-32]],[[38276,47719],[-31,9]],[[38245,47728],[7,0],[-24,38],[38,17],[-28,5],[-13,26],[-65,-37],[-24,-62],[-39,-7],[-9,-63],[40,-46],[5,-168],[4,23]],[[38137,47454],[-1,-29]],[[38136,47425],[9,2],[31,-64],[10,-157],[54,-34]],[[38240,47172],[5,-20]],[[38245,47152],[-32,1],[-23,-37],[-6,-63],[8,-17]],[[38192,47036],[0,-21]],[[38192,47015],[-13,-60],[-1,-1]],[[38178,46954],[-18,-18],[-6,-132],[-65,33],[-65,-111],[-18,0],[-5,23],[-95,29],[-40,52],[-49,32],[-35,100],[-32,32],[-78,170]],[[37672,47164],[-38,28]],[[37634,47192],[-25,51],[6,62],[-45,114],[12,23],[-12,30],[-56,7],[-7,29],[-50,43],[-10,57],[-28,37],[-23,77],[-7,26],[13,13],[-13,36],[-26,40],[-26,-8],[-40,74],[-108,266],[-5,54],[-55,77],[-21,4],[-17,37],[4,34],[-18,60],[39,45],[33,-9],[45,41],[3,-18],[20,6],[29,-41],[20,30],[25,6],[35,66],[40,36],[73,206],[48,34],[62,139],[51,48],[22,91],[37,69],[70,47],[20,-5],[56,46],[107,35],[9,43],[51,-19],[9,-71],[249,-25],[52,19],[1,-21],[26,0],[31,31],[25,-13],[24,48],[79,-43],[70,133],[30,-24],[37,25],[-18,-71],[-46,-65],[-4,-40],[33,-47],[92,27],[16,-21],[2,-61],[23,-7],[13,-66],[21,-13],[51,6],[13,18],[-43,80],[-15,64],[8,14],[27,-1],[35,-70],[0,0],[49,59],[99,20],[42,-15],[20,5]],[[39023,49206],[29,-5],[58,-61]],[[39110,49140],[12,-223],[-32,-26],[82,-190],[-27,-120],[41,-120],[1,-119],[19,-17],[161,-37],[9,-56],[-14,-87],[7,-55],[48,-61],[33,1],[36,-32],[28,-171]],[[39514,47827],[118,-66]],[[39632,47761],[8,-9]],[[39417,47574],[-39,18],[-1,-3]],[[23383,18678],[-305,-195]],[[23078,18483],[-100,-65]],[[22978,18418],[-46,81]],[[22932,18499],[-17,29],[-4,15]],[[22911,18543],[-23,88]],[[22888,18631],[-28,9],[-42,121],[-66,86]],[[22752,18847],[-39,118]],[[22713,18965],[64,1077],[-7,44],[15,279],[100,65],[19,-2],[27,37],[254,157],[28,0],[24,-38],[15,83],[86,47],[25,-8],[12,-39],[36,0],[33,30],[47,0],[57,-91],[217,-275],[454,-662],[275,-363],[1,-1]],[[24495,19305],[6,-7]],[[24501,19298],[8,-11],[-43,-24],[-84,1]],[[24382,19264],[-60,45],[-163,142]],[[24159,19451],[-520,479]],[[23639,19930],[-198,645],[-188,-169],[-194,-97],[-67,-18],[-84,-805],[1,-172],[13,-62],[188,-425],[204,-95],[68,-53],[1,-1]],[[18734,76695],[101,-40],[36,-66],[75,-70],[43,-96],[-1,-25],[27,-34],[23,15],[85,-31],[57,-51],[24,-111],[17,-26],[85,-29],[8,-142],[-13,-36],[-16,25],[-1,-2]],[[19284,75976],[-72,102]],[[19212,76078],[-37,52]],[[19175,76130],[-107,88],[-145,234],[-189,243]],[[13518,79618],[317,12],[-30,-110],[-85,9],[-92,-81],[-88,78],[12,53],[-16,39],[-18,0]],[[19649,75453],[-22,-10],[14,1]],[[19641,75444],[-8,-9],[20,10],[-4,8]],[[19017,77896],[204,-49],[-3,-149]],[[19218,77698],[14,-15],[4,3]],[[19236,77686],[2,-2],[2,4]],[[19240,77688],[6,3],[9,23]],[[19255,77714],[-10,80],[7,81],[-248,61],[-131,6],[-40,-25],[-49,8],[-94,-38],[-64,6],[-79,-28],[-20,-37],[-128,-51],[-18,68],[9,37],[-15,5],[-1,-13],[6,-73],[19,-40],[18,20],[95,25],[46,44],[76,12],[61,-10],[99,39],[51,-4],[46,18],[126,-9]],[[63031,13273],[3,7]],[[63034,13280],[15,35],[-1,1]],[[63048,13316],[58,145]],[[63106,13461],[44,154],[52,-25],[27,10],[39,55],[125,5],[25,-66],[135,-137],[15,70],[30,52],[101,71],[37,66],[56,8],[30,45],[93,195],[-25,21],[-8,36],[18,118],[33,30],[14,-6],[3,20],[59,-28],[59,107],[29,99]],[[64097,14361],[6,-138],[-39,-45],[-15,12],[3,21],[-14,-10],[6,-53],[-24,2],[20,-25],[-18,-24],[7,-26],[-66,-71],[-26,-129],[-28,-12],[5,-37],[-14,-46],[-120,-92],[-9,-29],[-16,5],[-21,-50]],[[63734,13614],[17,-49]],[[63751,13565],[-199,-213],[-88,-114]],[[63464,13238],[-40,-45]],[[63424,13193],[-80,-72]],[[63344,13121],[-37,-26],[-61,35],[-59,58],[-76,30],[-80,55]],[[64108,14397],[78,57],[0,23],[33,45],[75,-17],[12,16],[-37,115],[-42,2],[-23,31],[-18,0],[-13,-23],[-185,-45],[-15,-50],[-22,-3],[-5,32],[-61,43],[-14,-20],[-95,73],[-55,101],[-3,24],[17,41],[-45,6],[2,91],[36,14],[2,30],[-17,12],[30,128],[-4,25],[49,24],[97,-21],[29,20],[72,-46],[38,36],[23,48],[1,35],[-29,39],[-11,43],[-44,-21],[-51,37],[-22,-15],[21,-51],[-13,-23],[-10,14],[-15,-29],[-18,4],[-27,-28],[-51,18],[-51,123],[-1,24],[26,37],[-37,59],[13,113],[-47,36],[-48,111],[-57,54],[22,59],[-3,30],[-73,131],[-76,101]],[[63446,16110],[31,27],[26,49],[55,31],[2,17],[25,-1],[16,28],[42,-12],[16,-26],[8,31],[-8,35],[-16,10],[64,62],[24,0]],[[63731,16361],[12,-17]],[[63743,16344],[2,-7],[6,-4]],[[63751,16333],[14,-20],[77,-59]],[[63842,16254],[18,-65],[38,-19],[3,-45],[18,-10],[6,-26],[-26,-51],[2,-52],[28,14],[9,-69],[29,-2],[43,-32],[-43,-31],[-18,-43],[-17,-13],[-15,14],[-11,-21],[0,-30],[28,-28],[-7,-79],[9,-11],[38,53],[36,23],[34,-2],[41,-23],[23,-57],[70,-37],[26,11]],[[64204,15623],[39,-71]],[[64243,15552],[30,-143],[-30,-16],[-41,-54],[12,-39],[-16,-75],[7,-25],[-30,-121],[48,-65],[22,-3],[4,-37],[44,-44],[4,-239],[-14,-33],[33,-80],[14,-101],[-51,-17],[-6,-35],[-19,-13],[-60,41],[9,-43],[-72,-12],[10,-49],[-43,15]],[[64098,14364],[10,33]],[[62009,19496],[149,-152],[17,-78],[124,-127],[24,-61],[89,-40],[39,-52],[68,-28],[-2,-21],[14,5],[6,-28],[51,23],[53,-23],[16,-65],[83,-77],[23,-2],[78,-105],[143,-16],[17,-27],[67,-20],[7,-51],[31,1],[46,-94]],[[63152,18458],[33,-8]],[[63185,18450],[-84,-71],[-30,-43],[-9,-70],[-66,-134],[-55,-57],[-40,16],[1,-44],[-72,-106],[0,-19],[31,-23],[-12,-37],[35,-13],[12,-29],[-64,-149],[25,-45],[-16,-30],[18,-28],[-17,-29],[8,-45],[-44,-8],[-2,-24],[19,-6],[-11,-24],[-58,9],[-86,-96],[-107,-65],[-58,-97],[-9,-94],[-36,-86],[8,-28],[60,-60],[51,-28],[-21,-3],[-23,-45],[-15,-84],[7,-35],[11,-12],[30,20],[23,-23],[67,-5],[7,-34],[69,-39],[34,-100],[114,-192],[-19,-79],[7,-32],[-74,-67],[-25,-49],[-32,8]],[[62737,16116],[-9,-71]],[[62728,16045],[-30,8],[-29,-21]],[[62669,16032],[21,61]],[[62690,16093],[-46,23],[124,172],[-129,42],[-110,0],[-69,-77],[-43,-2],[-104,114],[-58,134],[-48,11],[-196,180],[-93,132],[101,39],[96,91],[-114,177],[-292,378],[-504,727],[-235,38],[-159,-16],[-50,100],[-16,115],[-26,33],[5,27],[-35,89],[21,52],[7,72],[-22,90]],[[60695,18834],[108,30]],[[60803,18864],[207,-38],[197,-12],[441,570],[-10,12],[-26,-27],[-24,22],[-9,-19],[-6,20],[-19,-22],[-15,8],[9,41],[-8,4],[11,18],[-10,12],[24,22],[4,27],[8,-12],[-5,25],[19,9],[-9,24],[15,1],[-20,33],[14,96],[37,-9],[-2,20],[23,-41],[18,5],[14,-24]],[[61681,19629],[57,16],[31,40]],[[61769,19685],[46,-39]],[[61815,19646],[50,-14]],[[61865,19632],[23,-67],[46,-78],[15,9],[46,-21],[14,21]],[[58153,22341],[6,15]],[[58159,22356],[10,12]],[[58169,22368],[51,31]],[[58220,22399],[47,78]],[[58267,22477],[10,-6]],[[58277,22471],[37,-114],[38,-39],[18,-48],[9,8],[68,-144],[-7,-34],[27,-15],[-6,-34],[22,-33],[-6,-21],[27,-24],[-21,-30],[4,-19],[30,14],[19,-27],[83,-4],[78,-59],[13,11],[52,-19],[68,-83],[8,-67],[21,17],[78,-83],[49,-16],[27,-40],[16,-7],[12,15],[37,-22],[65,-70],[25,10],[-10,-59],[37,-8],[12,13],[16,-18],[-8,-45]],[[59215,21377],[14,-39]],[[59229,21338],[-28,-46],[-28,11],[-6,-18],[0,-1]],[[59167,21284],[-1,-6],[24,-52]],[[59190,21226],[-6,-57]],[[59184,21169],[-119,-24],[0,-2]],[[59065,21143],[0,0],[3,-15],[2,-10],[0,0],[33,-18],[-4,-40],[32,16],[5,-16],[-25,-55],[33,-51],[54,87],[54,-13],[-22,-42],[33,-57],[-47,-32],[1,-26],[135,-36],[-17,50],[137,195]],[[59472,21080],[-25,40],[13,-18]],[[59460,21102],[27,10],[7,-36],[29,-4],[-9,-28],[9,-24],[-2,-166],[-23,-51],[-32,-11],[15,-33],[-14,-38],[23,-95],[58,-97],[78,-47],[13,-32],[1,-69],[15,-26],[13,-6],[24,31],[65,-91],[0,0]],[[59757,20289],[0,0],[-50,-51],[-3,-28],[-35,-24],[-9,-35],[20,-28],[39,-13],[-2,-22],[-43,0]],[[59674,20088],[-15,-59],[1,-17]],[[59660,20012],[-2,-11],[2,-12]],[[59660,19989],[0,-15],[7,-17]],[[59667,19957],[5,-24],[5,-5]],[[59677,19928],[4,-10],[44,-38]],[[59725,19880],[90,48],[44,-7],[82,-64],[58,-22],[-1,30],[29,8],[-16,32],[30,33],[-11,20],[12,22],[-4,37]],[[60038,20017],[12,-37]],[[60050,19980],[32,-29],[27,37],[19,0],[-14,-43],[13,-37],[-18,-23],[3,-20],[91,-86],[45,31],[43,-23],[19,34],[-10,38],[17,40],[15,1],[4,-25],[35,-4],[0,-76],[-23,-82],[13,-30],[10,8],[-16,-102],[30,-42],[36,-6],[8,-42],[34,1],[4,-10],[-24,-15],[35,-47]],[[60478,19428],[116,-19]],[[60594,19409],[0,-1]],[[60594,19408],[-169,-275]],[[60425,19133],[-27,17]],[[60398,19150],[10,-56],[-361,-2],[-90,41],[-5,113],[26,16],[-60,554],[-40,-95],[-125,-10],[-29,20],[-24,46],[-9,89],[-49,6],[-54,61],[-56,29],[-35,-15],[-34,28],[-20,50],[69,127],[-26,109],[-40,14],[-24,67],[-160,143],[-95,133],[-306,523],[-30,24],[-51,-12],[-58,14],[-23,33],[-8,-48],[21,-42],[-5,-29],[-37,13],[-34,45],[-29,-31],[-16,48],[-41,-43],[-33,3],[25,66],[-4,47],[45,49],[-39,90],[-79,70],[-33,-33],[-17,7],[-25,78],[-113,171],[-15,108],[-29,45],[-37,23],[-13,56],[-41,40],[-77,28],[-31,34],[-65,123],[-106,147],[-24,48],[7,157],[-96,259],[-76,36],[-71,133],[-12,143],[-324,597],[-118,111],[-20,72],[0,60],[-187,177],[-23,188],[-523,910],[-38,-13],[-106,55],[-35,384],[-113,654],[5,168],[12,50],[-19,53],[13,15],[5,75],[-364,536],[-704,494],[-84,100],[-55,6],[-22,-15],[-43,30],[-298,291],[-45,24],[-17,32],[2,23],[-26,18],[38,97],[-163,142],[16,37],[-66,58],[-174,212],[-29,79],[-46,28],[-66,106],[-2,46],[-53,50],[147,129],[-36,65],[-37,38],[-65,16],[-3,30],[-44,-36],[-19,7],[-11,32],[9,9],[-29,7],[0,33],[-107,133],[1,16],[-45,27],[-6,53],[-30,20],[6,14],[-14,-5],[-3,44],[-80,125],[-164,172]],[[53389,29920],[24,34]],[[53413,29954],[56,3],[18,19]],[[53487,29976],[28,-23]],[[53515,29953],[48,-80],[5,-63],[54,18],[-5,-18],[30,41],[60,-40],[71,11],[7,-32],[24,-15],[31,-55],[19,-19],[17,16]],[[53876,29717],[8,-25]],[[53884,29692],[-9,-36]],[[53875,29656],[-16,-40],[-2,-36]],[[53857,29580],[48,16],[61,-12],[25,-48],[40,-16],[51,-62],[-3,-15],[49,-79],[105,-84],[18,-42],[7,-116],[-29,6],[-40,-57],[-77,-32],[21,-38],[53,-33],[74,-152],[62,-16],[30,-89],[20,-41],[15,-2],[128,-263],[23,32],[1,51],[74,168],[49,-81],[23,-127],[27,-15],[26,-53],[64,-31],[22,-35],[8,-50],[74,-59],[14,-67],[22,14],[11,-18],[17,6],[8,-40],[5,-4]],[[54983,28096],[0,-2],[4,-1]],[[54987,28093],[6,-4],[0,3]],[[54993,28092],[6,-2],[6,34]],[[55005,28124],[98,66],[-8,52],[37,38],[-31,67],[-54,60],[15,68],[19,-13],[12,-43],[113,-29],[27,85],[24,6],[14,-48],[13,-7],[23,20],[17,-87],[23,8],[21,-22],[55,5],[8,-19],[33,-10],[60,-93],[-15,-66],[108,98],[6,23],[61,28],[45,108],[74,-30],[-12,-88],[46,21],[29,40],[73,-41],[2,31],[27,9],[95,-60],[38,-78],[101,140],[84,19],[63,42],[31,-26],[15,-57],[-16,-36],[48,-126],[-23,-67],[32,-23],[-9,-20],[25,-17],[22,-48],[142,-147],[76,-17],[53,99],[51,31],[115,-10],[33,-23],[-1,-59],[-35,-75],[-11,-8],[-63,36],[-52,-29],[-55,-122],[-22,-4],[-27,-65],[1,-37],[-66,-121],[2,-26],[-24,-49],[19,-29],[62,-9],[14,-71],[17,2],[10,34],[21,3],[21,-48],[-8,-130],[19,-58],[-27,-134],[-7,-178],[37,-93],[9,-75],[22,-58]],[[56800,26534],[-7,-28],[7,-21]],[[56800,26485],[-1,-12],[24,-63],[-25,-19],[34,-59],[8,-72],[-22,-73]],[[56818,26187],[-53,-63]],[[56765,26124],[-17,-8]],[[56748,26116],[-51,-21]],[[56697,26095],[-67,40],[-169,-83],[-20,24],[-57,11],[-61,143],[-84,35],[-29,-5],[17,-361],[27,-171],[-5,-66],[-14,-26],[17,-296],[67,18],[40,69],[0,30],[91,-12],[38,48],[152,-56],[32,61],[39,12],[13,35],[47,36]],[[56771,25581],[2,-26]],[[56773,25555],[-56,-113]],[[56717,25442],[-95,-80],[2,-7]],[[56624,25355],[0,0],[0,-1]],[[56624,25354],[5,-18],[12,-22]],[[56641,25314],[74,-15],[13,-31],[37,9],[17,-17],[41,-116],[26,-17],[49,-140],[26,2],[-19,-130],[26,-16],[-4,-43],[21,-71],[-14,-69],[47,-30],[82,-105],[61,-22],[-6,21],[38,10],[-47,-161],[5,-21],[37,16],[36,-8],[58,86],[102,-14],[63,-65],[-57,-81],[-32,-9],[21,-44],[21,-11],[1,-59],[15,-35],[65,-16],[73,-71],[30,10],[84,-30],[15,-20],[12,-46],[-29,-90],[-65,-67],[-19,-212],[-20,-20],[19,-52],[-16,-44],[1,-33],[43,-39],[102,39],[34,-40],[31,19],[3,23],[86,-36],[25,-48],[19,1],[-3,-60],[26,-27],[24,-95],[-14,-69],[30,-89]],[[57935,23016],[46,-73]],[[57981,22943],[-68,-89],[-21,-63],[-49,-6],[-13,-24],[8,-55],[-18,-55],[-26,-29],[92,-159],[222,-249],[35,55],[10,72]],[[52934,31001],[20,10]],[[52954,31011],[-23,-29]],[[52931,30982],[29,-10],[15,-37],[-12,-34],[46,-109],[-2,-65]],[[53007,30727],[11,-23]],[[53018,30704],[-68,-39]],[[52950,30665],[-35,5],[-55,-21]],[[52860,30649],[28,79]],[[52888,30728],[9,74],[55,76],[-25,99],[7,24]],[[49823,31973],[6,4]],[[49829,31977],[79,49]],[[49908,32026],[40,-92],[-32,11]],[[49916,31945],[-4,2],[-2,-1]],[[49910,31946],[-3,2],[-18,-8]],[[49889,31940],[-15,-5]],[[49874,31935],[-13,24]],[[49861,31959],[-24,-2],[-14,16]],[[52009,31801],[-7,-10]],[[52002,31791],[-41,-33],[-34,28]],[[51927,31786],[-39,76]],[[51888,31862],[-89,24],[48,40],[-17,43],[-46,58],[-59,11],[-44,-49],[-22,-103],[6,-109],[31,-19],[14,-46],[-57,14],[-26,-12],[-51,74],[-29,-18],[-41,83],[31,10],[-144,302],[97,128],[30,66],[16,6],[19,65],[-13,23],[-30,-22],[-19,9],[-110,94],[-47,13],[-36,41],[-40,-22],[-158,-159],[-18,-88],[42,-89],[-172,-38],[26,77],[19,120],[-79,-21],[-16,25],[-18,-15],[-13,-52],[7,-32],[-22,-4],[9,-37],[-101,-124],[-47,-124],[-335,14],[-34,-107],[-64,-32],[-12,70],[52,90],[33,27],[48,-15],[5,69],[77,35],[20,33],[-8,95],[28,36],[20,68],[0,0],[-7,211],[-56,118],[4,23],[-71,35],[-15,-19],[12,-53],[-33,15],[-12,-39],[29,-72],[7,-86],[-38,-23],[-28,-136],[-26,-33],[-58,-28]],[[50257,32301],[-115,125]],[[50142,32426],[1,2]],[[50143,32428],[21,20]],[[50164,32448],[7,161],[67,126],[32,28],[13,45],[63,34],[79,-26],[19,21],[60,1],[18,35],[8,58],[84,-14],[113,41]],[[50727,32958],[123,-63]],[[50850,32895],[135,-107],[16,-41],[105,11],[39,117],[14,2],[68,-58],[106,-21],[88,-50]],[[51421,32748],[28,-22]],[[51449,32726],[59,-76],[229,-128],[69,-78],[-13,-65],[15,-78],[-34,-142],[9,-41],[16,2],[24,-39],[49,-21],[59,100],[19,-3],[27,-37],[16,28],[19,105],[56,2],[39,41],[56,19]],[[52163,32315],[48,105]],[[52211,32420],[-57,-277],[3,-42],[-38,-58],[-50,4],[8,-71],[-58,-76],[28,-44],[-30,-25],[-8,-30]],[[46531,37005],[19,-15],[-28,-47]],[[46522,36943],[-7,-41],[2,-2]],[[46517,36900],[0,-2],[2,1]],[[46519,36899],[4,-2],[0,6]],[[46523,36903],[6,4],[-3,33],[30,58],[-24,8],[-10,68],[31,29]],[[46553,37103],[-42,-21],[-24,18]],[[46487,37100],[30,-34],[14,-61]],[[46514,36843],[1,6]],[[46515,36849],[-9,1],[4,-4]],[[46510,36846],[-4,-2],[8,-1]],[[46457,37214],[-44,-29]],[[46413,37185],[-21,-41],[23,10],[9,26],[19,-2],[14,36]],[[46392,36527],[2,-5],[14,9],[-6,-2]],[[46402,36529],[5,5],[-15,-7]],[[46256,37209],[4,-3]],[[46260,37206],[24,31],[-10,-12],[-7,-6]],[[46267,37219],[11,22],[-22,-32]],[[46219,37234],[28,-3],[-7,13],[-19,-8],[-1,11],[-1,-9]],[[46219,37238],[-4,10],[4,-14]],[[46238,36967],[1,15]],[[46239,36982],[-12,0],[6,-9]],[[46233,36973],[-4,-7],[9,1]],[[46200,36982],[6,-10],[10,5],[-4,1]],[[46212,36978],[2,2],[-14,2]],[[46180,37070],[11,-20],[3,-5],[9,22],[-10,17],[-13,-14]],[[46184,37453],[4,-1]],[[46188,37452],[2,-4],[13,-4],[-13,6],[-1,2]],[[46189,37452],[14,-2],[-17,8]],[[46186,37458],[-4,9],[1,-7]],[[46183,37460],[-5,3],[6,-10]],[[46149,37558],[-23,-17],[7,-31],[3,33],[32,-2],[-19,17],[0,0]],[[46120,36973],[17,-10],[0,21]],[[46137,36984],[-12,-6],[-14,37],[9,-42]],[[46097,37496],[4,-16],[25,-2],[-29,18]],[[46077,37512],[10,9],[-14,13],[4,-22]],[[45992,37347],[-3,-37],[12,-9],[8,-68]],[[46009,37233],[8,-7],[1,4]],[[46018,37230],[5,-2],[-4,17]],[[46019,37245],[1,12],[-28,90]],[[45175,42675],[0,-12],[-1,0]],[[45174,42663],[0,0],[-2,-4]],[[45172,42659],[-32,-41]],[[45140,42618],[-31,-12]],[[45109,42606],[-53,-10]],[[45056,42596],[-87,37],[-98,-25],[-20,39],[-6,84],[-111,10],[8,78],[-60,78],[-44,120],[5,48],[-49,61],[-98,56],[-9,46],[-113,74],[-5,66],[-72,24],[-21,26],[-47,-26],[-74,31],[-24,-6],[-16,34],[-33,-61],[-38,4],[-79,-31],[-19,-40],[-87,3],[-31,-61],[-25,-5],[-49,34],[-51,-59],[4,-124],[-17,13],[-55,-13],[-5,-27],[-44,6],[-36,-50],[-23,-8],[-14,-49],[7,-42],[38,-54],[2,-36],[-17,-3],[-13,-57],[-25,-30],[-128,-129],[14,-60],[-24,-20],[-3,50],[-23,41],[-20,-1],[-1,35],[51,15],[-26,196],[21,-12],[-14,67],[40,54],[-20,22],[-66,-10],[-20,63],[56,3],[11,152],[-26,-36],[-27,47],[-48,-28]],[[43252,43210],[-19,3]],[[43233,43213],[-15,23],[44,25],[-2,67],[25,14],[-34,80],[33,26],[-18,53],[-9,-13],[-14,13],[30,33],[3,32],[-33,40]],[[43243,43606],[5,18],[-6,0]],[[43242,43624],[0,2],[-40,-2],[-9,-21],[-43,-3],[-42,-27],[-10,17],[31,52],[-20,45],[19,36],[-2,39],[-34,49],[-3,46],[12,19],[-9,19],[-43,12],[-23,30],[-8,73],[-17,28],[43,51],[5,59],[-7,15],[-42,-5],[-35,19],[-20,72],[-3,1]],[[42942,44250],[-2,6],[-44,-1]],[[42896,44255],[1,129],[33,48],[-19,132],[24,31],[4,36],[65,61],[19,65],[36,24],[-9,114],[86,87],[12,50],[21,3],[65,94],[35,15],[59,62],[-7,101]],[[43321,45307],[4,28],[49,-66]],[[43374,45269],[30,-3],[12,-19],[75,35],[108,-17],[43,-68],[66,-163],[14,-9],[-1,-23],[30,6],[12,-26],[-15,-50],[22,-46],[-2,-50],[27,-45],[-2,-66],[-14,-8],[-25,-151],[30,-98],[-5,-26],[56,-4],[7,-48],[78,-95],[51,-12],[32,-36],[41,8],[28,-51],[22,8],[73,-117],[25,-6],[29,-38],[66,17],[10,-25],[-7,-39],[39,-36],[4,-34],[48,-77],[34,-2],[6,-26],[30,-15],[-2,-26],[42,-95],[113,-142],[94,-53],[60,6],[16,-48],[28,22],[44,-15],[33,9],[38,-27],[27,30],[43,-39],[31,47],[115,-58],[48,43],[21,72]],[[45202,43540],[223,178],[-20,-48],[12,-19],[5,-64],[-21,-36],[20,-20]],[[45421,43531],[1,-58]],[[45422,43473],[-24,-78],[-29,-24],[-2,-94]],[[45367,43277],[-33,-71],[-22,-103],[-93,-284],[-43,-87],[-4,-46],[3,-11]],[[41826,45180],[-59,-81]],[[41767,45099],[-125,-310],[0,-3]],[[41642,44786],[-3,-9],[17,-51],[3,-129],[-47,-33],[-56,-93],[1,-40],[19,-34],[20,10],[8,-11],[11,-102],[-34,-96],[-45,-41],[29,-48],[-9,-173],[13,-21],[3,-94],[-110,100],[-44,-32],[-36,22],[-54,-7],[-15,8],[1,17],[-36,12],[5,20],[-12,13],[-123,-63],[-33,14],[-12,41],[-17,-1],[7,-27],[-10,-5],[-16,30],[-65,46],[-43,-38],[-50,11],[-22,70],[-27,7],[-15,-24],[-14,24],[7,78],[-98,48],[-4,39],[-46,47],[-76,-2],[-35,-25],[-25,57],[-86,25],[-23,46],[-81,73],[-32,77],[-81,-7],[-29,44],[-30,18],[-37,-27],[-14,-86],[-27,-17],[-101,101],[-37,5],[-24,41],[80,16],[29,50],[27,8],[4,12]],[[40092,44680],[7,4],[7,42]],[[40106,44726],[55,95],[2,29],[39,28],[-5,46],[26,103],[-15,52],[21,18],[33,138],[23,13],[37,-9],[22,31],[-21,80],[-36,14],[-12,29],[11,70],[-8,51],[-31,7],[-35,60],[-3,29],[40,33],[71,-1],[8,12]],[[40328,45654],[95,-88],[19,-100],[76,-28],[-2,18],[24,25],[53,-13],[84,44],[125,-59],[146,-25],[69,-49],[53,-16],[72,-5],[132,-51],[552,-127]],[[38156,47621],[9,81],[9,17]],[[38174,47719],[22,13]],[[38196,47732],[3,0]],[[38199,47732],[-14,-12],[-1,-5]],[[38184,47715],[-7,-8],[3,-11]],[[38180,47696],[-2,-14],[18,-31]],[[38196,47651],[-18,-47],[4,-55]],[[38182,47549],[-26,72]],[[38007,49203],[71,-32],[6,-20],[24,-1],[-12,81],[-1,-2]],[[38095,49229],[0,3],[-27,-35]],[[38068,49197],[-40,34],[-21,-28]],[[31106,56652],[98,-41],[49,-51],[-2,-81],[11,-22],[-18,-16],[-4,-31],[-60,14],[17,-50],[0,-71],[44,-53],[-4,-56],[40,31],[3,20],[16,8],[46,-45],[6,33],[-23,62],[-82,108],[25,44],[-11,25],[-1,88],[-49,50],[-97,40],[-12,32],[7,15],[51,-11],[24,15],[2,80],[-30,22],[10,27],[47,20]],[[31209,56858],[24,29],[-1,13]],[[31232,56900],[6,9],[-7,21],[14,48],[-18,30],[-6,58]],[[31221,57066],[-56,37]],[[31165,57103],[-7,13],[-9,-3]],[[31149,57113],[-8,5],[-4,-9]],[[31137,57109],[-5,-2],[-28,-83],[-16,4],[-18,-22],[-43,12],[2,-69],[-12,-30],[27,-129]],[[31044,56790],[-1,-24],[6,-2]],[[31049,56764],[-5,-5]],[[31044,56759],[-35,-9]],[[31009,56750],[-27,32],[-3,-1]],[[30979,56781],[-2,3],[-30,-13]],[[30947,56771],[-43,40],[2,56],[44,74],[50,21],[25,-11],[-25,19],[-40,-10],[-51,-68],[-11,-78],[-36,12],[-107,-26],[-15,-38],[2,-74],[-14,-42],[34,-41],[77,-27],[56,20],[-20,123],[45,20],[11,34],[17,-12],[31,12],[19,-27],[32,-10],[29,22],[19,-6],[28,-102]],[[30130,56907],[18,-21],[32,-8],[-18,-18],[-12,-56],[-29,-29],[-10,-73],[18,-51],[46,-58],[89,-24],[38,-57],[19,92],[31,73],[-7,16],[-33,7],[-15,142],[25,29],[33,-26],[15,24],[-25,44],[-34,24],[-31,-46],[-45,14],[-24,-29],[-60,15],[-27,57],[6,-41]],[[30046,56941],[-5,-28],[31,-25],[30,48],[-32,27],[-22,-38],[-1,22],[-1,-6]],[[30064,56870],[-5,5],[-2,-12],[7,7]],[[46230,36890],[-9,-2],[-1,-27],[10,29]],[[29025,61507],[-4,-104],[8,-20]],[[29081,61233],[194,-345]],[[29275,60888],[34,11],[-128,-422]],[[29181,60477],[-26,10],[-22,85],[-29,-56]],[[29104,60516],[-87,-21]],[[29017,60495],[-10,69],[-12,4],[-20,-82],[-31,-55],[-37,-23],[-36,-49],[-35,8],[-100,-67],[3,-32],[-109,-213],[-175,-112],[-73,-22],[-143,-143],[-24,-54],[110,-436],[-9,-88],[26,-119],[-9,-43],[29,-55],[239,-315],[-51,-97],[18,-83],[-33,-77],[61,-25],[34,-130],[-21,-26],[44,-36],[-24,-80],[46,-54],[93,-5],[73,-23],[12,-28],[147,-1],[137,101],[119,43],[70,69],[20,62],[78,66],[35,5],[51,64]],[[29510,58413],[75,27],[1,4]],[[29586,58444],[9,4]],[[29595,58448],[11,-12]],[[29606,58436],[55,-88]],[[29661,58348],[21,-16]],[[29786,58224],[22,-45]],[[29530,57527],[25,-68]],[[29554,57457],[-26,-17]],[[29513,57324],[-1,-5],[2,-8]],[[29524,57194],[0,-3],[4,-15]],[[30021,56438],[1,-35]],[[30022,56403],[-202,14],[-262,64],[-74,76],[-667,967],[-208,581],[-27,90],[-7,90],[-22,84],[-185,-3],[-180,31],[-61,-29],[-44,24],[-98,8],[-113,-21],[-41,7],[0,19],[-170,-13],[-1,60],[27,55],[-7,33],[11,133],[17,54],[-1,73],[29,37],[16,91],[31,79],[-12,53],[4,86],[-67,37],[-37,0],[-7,57],[24,30],[7,65],[62,92],[8,61],[34,-31],[65,50],[48,67],[0,26],[-20,19],[33,44],[-17,58],[-1,65],[37,33],[33,8],[-4,42],[32,-3],[28,43],[-8,179],[-57,115],[-7,147],[-38,102],[-39,226],[-57,162],[-59,110],[13,0],[2,56],[11,12],[-16,22],[5,61],[-18,41],[2,28],[13,0],[1,49],[-13,47],[-52,29],[28,18],[14,37],[-54,-8],[-78,62]],[[27626,61404],[-22,28]],[[27604,61432],[0,6]],[[27604,61438],[30,15]],[[27634,61453],[16,-7]],[[27650,61446],[25,-16],[0,4]],[[27675,61434],[1,0],[-3,16]],[[27673,61450],[-5,33],[-3,7]],[[27665,61490],[-2,6],[-34,59],[18,44],[84,32],[167,14],[23,-46],[4,-47],[30,-36],[30,8]],[[23383,18678],[2,2]],[[23385,18680],[19,12],[152,131]],[[23556,18823],[259,264],[229,269],[338,-92]],[[24501,19298],[259,-174]],[[24760,19124],[347,-439]],[[25107,18685],[34,-64],[-35,-19],[-42,-54],[-20,-64],[1,-59],[58,-47],[53,-71],[40,-60],[20,-65],[3,14],[34,6],[157,-91],[87,-84],[62,-103],[172,-195],[-14,-89],[-49,-66],[-54,-4],[-14,19],[3,-23],[-18,-34],[18,-98],[-20,-5],[-87,-128],[-32,-19],[-26,-62],[-75,-8],[-135,174],[-9,65],[-79,-3],[-78,37],[-36,-16],[-2,-14],[-27,28],[5,-20],[-34,9],[-8,-27],[-53,5],[-49,31],[4,-14],[-12,-1],[-55,50],[-12,32],[-56,-48],[-79,101],[-18,222],[-45,48],[-50,115],[-76,-20],[-34,-80],[-22,-115],[-32,-76],[-21,-17],[-57,48],[-1,75],[-118,30],[-94,97],[-156,25],[-147,-148],[-55,-133],[1,-48],[68,-178],[-54,-42],[-9,-34],[96,-167],[7,-46],[-10,-124],[8,-44],[-68,-2],[-10,42],[-25,7],[-9,35],[-59,-10],[-21,15],[-40,85],[-8,47],[-70,102],[-209,134],[9,168],[69,220],[-4,54],[-118,168],[-45,155],[4,70],[-16,31],[-55,26],[-31,49]],[[23123,18385],[-10,59],[-35,39]],[[38643,49570],[0,-1],[-43,-60],[-127,-25],[-18,20],[-55,-18],[-33,-132],[-29,11],[-14,62],[-54,71],[-58,6],[-127,102],[-76,3],[-50,-74],[-135,74],[25,114],[-18,12],[-69,-18],[-68,54]],[[37694,49771],[3,5]],[[24543,63008],[13,27],[-52,47],[-6,-44],[27,-41],[10,-51],[-12,-26],[-190,2],[-69,-19],[-196,6],[-19,75],[99,178],[36,30],[30,-8],[4,64],[897,-7],[-4,-340],[-56,23],[-1,-264],[-23,-48],[-47,-1],[-41,82],[-71,2],[-56,-30],[-35,12],[-43,-25],[-34,5],[-22,-32],[-27,46],[-20,-22],[-31,-2],[-44,25],[-11,46],[-19,23]],[[24530,62741],[0,139]],[[24530,62880],[15,40],[-21,0],[49,23],[-30,65]],[[77996,19663],[41,-28],[19,-45],[49,-2],[-1,62],[10,20],[-40,277],[30,-12],[5,46],[40,2],[3,31],[19,-10],[22,-58],[15,-8],[2,52],[8,22],[12,-1],[604,-171],[46,5],[431,-115],[7,-25],[-11,-37],[-40,-65],[-48,23],[-131,-135],[105,-72],[31,72],[40,2],[-4,-79],[-40,-18],[6,-45],[-81,-21],[-19,-35],[7,-27],[71,31],[53,-31],[43,6],[15,-12],[-16,-39],[4,-47],[23,10],[21,-22],[-3,-14],[-96,-34],[-7,-54],[-80,5],[-8,-33],[15,-20],[98,-36],[-41,-54],[-36,-13],[-6,-27],[29,-24],[-57,-25],[8,-18],[45,8],[51,-65],[-24,-48],[-69,-11],[9,-41],[46,-74],[51,24],[48,-6],[41,26],[8,-32],[18,-2],[5,-17],[-6,-50],[-35,-19],[-75,-149],[-38,-21],[-21,16],[-22,-6],[-6,-29],[91,10],[22,26],[35,-5],[5,16],[-26,21],[56,30],[14,-7],[-6,28],[12,16],[-10,9],[22,9],[33,48],[-28,-21],[-4,13],[43,30],[-33,-1],[68,50],[34,59],[75,24],[54,68],[31,-9],[-9,-14],[25,-29],[28,20],[15,-37],[-17,-27],[-42,-15],[-53,-67],[-2,-61],[-104,-173],[-21,-11],[-6,-47],[-27,19],[-33,-40],[-18,2],[4,-19],[-29,-14],[3,-28],[-11,-10],[-7,23],[-5,-16],[-30,11],[5,-37],[-35,23],[16,-125],[62,-10],[9,-14],[-25,-84],[27,-117],[38,24],[103,-18],[61,35],[46,-22],[33,26],[50,98],[19,-24],[45,38],[71,-32],[15,21],[35,-51],[-39,-57],[3,-46],[-21,-36],[0,-27],[-73,-77],[13,-95],[-18,-120],[-14,-15],[35,-72],[37,17],[-1,-41],[14,-13],[-11,-70],[-37,-32],[-6,-23],[65,-75],[20,8],[23,-23],[10,-44],[43,-23],[33,-143],[-15,-24],[-45,3],[-20,-22],[-34,14],[-38,-87],[-35,-34],[-1,-15],[74,-104],[-32,-26],[-26,-53],[23,-109],[-14,-165],[46,-48],[-3,-31],[27,11],[21,-10],[2,-21],[-4,-25],[-57,-29],[-70,-85],[-42,-4],[-26,-31],[-8,-50],[12,-131],[-46,21],[-24,-41],[-54,-5],[-36,38],[-52,20],[-62,77],[-19,-22],[-45,13],[-1,-21],[-18,-21],[-9,18],[-36,-52],[-62,-3],[-20,-28],[-41,58],[-23,3],[-11,59],[-43,68],[1,40],[-40,60],[-12,103],[19,77],[-3,40],[-27,58],[-20,9],[-157,-28],[-14,-35],[-30,-20],[-52,9],[7,-28],[-46,-31],[-60,5],[-28,52],[-46,-218],[-66,-117],[0,-40],[-70,-7],[-11,-15],[-22,28],[-29,0],[-53,-56],[3,-54],[-59,9],[-10,20],[10,49],[-47,47],[-21,-6],[31,-59],[-8,-38],[-24,-2],[4,-18],[-18,-15],[-68,41],[-52,12],[-15,34],[-30,14],[-66,-22],[-1,50],[-21,52],[32,70],[-7,25],[-557,473],[-67,-16],[-12,49],[-90,50],[2,88],[-268,240],[-49,26],[-38,48],[-425,332],[361,841],[991,764],[-220,336],[168,50],[186,-17],[18,272]],[[79330,16162],[-18,19],[-10,-9],[9,-94],[-14,-6],[0,-30],[29,-10]],[[79326,16032],[13,42],[-1,3]],[[79338,16077],[3,8],[-15,30]],[[79326,16115],[-2,6],[6,41]],[[77629,18652],[-14,112],[-39,33],[-4,-4]],[[77572,18793],[-2,1],[0,-5]],[[77570,18789],[-6,-8],[8,-59],[18,-21],[-47,-213],[27,-30],[41,43]],[[77611,18501],[26,4]],[[77637,18505],[18,35],[-26,112]],[[84681,584],[-221,-584],[-773,187],[-1389,1389],[643,1198],[338,238],[1344,-732],[58,-1696]],[[84286,1696],[43,24],[32,200],[68,79],[11,76],[60,166],[-15,28],[-159,78],[-50,106],[-45,13],[-23,-29],[-12,-47],[30,-106],[14,-286],[-62,-185],[43,-79],[65,-38]],[[83728,365],[11,-41],[33,-39],[140,-69],[51,2],[44,-26],[116,6],[75,-29],[67,16],[26,110],[54,45],[49,12],[15,91],[72,132],[12,76],[-38,37],[-26,60],[-11,162],[-54,103],[-32,19],[-34,-28],[-98,13],[-63,73],[-43,4],[-173,-272],[-65,-43],[-45,-21],[-118,25],[-2,35],[-37,44],[-32,-28],[0,-179],[-18,-74],[0,-69],[124,-147]],[[83714,2162],[-32,31],[-40,-53],[-61,-12],[-26,-135],[13,-178],[54,-43],[6,-51],[40,-59],[41,-23],[96,77],[13,63],[49,34],[42,7],[14,31],[-53,64],[-48,109],[-7,49],[-72,15],[-1,25],[-21,4],[-7,45]],[[82756,1775],[23,-1],[86,76],[47,17],[78,139],[87,50],[73,76],[64,30],[17,46],[2,65],[42,101],[-5,126],[57,76],[-4,33],[-43,21],[-60,2],[-47,-51],[-264,-112],[-110,-143],[-25,-73],[-22,-11],[-30,-48],[-29,2],[-5,-88],[-22,-58],[-23,-13],[-20,-74],[-125,-93],[-7,-49],[-36,-30],[-37,-71],[79,-125],[49,-12],[75,38],[24,56],[111,98]],[[67405,6690],[-108,-11],[-41,32],[-17,52]],[[67239,6763],[-33,-6],[-2,-2]],[[67204,6755],[0,0],[-22,-29]],[[67182,6726],[-23,-75],[-2,-46]],[[67157,6605],[-4,-18],[2,-7]],[[67155,6580],[-1,-10],[27,-82]],[[67181,6488],[26,-89],[4,-3]],[[67211,6396],[2,-5],[179,-92]],[[67392,6299],[80,-82],[2,0],[40,-8],[83,-101],[58,-33],[63,-103],[32,-18],[56,17],[44,83],[49,31],[351,17],[24,35],[-4,27],[-18,14],[-15,-7],[7,-19],[-20,-28],[-39,-8],[34,48],[-2,22],[-24,9],[-42,-6],[-14,-23],[-34,1],[-48,-44],[-39,-9],[-9,19],[-20,-22],[-16,12],[-10,-18],[-53,-6],[71,31],[-2,34],[70,37],[-1,44],[42,52],[60,-25],[27,-35],[25,1],[12,19],[33,-16],[-30,-20],[43,-5],[3,-31]],[[68261,6185],[18,-25]],[[68279,6160],[-8,-47]],[[68271,6113],[-7,-26],[3,-1]],[[68267,6086],[-1,-3],[11,0]],[[68277,6083],[7,-2],[201,2]],[[68485,6083],[71,-8],[234,2],[78,9]],[[68868,6086],[51,0],[138,22]],[[69057,6108],[-22,46]],[[69035,6154],[-42,9]],[[68993,6163],[-1,0]],[[68992,6163],[7,4]],[[68999,6167],[26,11]],[[69025,6178],[35,-53]],[[69060,6125],[17,-4],[3,23]],[[69080,6144],[-33,54]],[[69047,6198],[14,-9],[19,-14],[7,-24],[9,-28],[-16,-13],[203,53],[51,-19],[101,14],[47,42],[-16,32],[-21,-5],[-10,24],[-26,4],[-26,46],[2,12],[29,3],[-39,16],[-33,-44],[-9,-45],[24,-17],[-9,-49],[-7,47],[-11,11],[1,-18],[-19,32],[11,-2],[-10,27],[14,34],[25,10],[15,20],[-6,13],[29,-7],[1,41],[18,-34],[51,36],[24,-54],[19,24],[30,-16],[12,13],[14,-45],[31,-2],[-7,36],[14,23],[-13,8],[2,31],[4,-28],[25,0],[-21,-38],[12,-1],[3,22],[-2,-31],[22,8],[24,-17],[-23,-1],[8,-35],[-11,-68],[-104,-42],[425,15],[18,24],[24,-20],[133,-21],[203,29],[77,-10],[54,34],[46,-1],[36,40],[17,31]],[[70556,6295],[10,13],[-2,2]],[[70564,6310],[1,1],[-33,63],[-45,46]],[[70487,6420],[-13,22]],[[70474,6442],[-14,41]],[[70460,6483],[-7,27]],[[70453,6510],[14,78],[-2,16]],[[70465,6604],[1,8],[486,-116],[-60,-773],[-3641,25],[-502,633],[208,674],[629,-91],[-9,-5]],[[67577,6959],[-6,0],[-2,-5]],[[67569,6954],[-3,-2],[-76,-174]],[[67490,6778],[-85,-88]],[[69607,6222],[11,0],[-1,33],[-10,-33]],[[69614,6325],[-12,1],[0,-15],[12,14]],[[69580,6242],[7,-20],[6,13],[-13,7]],[[69497,6246],[21,-34],[18,13],[0,22],[-22,30],[-15,-5],[-2,-26]],[[68192,6210],[22,3],[-19,13],[-3,-16]],[[68135,6220],[-1,-20],[-22,-7],[66,7],[-43,20]],[[68117,6215],[7,17],[-26,20],[-20,-2],[-11,-29],[28,17],[5,-24],[17,1]],[[68095,6216],[-16,-11],[1,-19],[15,30]],[[67316,8018],[116,-219]],[[67432,7799],[40,-84]],[[67472,7715],[72,-269]],[[67544,7446],[-327,-67],[-1826,2263],[314,363]],[[65705,10005],[195,-308],[58,-73],[30,-5],[10,-49],[98,-118],[7,-6]],[[66103,9446],[10,-12],[125,-101]],[[66238,9333],[262,-315],[323,-320]],[[66823,8698],[63,-65]],[[66886,8633],[34,-44]],[[66920,8589],[396,-571]],[[63853,12719],[-1,-28],[18,-21],[59,-25],[38,-71],[471,-452],[2,-19],[98,-73],[27,-57],[52,-51],[1,1]],[[64618,11923],[5,-5]],[[64623,11918],[-181,-284],[-1288,1215],[183,229],[122,-84]],[[63459,12994],[-2,1],[0,0],[3,-2]],[[63460,12993],[393,-274]],[[49375,32133],[9,-17],[60,6],[5,-21],[16,37],[37,-32],[21,-52],[32,-8],[10,-20],[76,2]],[[49641,32028],[110,-58],[-154,-273],[-637,23],[-14,502]],[[48946,32222],[292,-33]],[[49238,32189],[12,-17]],[[49250,32172],[2,-5],[0,1],[26,6],[11,3],[86,-44]],[[7105,91821],[-64,73]],[[7041,91894],[89,90],[27,5],[-6,-26],[31,33],[-7,39],[-22,23],[0,23],[21,31],[-9,81],[65,40],[-5,32],[19,40],[28,9]],[[7272,92314],[1,-4]],[[7273,92310],[-14,-31]],[[7259,92279],[7,-21],[5,-4]],[[7271,92254],[6,-10],[4,3]],[[7281,92247],[3,-2],[1,4]],[[7285,92249],[5,3],[6,45],[27,-25],[17,-54]],[[7286,92026],[-24,-33]],[[7048,92539],[-2,-68]],[[7046,92471],[61,-36]],[[7107,92435],[5,-6]],[[7112,92429],[6,-25]],[[7118,92404],[-1,-12]],[[7117,92392],[-3,2],[1,-17]],[[7115,92377],[37,-11],[48,-59],[-2,-79],[-38,-10],[-4,28],[-12,-3],[18,-116],[-20,-22],[-8,-46],[5,-29],[18,7],[7,-28],[-86,-19],[3,-16],[28,1],[-77,-74],[-332,353],[-23,-14]],[[6677,92240],[-7,-25]],[[6670,92215],[-12,21],[-2,-3],[-2,-2],[-10,-10],[-61,-113]],[[6583,92108],[-5,-2]],[[6578,92106],[-12,4],[30,63],[-107,-17],[-86,18],[-18,-17],[-66,8],[-26,-27],[-89,-18],[-30,25],[-24,50],[-40,18],[-34,5],[-78,-30],[-27,32],[-59,2],[-202,73],[-48,86],[-2,86],[47,159]],[[5707,92626],[107,117]],[[6766,92734],[96,-15]],[[6862,92719],[131,-165],[21,-17]],[[13475,79109],[14,39],[0,4]],[[13488,79159],[-1,11],[-34,30]],[[13772,78997],[0,0],[-3,-3],[-55,-113],[1,-2]],[[13715,78879],[-5,-9],[8,-23]],[[13718,78847],[4,-42]],[[13722,78805],[-5,-43]],[[13717,78762],[-2,-18],[-22,-26]],[[13693,78718],[4,-46]],[[13697,78672],[-64,-98],[-69,-65],[-1,0],[-12,-36],[-2,-6],[-1,-2],[5,-10]],[[13553,78455],[12,-35]],[[13565,78420],[-1,-11]],[[13564,78409],[-12,-47]],[[13552,78362],[-26,-68]],[[13526,78294],[-21,-20]],[[13505,78274],[-13,0]],[[13492,78274],[-90,61]],[[13402,78335],[-4,5]],[[13398,78340],[-17,34]],[[13312,78730],[26,-6],[0,3]],[[13421,78853],[4,5],[-2,4]],[[13408,78889],[6,19]],[[13384,78923],[-2,3]],[[5908,95081],[-6,-88],[-85,-132],[-32,-9],[-15,15]],[[5770,94867],[-89,-81],[-4,-8]],[[5677,94778],[-6,-6],[-13,-30],[3,-43],[-69,-114],[6,-52],[-17,4],[-26,-77],[-77,-23],[-16,19],[-5,38],[-55,41],[-28,88],[-67,7],[-65,-35],[7,131]],[[5249,94726],[26,30]],[[5275,94756],[6,109],[52,-18],[73,45],[7,14]],[[5413,94906],[10,8],[70,168]],[[5493,95082],[21,46],[1,7]],[[5515,95135],[5,11],[24,149]],[[5751,95409],[83,17]],[[20849,75779],[9,-63]],[[20858,75716],[32,-68],[39,-157],[2,-68],[29,-77],[-8,-63],[12,-79],[22,-25],[117,-314],[43,-211],[-18,-57],[76,-127],[18,-105],[20,-26],[6,-79],[70,-111],[67,-17],[36,-71],[51,-21],[16,-29],[-5,-41]],[[21483,73970],[-17,-23],[-90,8],[-10,-77],[-39,-77],[-85,-7]],[[21242,73794],[-31,12]],[[21211,73806],[-39,24]],[[21172,73830],[-58,75]],[[21114,73905],[-128,42],[-156,101],[-69,71],[-20,51],[-83,74],[-12,48],[-48,58],[-28,67],[-24,4],[-42,-29],[-25,13],[-50,38],[-31,61],[-76,52],[54,21],[124,118],[27,-13],[33,17],[23,-52],[42,-11],[4,28],[-38,20],[-20,36],[-29,4],[-13,-20],[-47,19],[-13,-34],[-102,-68],[-6,-38],[-23,-7],[-46,48],[-9,-29],[-23,27],[-42,11],[-18,43]],[[20200,74676],[-72,77]],[[20128,74753],[-9,42]],[[20119,74795],[-22,307]],[[20097,75102],[-18,46],[-37,24],[15,13],[50,-15],[74,115],[84,42],[36,56],[60,49],[132,45],[42,-17],[5,26],[-12,36],[46,23],[31,-4],[17,21]],[[20622,75562],[-6,48],[-6,4]],[[20610,75614],[-2,8],[-25,11]],[[20355,75488],[27,-11],[-8,-7]],[[20374,75470],[-18,-4],[-61,-56],[-44,-68],[-94,-48],[-58,-81],[-68,-2],[-16,-45],[-66,-67],[-48,27]],[[20318,75495],[2,-42],[2,3]],[[19706,75321],[183,-170]],[[19889,75151],[6,-21]],[[19895,75130],[-104,-9],[-23,-35],[-139,19],[-94,-28],[-84,129],[77,100],[27,13],[33,79],[42,39]],[[19620,75455],[-58,-62],[-6,-43],[-114,-125]],[[19442,75225],[-11,115]],[[19431,75340],[2,51],[-9,19]],[[19424,75410],[-1,14]],[[19423,75424],[16,34]],[[19439,75458],[13,15],[25,63]],[[19477,75536],[48,57]],[[19496,75629],[-57,-74]],[[19439,75555],[-21,-4],[-60,56],[-42,76],[-27,148],[17,27],[-2,16]],[[19304,75874],[13,39]],[[19317,75913],[3,4]],[[18676,76773],[2,-2],[-1,-1]],[[18677,76770],[-7,-1],[-33,-70],[-97,-40],[-86,3],[-119,-84]],[[18335,76578],[-172,-19]],[[18163,76559],[-32,18],[-41,-29],[-8,-51],[-54,-28],[-46,0],[-36,-33],[-120,187],[43,61],[-25,31],[-45,3],[-25,58],[41,19],[-14,77],[25,-6],[16,37],[13,3],[21,-28],[24,3],[7,50],[34,28],[-16,76],[93,10],[18,25],[-15,52],[41,12],[76,101],[60,23],[116,-14]],[[18299,77276],[-1,0],[-123,3],[-71,-49],[-46,-71],[-34,-11],[-22,14],[0,24],[47,19],[-18,28],[32,12],[-32,55],[65,10],[7,21],[-36,16],[2,21],[54,16],[12,21],[38,16],[1,-34],[37,6]],[[19284,75976],[-15,-22],[-20,-91],[-185,-114],[-40,-43],[-52,15],[-10,21],[-30,-12],[-25,14],[-37,-15],[0,-45],[-83,8],[-120,136],[-75,6],[-38,78],[60,131],[37,18],[61,-5],[42,55],[-19,12],[-37,-36],[-62,1],[-35,-19],[-16,-19],[-16,-81],[-31,-50],[51,-88],[1,-31],[60,-22],[18,18],[17,-42],[31,-10],[54,-82],[92,-13],[-13,-49],[31,-43],[-35,-11],[-27,-49],[-68,-25],[-246,380],[-97,190],[-132,7],[-64,20],[-173,205],[-54,92],[141,73],[29,58],[143,11],[20,-56],[-41,-74],[21,-38],[59,17],[1,1]],[[18357,76358],[6,2],[20,26]],[[18383,76386],[1,39],[-11,38]],[[18373,76463],[-5,37]],[[18368,76500],[36,46]],[[18404,76546],[56,24],[60,-3],[106,24],[62,85],[46,19]],[[19175,76130],[17,-39],[20,-13]],[[19435,75511],[-28,-34],[-7,-34],[1,-246],[4,-23],[39,-39],[19,-59],[27,-21],[-211,-187],[-103,-67],[-122,152],[-157,288],[-123,180],[91,27],[27,49],[89,45],[49,78],[25,-3],[31,72]],[[19086,75689],[125,63]],[[19211,75752],[14,5]],[[19225,75757],[29,-11]],[[19254,75746],[14,-62]],[[19268,75684],[10,-50],[2,-3]],[[19280,75631],[2,-4],[102,-100],[15,-5]],[[19399,75522],[13,-12],[23,1]],[[90914,12361],[43,67],[83,174],[0,0]],[[91040,12602],[0,0],[2,16]],[[91042,12618],[-10,-116],[-26,-103],[-57,-95],[2,-16],[-10,7],[-43,-49],[-5,-31],[-63,-96],[1,-32],[-74,-172],[-39,-249],[-3,-205]],[[90715,11461],[-2,17]],[[90713,11478],[-5,86]],[[90708,11564],[0,69]],[[90708,11633],[3,89]],[[90711,11722],[9,87]],[[90720,11809],[39,209]],[[90759,12018],[1,5],[7,17],[51,113],[9,43]],[[90827,12196],[6,16]],[[91178,15408],[-1,31]],[[91177,15439],[18,14],[23,-63]],[[91218,15390],[-47,-5]],[[91171,15385],[7,23]],[[91259,15588],[0,2],[17,-8],[-7,-22],[9,-32],[-16,15],[-6,-62],[-43,-14],[36,28]],[[91249,15495],[11,65],[-1,28]],[[91189,15928],[10,155],[-36,70],[-14,91]],[[91149,16244],[18,145]],[[91167,16389],[9,71]],[[91176,16460],[32,-53],[88,-50],[4,-49],[-12,-112],[12,-90],[-19,-67],[5,-29],[-18,-10],[20,0],[10,-69],[-9,-17],[-16,15],[-9,-26],[-20,67],[-16,-4],[2,-45],[-17,48],[11,-61],[-8,-96],[-27,116]],[[91347,15295],[-73,22]],[[91274,15317],[-38,24]],[[91236,15341],[-15,11]],[[91221,15352],[-1,11]],[[91220,15363],[3,15],[17,-34],[20,9],[14,-19],[62,18],[22,-21],[8,-40]],[[91366,15291],[-10,10],[-9,-6]],[[91259,15591],[12,93],[-18,52],[22,-2],[0,-30],[9,38],[-13,-153],[-4,29],[-8,-27]],[[96711,25817],[38,118],[2,-39],[-33,-114],[-7,35]],[[96753,26189],[-3,40],[23,17],[-2,-48],[-6,-19],[-12,10]],[[99887,28024],[61,19],[20,-73],[-15,-39],[-33,-6],[-15,14],[-16,31],[-2,54]],[[99928,28274],[13,28],[33,-11],[23,-34],[2,-56],[-46,-6],[-21,14],[-4,65]],[[92981,32022],[-85,-10],[63,19],[22,-9]],[[7891,92565],[13,-11],[11,3]],[[7923,92559],[6,2],[46,131]],[[8158,92957],[32,0]],[[4534,99306],[21,172],[33,100],[28,29],[20,102],[66,89],[152,131],[290,70],[78,0],[13,-19],[72,-14],[168,-167],[34,-71],[62,-17],[33,-28],[31,-58],[106,-51],[49,-44],[26,-64],[113,-71],[126,-118],[46,-88],[228,-189],[57,-29],[162,-5],[179,-92],[100,25],[67,-63],[48,-67],[8,-43],[-65,-17],[-42,-80],[-17,-86],[-176,-55],[-39,2],[137,-152],[28,-52],[73,-27],[257,-22],[145,37],[38,-27],[17,-43],[170,-162],[52,-131],[34,-44],[139,-72],[65,-53],[83,7],[79,-67],[98,-116],[97,-76],[75,-32],[276,-263],[62,-15],[54,-74],[44,-1],[84,-98],[150,-126],[57,-26],[32,-87],[96,-147],[84,3],[122,-32],[92,-99],[358,-263],[122,-111],[61,-12],[111,-77],[141,-144],[21,-86],[50,-50],[25,-76],[-2,-57],[-16,-44],[-101,-138],[17,-184],[-47,-77],[6,-211],[-57,-249],[14,-106],[-66,-187],[1,-45],[36,-75],[3,-306],[-36,-101],[-57,-95],[21,-300],[-82,-108],[-28,-116],[18,-308],[29,-104],[-11,-140],[98,-33],[94,26],[233,27],[78,301],[17,142],[-10,144],[110,88],[165,48],[138,-44],[20,42],[-31,243],[17,48],[131,-25],[122,-92],[105,-361],[48,28],[12,30],[126,17],[180,51],[62,33],[70,81],[175,41],[36,22],[93,141],[15,62],[58,103],[69,7],[204,-61],[103,-74],[36,-46],[26,-98],[41,-88],[52,-48],[31,-104],[128,-127],[99,-216],[133,-171],[28,-68],[7,-56],[64,-156],[265,-288],[99,-244],[70,-114],[58,-221],[46,-44],[210,-96],[118,-248],[102,-132],[58,-135],[26,-31],[39,-133],[121,-171],[126,-120],[98,-39],[24,-54],[127,-143],[53,-124],[80,-15],[80,-41],[87,-89],[90,-60],[15,-35],[24,-224],[-39,-15],[-20,-27],[-3,-118],[119,5],[43,-40],[35,-116],[79,-8],[87,46],[36,-9],[68,-54],[108,-53],[95,-102],[104,-184],[22,-304],[96,-172],[25,-1],[79,46],[79,-4],[108,-66],[95,-99],[101,-12],[79,83],[48,4],[239,-190],[49,-12],[285,138],[67,59],[99,39],[237,-47],[212,57],[83,138],[76,80],[36,11],[65,-2],[131,-94],[111,-27],[194,85],[79,-7],[46,-13],[33,-38],[94,-185],[77,-72],[52,-113],[183,-138],[46,-93],[18,-74],[176,-160],[130,-69],[185,-52],[106,-60],[165,15],[-3,-77],[73,-109],[16,-154],[55,-88],[-6,-44],[29,-164],[24,-65],[3,-40],[-13,-22],[12,-22],[153,-199],[109,-55],[65,-121],[35,-36],[115,-31],[88,12],[141,-70],[55,4],[21,-112],[95,-281],[88,-26],[99,-111],[31,-142],[-18,-148],[24,-70],[-8,-52],[28,-361],[-17,-120],[-3,-136],[60,-65],[84,-46],[74,-77],[287,-201],[147,-193],[96,-39],[153,-23],[90,-77],[51,-70],[73,-192],[68,-77],[96,-62],[107,-16],[57,92],[67,-15],[85,-193],[51,-69],[79,-39],[39,-77],[5,-223],[23,-154],[62,-39],[5,-231],[28,-115],[17,-146],[39,-100],[22,-200],[57,-62],[0,-92],[-57,-146],[34,-116],[33,-61],[23,-177],[56,-101],[11,-323],[79,-200],[129,-211],[73,-7],[68,-34],[123,-141],[42,13],[120,105],[57,15],[149,-78],[206,-176],[115,-180],[86,-63],[62,-101],[69,-192],[43,-47],[140,16],[147,73],[303,77],[138,97],[49,0],[201,112],[158,160],[179,143],[46,15],[112,-48],[252,-252],[179,-45],[274,29],[192,-86],[155,-266],[124,-93],[90,-93],[176,-277],[200,-481],[97,-109],[-62,-207],[51,-50],[10,-104],[18,-30],[-22,-186],[70,-80],[27,-93],[-78,-149],[-2,-66],[20,-51],[-22,-82],[25,-74],[-31,-39],[30,-42],[7,-61],[28,-3],[62,-61],[-6,-98],[16,-47],[-44,-211],[-27,-59],[10,-70],[-30,-131],[38,-108],[4,-58],[-48,-219],[-65,-64],[45,-103],[-11,-46],[57,-126],[0,-80],[-52,-141],[-16,-15],[5,-46],[-32,-5],[-17,-39],[29,-81],[-7,-34],[9,-38],[109,-128],[28,-9],[-70,-117],[-4,-64],[-40,-23],[-46,-2],[21,-141],[-30,-39],[43,-34],[36,-72],[72,-72],[38,-127],[2,-53],[185,-11],[147,-67],[101,-5],[91,31],[55,-8],[72,-56],[91,-21],[51,-46],[64,-18],[40,-39],[-9,-133],[29,-62],[9,-93],[16,-3],[30,-49],[33,40],[49,2],[73,34],[54,45],[35,5],[84,125],[48,106],[47,11],[53,-69],[12,-75],[22,-49],[19,-121],[-19,-67],[33,-91],[101,-123],[19,0],[21,-40],[55,-42],[14,-100],[29,-68],[29,-32],[21,-89],[33,-14],[27,-64],[25,-14],[81,18],[34,-51],[79,44],[133,-46],[66,-162],[61,-60],[17,-44],[111,-63],[19,17],[30,90],[41,34],[65,10],[22,-45],[7,-83],[33,-32],[28,-57],[19,-86],[56,42],[81,13],[97,77],[37,102],[11,116],[129,72],[60,51],[164,1],[61,94],[96,-7],[111,35],[61,-28],[218,66],[87,-19],[90,48],[149,41],[133,79],[186,24],[42,-12],[32,9],[8,27],[21,10],[35,-27],[7,-44],[70,-28]],[[32770,73743],[-5,-76],[-28,-96],[-327,4],[-32,-38],[-114,-17],[13,-23],[11,-100],[13,-20],[-7,-30],[28,-57],[6,-58],[-8,-37],[-25,-13],[-11,-97],[-22,-24],[-1,-48],[31,-85],[-1,-91],[-19,-1],[-24,-41],[-29,-11],[-50,-101],[-25,-12],[6,-61],[44,-58],[-7,-57],[-63,-19],[-75,30],[-107,5],[15,-65],[-10,-76],[14,-37],[-4,-43],[31,-35],[-31,-121],[-44,-80],[-30,-24],[4,-67],[-67,-150],[16,-80],[-23,-11],[-10,-76],[39,-99],[-56,-142],[12,-31],[-11,-3],[12,-92],[12,5],[0,-26],[63,-27],[37,-54],[-1,-29],[-46,-4],[-17,-154],[30,-47],[-21,-49],[5,-80],[-23,-27],[14,-13],[10,-89],[43,-50],[-13,-33],[6,-36],[17,-12],[-8,-51],[17,-47],[-12,-30],[41,-100],[-36,-138],[36,-106],[-88,2],[-25,26],[-6,-13],[-39,3],[-4,24],[-34,-9],[-103,23],[-81,43],[11,33],[-28,59],[-14,-15],[-14,59],[-55,6],[-24,41],[-15,-31],[-15,0],[-15,30],[15,25],[-2,39],[-20,11],[-4,33],[-19,3],[-12,-23],[-29,13],[-17,-21],[-18,86],[-16,-7],[-17,43],[-82,-26],[-23,-32],[-813,18],[25,49],[-11,45],[6,43],[22,30],[33,-5],[23,30],[-45,94],[7,8],[-48,16],[-11,39],[-18,-13],[-2,28],[-5,-10],[-18,21],[14,80],[36,77],[-55,-7],[12,29],[-7,27],[-22,-46],[-14,-1],[-21,43],[-3,-24],[-18,26],[-37,-3],[-7,-24],[-42,15],[-9,15],[38,20],[-48,34],[3,32],[-24,39],[4,33],[-19,17],[-70,-8],[6,50],[-23,28],[21,214],[-113,6],[-101,52],[-59,8],[5,-26],[-115,-87],[-26,-50],[-34,-3],[-23,-48],[-21,-11],[-30,1],[-68,35],[-22,90],[-48,4],[-14,17],[16,60],[15,13],[-55,42],[-10,36],[-13,-3],[-4,35],[-36,13],[17,85],[-26,31],[-7,42],[-93,-88],[-22,6],[-12,39],[-111,9],[-116,51],[-34,41],[-6,-12],[-39,9],[-7,-43],[-27,9],[-4,-24],[12,-24],[-46,-52],[-33,-78],[0,-39],[-34,-71],[10,-37],[-15,-6],[-7,-34],[-35,-13],[-2,-21],[17,-6],[5,-36],[-14,-40],[-24,-7],[19,-25],[-14,-39],[-18,-27],[-19,-2],[-41,54],[-43,168],[7,34],[28,14],[-9,30],[47,25],[21,44],[-23,21],[11,111],[-22,61],[-38,4],[-39,-22],[-76,49],[-21,-22],[-63,77],[1,44],[-26,15],[0,39],[-29,76],[-293,680],[-43,-219],[-65,-207],[11,-43],[-32,-51],[4,-37],[-27,-96],[-53,39],[-4,42],[-93,79],[6,29],[-18,74],[-10,150],[-37,62],[-13,-9],[-42,26],[-26,57],[26,90],[-20,161],[-68,7],[-6,84],[-28,17],[-142,19],[-13,355],[-27,-11],[-23,-47],[-30,14],[-12,28],[-17,-26],[-88,-12],[-109,99],[-12,116],[73,-5],[6,50],[26,24],[23,1],[43,-48],[23,12],[26,45],[37,-2],[8,101],[41,51],[1,59],[-17,34],[14,78],[18,30],[-4,35],[11,25],[27,-11],[-3,38],[10,8],[47,-33],[3,23],[61,31],[-47,127],[-65,20],[-73,-46],[-33,32],[-19,-3],[-47,-74],[-26,-8],[6,16],[-41,22],[-7,45],[-37,2],[-17,-32],[-37,3],[-30,-33],[-20,24],[-64,9],[-2,44],[-18,-14],[-5,19],[-19,6],[-33,170],[16,93],[-15,47],[-43,61],[14,9],[2,11]],[[26774,74736],[4,5],[-2,9]],[[26776,74750],[2,11],[-23,80],[39,61],[-13,46],[9,15],[31,-14],[11,22],[-8,29],[18,26],[-69,76]],[[26773,75102],[-35,-8]],[[26738,75094],[-18,13],[9,76],[28,11],[3,31],[86,99],[29,-11],[75,56],[34,2],[25,-20],[20,9],[11,34],[-28,52],[13,3],[4,45],[24,34],[15,6],[4,-16],[18,32],[65,30],[11,26],[1,58],[-63,39],[1,35],[-22,0],[-10,-44],[-41,17],[3,32],[-18,-11],[-44,96],[-18,-13],[-55,66],[31,28],[13,37],[21,104],[-10,22],[15,19],[15,-11],[0,22],[49,17],[-11,74],[26,46],[-10,20],[49,71],[-25,12],[50,33],[11,48],[-10,16],[18,-1],[16,43],[27,1],[-2,48],[16,16],[-9,13],[19,1],[-17,66],[7,64],[-14,15],[21,37],[-8,34],[10,23],[-36,45],[9,4],[-30,53],[120,72],[14,94],[10,-10],[11,37],[-10,32],[16,7],[-19,14],[9,52],[-8,38],[47,30],[-1,31],[-26,24],[4,67],[-12,26],[-24,7],[8,9],[-25,26],[-9,37],[-62,34],[11,31],[-6,19],[65,-16],[-8,60],[24,17],[-28,59],[-32,1],[19,45],[-7,14],[-21,-10],[2,30],[-32,20],[-22,46],[-12,-12],[-41,8],[17,53],[-40,49],[1,94],[20,19],[5,56],[-61,25],[-14,-20],[-1,-23]],[[27023,78093],[-5,-17]],[[27018,78076],[-49,-2],[-11,71],[-25,57],[25,58],[0,52],[-39,4],[-38,37],[-6,-16],[-43,5],[-47,-54],[-44,-21],[-5,-19],[21,-33],[-10,-7],[32,-55],[-24,-38],[6,-16],[-21,-7],[55,-74],[14,-97],[-16,-43],[-18,7],[-28,-38],[-9,7],[0,-47],[-11,-19],[-23,21],[6,29],[-43,-18],[3,-50],[-17,-79],[-48,-15],[-33,-47],[-5,-32],[-24,-5],[-7,14],[-6,-45]],[[26530,77561],[-24,-16],[2,-8]],[[26508,77537],[-2,-3],[4,-7]],[[26510,77527],[4,-14],[9,-8]],[[26523,77505],[13,-21],[15,-1],[-5,-34],[31,-47]],[[26577,77402],[-1,-3]],[[26576,77399],[-30,-2]],[[26546,77397],[-13,3],[-74,-12]],[[26459,77388],[-9,-47],[14,-80],[-45,-32],[10,-34],[-15,-27],[31,-76],[-18,-6],[-2,-29]],[[26425,77057],[-29,-35],[3,-1]],[[26399,77021],[-2,-3],[43,-10],[-34,-82],[-17,1],[2,-40],[-14,-34],[8,-30],[35,4],[-1,-65],[47,-25],[10,-22],[-24,0],[2,-30],[30,-53],[-11,2],[-25,-86],[-13,-7],[20,-53],[-37,-8],[-19,-38],[-16,-1],[-109,90],[-5,31],[-11,-17],[15,-52],[35,-50],[13,-63],[-4,-28],[-42,-35],[-33,-83],[-18,-11],[-24,-62],[-16,-119],[-58,-58],[-8,44],[-43,17],[-22,-12],[-49,-75],[1,-41],[40,-47],[-26,-83],[40,-84],[-7,-25],[23,-40],[5,-38],[85,-83],[16,-112],[23,-23],[46,-98],[4,-20]],[[26254,75264],[13,-79],[5,-9]],[[26272,75176],[1,-4],[1,-1]],[[26274,75171],[17,-29]],[[26291,75142],[44,-12],[13,-18],[-5,-18],[14,8],[24,-27]],[[26381,75075],[1,-59]],[[26382,75016],[22,-29],[1,-53],[-16,-20],[-12,-79],[28,-25],[-17,-32],[8,13],[15,-34],[-12,-38],[-15,9],[-5,-67],[-72,38],[-63,4],[-94,60],[-26,51],[-23,15],[-29,71],[-34,12],[-54,209],[-23,38],[-13,86],[-30,19],[-1,55],[-60,60],[-3,27],[-71,115],[-56,17],[-7,-6]],[[25720,75532],[-29,4],[-7,-7]],[[25684,75529],[-9,2],[-7,-17]],[[25668,75514],[-8,-8],[18,37]],[[25409,76661],[-19,-37],[-1,-41]],[[25389,76583],[-30,0],[-7,25],[-57,-62],[-32,0],[-47,43],[-48,-1],[7,23],[-44,27],[-6,-9],[-14,34],[-8,-5],[-3,40],[-19,1],[-4,40],[-20,14],[8,17],[-24,33],[1,47],[-64,-20],[0,30],[-59,20],[-30,46],[23,5],[20,30],[-13,37],[13,-2],[-4,21],[13,17],[-64,50],[-7,48],[-15,-5],[-5,29],[-39,6],[-11,26],[-27,-18],[-39,122],[-23,0],[-27,38],[-29,1],[-6,21],[-48,20],[13,82],[-6,21]],[[24608,77475],[1,10],[-15,38]],[[24594,77523],[-38,-11],[-20,65],[-48,27],[14,22],[-2,16]],[[24500,77642],[3,10],[-5,5]],[[24498,77657],[-3,26],[-9,18]],[[24486,77701],[0,6],[-2,-1]],[[24484,77706],[-2,3],[-29,-26],[-27,32],[9,18],[-12,57],[-83,-16],[16,30],[-3,31],[17,11],[-11,51],[-39,37],[-12,69],[-23,18],[6,46],[-12,29],[-14,-6],[-4,50],[-36,84],[-11,-17],[-40,0],[-18,56],[-34,-9],[14,31],[-14,40],[-12,-18],[-45,25],[-58,59],[-22,43],[-23,11],[4,122],[-35,37],[5,106],[-13,12],[-6,46],[-56,-27],[-8,35],[-31,12],[-8,56],[-22,-18],[-25,16],[-13,-16],[-8,18],[-32,-3],[-2,-26],[-26,15],[-22,-66],[-31,0],[-36,54],[-18,-7],[-12,43],[-17,-8],[-7,135],[-28,23],[-4,32],[-61,45],[18,61],[-13,55],[-41,9],[-44,-53],[-26,2],[-48,-30],[-134,170],[-52,121],[-89,43],[-52,4],[-27,78],[-48,60],[-25,29],[-48,-2],[-23,69],[-39,58],[-40,20],[-18,47],[-62,51],[-3,58],[-56,67],[-7,79],[-22,24],[-1,33],[-60,43],[-66,98],[0,40],[-22,12],[-73,110],[8,51],[39,33],[-44,30],[-14,94],[-72,78],[-11,44],[-30,31],[-22,53],[-65,37],[-13,34],[-55,27],[-121,22],[-8,24],[-21,-1],[2,37],[-27,7],[-24,-19],[-24,64],[-83,79],[-20,1],[0,26],[-12,0],[-21,44],[-10,1],[3,-25],[-48,64],[-15,0],[-1,28],[-53,20],[-5,76],[41,-7],[41,66],[-1,82],[12,55],[-9,57],[-28,35],[-39,17],[1,73],[-28,8],[-42,91],[-90,94],[-116,248],[-28,95],[-19,28],[-26,8],[-23,55],[-65,17],[-14,65],[-71,33],[-22,34],[4,63],[38,97],[98,128],[-18,6],[30,35],[-10,28],[-23,27],[-2,2],[-1,1],[-19,-6]],[[21133,82932],[-22,-5]],[[21111,82927],[-38,11],[-30,-21],[-3,-45],[-71,-5],[-41,35],[13,17],[-5,23],[-77,12],[-3,21],[-67,88],[-40,20],[-64,88],[-51,36],[-30,71],[-50,-8],[-13,-24],[1,-8]],[[20542,83238],[-1,-4],[28,-157]],[[20569,83077],[25,-19],[9,-52],[63,-55],[26,-151],[-24,-145],[-70,11],[-8,-24],[-11,5],[-27,12],[-4,45],[-16,10],[-1,-54],[125,-205],[63,-146],[69,-101],[58,-82],[122,-110],[90,-145],[39,-32],[9,-42],[77,-115],[26,-20],[27,-53],[49,-30],[8,-44],[35,-26],[148,-292],[226,-280],[32,-122],[104,-129],[10,-24],[135,-327]],[[21983,80335],[-19,-47],[-2,-27]],[[21962,80261],[-3,-12],[1,-14]],[[21960,80235],[-1,-14],[8,-56]],[[21967,80165],[22,-38],[-17,-69],[15,-54]],[[21987,80004],[-32,-28],[1,-2]],[[21956,79974],[-2,-1],[15,-62]],[[21969,79911],[-1,-4]],[[21968,79907],[-64,20],[-9,-3]],[[21895,79924],[-3,1],[-3,-3]],[[21889,79922],[-5,-2],[-9,-14]],[[21875,79906],[-7,-7],[0,-2]],[[21868,79897],[-1,-2],[-6,-60],[-47,-14],[-5,-36],[-22,8],[-24,-25],[-26,12],[-42,-37],[-37,22],[-12,-31]],[[21646,79734],[-12,27]],[[21634,79761],[-5,22],[-5,1]],[[21624,79784],[0,2],[-28,7]],[[21596,79793],[-25,-15],[-53,22],[-9,18],[11,44],[-41,72],[-39,-63],[-31,14],[-28,-53],[-90,-53],[-80,60],[-75,-38],[-60,15],[-72,-10],[-23,-26],[-25,-93],[-40,50],[-18,-59],[-41,-6],[7,-53],[-8,-20],[-66,38],[-54,-20],[-43,11],[-40,-55],[-37,10],[-40,-55],[-44,-22],[5,-65],[63,-21],[44,-73],[82,-32],[39,-107],[-3,-53],[44,-17],[37,6],[56,66],[3,58],[-13,18],[15,73],[-9,18],[45,69],[38,-65],[66,23],[34,-22],[39,16],[2,28],[108,131],[11,-43],[22,15],[8,-17],[17,25],[15,-32],[5,14],[12,-11],[4,20],[42,-21],[64,28],[33,-61],[-10,-106],[20,12],[20,44],[14,100],[37,6],[45,-36],[-5,-40],[15,-61],[41,20],[16,-16],[-49,-133],[1,-38],[19,-7],[11,-29],[-13,-72],[-13,-10],[-4,-39],[-39,-28],[-7,-41],[-28,-15],[31,-28],[-25,-58],[15,-55],[-21,-33],[14,-49],[24,0],[-2,-18],[-82,-5],[30,-45],[0,-31],[-47,27],[-3,-19],[-45,-31],[-84,22],[-33,-65]],[[21303,78597],[-11,-5]],[[21292,78592],[-2,4],[-38,-21],[-28,50],[-11,-1],[-7,-30],[-74,-106],[-110,-97],[-30,-58],[0,-39],[-53,-9]],[[20939,78285],[19,-112]],[[20667,78214],[-66,49],[-30,7]],[[19634,78879],[-2,-1],[-12,-86]],[[19615,78787],[-55,3]],[[19515,78755],[0,25]],[[19514,78839],[0,5],[-3,1]],[[19346,78819],[-73,70]],[[18650,79304],[-59,4]],[[18571,79319],[-10,11]],[[18483,79421],[-16,18],[-5,2]],[[18189,79591],[-152,96]],[[18010,79709],[-56,52]],[[17735,80004],[-90,96]],[[17671,80572],[-1,25],[-7,11]],[[17581,80659],[-22,41]],[[17352,80734],[-53,138]],[[17299,80872],[19,90],[-56,100],[22,19],[7,32],[-21,32],[-71,21],[-11,-11],[-6,21]],[[17182,81176],[2,8]],[[17184,81184],[29,2]],[[17213,81186],[49,-11]],[[17262,81175],[13,16],[-8,30],[43,15],[-15,45],[2,48],[29,20],[22,45],[38,15],[22,54],[0,45],[-30,28],[-70,4],[-77,44],[-34,136],[-330,22]],[[16867,81742],[-7,-118]],[[16835,81605],[-81,0]],[[13739,84191],[-1,0],[-21,-49]],[[13714,84141],[-17,26]],[[12979,85214],[15,104]],[[13064,85610],[10,21],[-1,3]],[[13009,85990],[-1,5],[-5,2]],[[10891,86206],[-38,-7],[-1,-7]],[[10819,86056],[-64,71]],[[10490,86510],[-86,108]],[[8184,91302],[-13,59]],[[8086,91745],[-42,227],[-8,23]],[[49055,33015],[-11,14]],[[45339,40174],[41,165]],[[45416,40441],[64,169]],[[45522,40698],[107,176]],[[46079,41443],[39,10],[2,9]],[[46154,41484],[5,2],[27,45]],[[46311,41781],[48,-44],[14,-48],[134,-105],[108,-163],[31,-130],[53,-86],[9,-7]],[[46708,41198],[10,-8]],[[46718,41190],[118,-93],[64,-15]],[[46900,41082],[60,20],[99,-9],[62,52],[62,3],[37,-53],[37,-8],[120,94]],[[47377,41181],[56,-70],[56,-9],[24,-42],[51,-33],[101,-32],[120,-9],[119,-91],[45,-89],[93,-78],[186,-92]],[[48228,40636],[8,-4],[105,13]],[[48341,40645],[129,50],[249,56],[186,-34],[138,-89]],[[49043,40628],[8,-22],[23,6],[64,-20]],[[49138,40592],[9,-3]],[[49147,40589],[10,-4]],[[49157,40585],[53,-16],[86,17]],[[49296,40586],[9,-21],[13,1],[51,39],[41,-1],[35,34],[13,-6],[22,35],[23,-2]],[[49503,40665],[35,-15]],[[49538,40650],[24,-51],[43,-28],[108,-2]],[[49713,40569],[40,-22],[157,-125],[11,-9],[13,-10],[72,-93]],[[50006,40310],[62,-47],[56,-15],[35,10]],[[50159,40258],[3,2],[4,-3]],[[50166,40257],[25,-17]],[[50191,40240],[72,-150]],[[50263,40090],[33,-332],[92,18],[22,-3]],[[50410,39773],[39,-4]],[[50449,39769],[15,-2],[3,-2]],[[50467,39765],[64,-50],[68,-105]],[[50599,39610],[50,-140],[-18,-163],[86,-86],[83,-55],[20,-37],[2,-14]],[[50822,39115],[6,-52]],[[50828,39063],[6,-52]],[[50834,39011],[1,-3]],[[50835,39008],[33,-282],[49,-72],[-30,-269],[93,-200]],[[50980,38185],[31,-141]],[[51011,38044],[3,-10],[-20,-94],[-58,-101],[-10,-8]],[[50926,37831],[-334,-267],[-21,-30],[-23,9],[-53,-44],[-10,-44],[-43,-38],[-12,-96],[8,-35],[-38,-10],[-9,-29],[-69,-43],[49,-87],[50,66],[52,30],[37,0],[26,-21],[25,17],[29,-4],[17,-15]],[[50607,37190],[2,-38],[107,44],[133,92],[8,1]],[[50857,37289],[93,14]],[[50950,37303],[77,-53]],[[51027,37250],[59,-40],[128,-24]],[[51214,37186],[143,-121],[166,-70],[16,-115]],[[51539,36880],[2,-14]],[[51541,36866],[0,-5],[28,-50]],[[51569,36811],[30,-18],[3,-1]],[[51602,36792],[15,-1]],[[51617,36791],[46,-4],[124,76],[50,-16],[36,-41],[61,-15],[16,27],[18,4],[88,-16],[42,57],[33,-10],[13,-25],[-13,-45],[55,-70],[47,-14]],[[52233,36699],[41,-36]],[[52274,36663],[-9,-12],[11,-29],[14,6]],[[52290,36628],[32,-93]],[[52322,36535],[17,-49]],[[52339,36486],[32,-95],[-13,-204],[116,-172],[12,-42],[-11,-43],[-47,-67],[-51,-173],[20,-85],[23,-21],[14,-111],[15,-33],[65,16],[156,-3],[97,35],[153,-12],[60,-15],[39,-25]],[[53019,35436],[111,-71]],[[53130,35365],[143,-62],[32,-47],[-22,-89]],[[53283,35167],[-40,-33],[6,-31],[-15,-49],[11,-22]],[[53245,35032],[11,-132],[43,-146],[99,-51],[214,15],[79,-52],[42,-47],[68,-169],[89,-85],[176,-300],[-24,-551]],[[54042,33514],[-33,-9],[-29,25],[-50,-109],[-14,-4],[-93,-149],[-10,-26],[23,-12],[-51,-86],[-24,-86],[-14,-2],[-5,-34],[-39,-37],[-8,-30],[-112,-47],[-28,5],[-17,-25],[-22,31],[-8,-26],[15,-17],[-42,-88],[-21,-42],[-60,-61],[-57,19],[-157,4],[-9,-57],[-27,-12],[-17,45],[-17,-37],[-1,-42],[45,-32],[16,7],[37,-68],[7,-47],[-22,-53],[17,-84],[31,-43],[-28,-121],[29,-9],[50,76],[2,-37],[71,-25],[60,-43],[38,21],[95,5],[61,-23],[6,-62],[21,-44],[-6,-23],[104,-58],[28,-43],[-9,-16],[23,-66],[33,-34],[7,8],[45,-26],[14,-29],[13,14],[20,-10],[19,-59],[20,13],[18,45],[14,-8],[14,-38],[-11,-113],[43,-100],[35,1],[30,-95],[22,-12],[-24,-62],[79,-141],[116,28],[54,-42],[9,-23],[15,1],[6,63],[-43,42],[40,31],[29,62],[64,-20],[10,-56],[177,7],[40,-30],[31,15],[21,-43],[31,-7],[31,-98],[98,-117],[29,-111],[118,-12],[43,39],[86,-54],[129,-1],[-23,-91],[10,-37],[31,-49],[23,18],[41,-65],[32,-5],[57,-77],[72,44],[55,12],[30,54],[32,21],[8,46],[29,9],[82,-76],[34,-89],[88,-62],[38,-49],[143,-16],[36,-36],[23,-95],[25,-27],[162,-105],[50,-98],[162,-140],[65,-29],[58,-92],[67,4],[75,-31],[27,-82],[35,-13],[22,-55],[35,-159],[92,-97],[52,-116],[171,140],[35,65],[59,39],[39,-1],[59,-46],[16,-52],[90,-75],[135,18],[38,24],[1,-34],[10,-6],[8,35],[57,40],[132,-43],[7,-16],[-11,1],[-9,-23],[15,-14],[-1,-20],[-29,-20],[-12,-45],[24,-53],[-5,-63],[31,-31],[11,-65],[50,-13],[-1,42],[23,1],[25,42],[32,17],[32,-7],[-2,-22],[58,-104],[6,-84],[43,-32],[43,-117],[52,-37],[13,-64],[21,-29],[82,-6],[0,-60],[31,-85],[127,-36],[45,33],[26,-15],[0,31],[19,14],[9,-26],[116,-100],[13,-29],[17,-12],[34,24],[24,-47],[17,2],[46,-59],[13,2],[83,-157],[21,-15],[23,13],[14,-50],[98,-22],[42,-27],[9,-55],[36,-14],[41,-120],[29,-32],[8,42],[-32,54],[-1,68],[23,89],[45,26],[71,-36],[54,5],[31,-17],[42,-83],[25,-20],[17,22],[11,-41],[105,-141],[12,-46],[83,-43],[16,-26],[22,-113],[-6,-34],[48,-89],[29,-20],[9,19],[15,-2],[41,-15],[38,-41],[35,16],[54,-45],[34,7],[73,-36],[61,10],[23,-16],[52,82],[32,-27],[15,-47],[38,-13],[14,57],[-10,34],[24,48],[22,-52],[-12,-61],[-44,-69],[14,-30],[-21,-62],[1,-41],[22,-6],[4,23],[16,5],[29,117],[43,92],[22,115],[29,3],[30,31],[21,-6],[4,43],[81,74],[6,-62],[18,-8],[33,41],[13,-6],[7,33],[-93,83],[-10,43],[29,-3],[15,44],[74,30],[47,71],[59,24],[43,-4],[-1,-25],[25,-7],[46,-106],[2,62],[36,13],[6,89],[18,14],[33,-20],[80,80],[4,53],[35,12],[4,41],[40,65],[47,26],[238,337],[43,11],[-16,-82],[6,-58],[-28,-67],[32,-102],[-27,-192],[30,-4],[59,-48],[14,-88],[31,-27],[229,-3],[26,42],[101,80],[13,116],[87,162],[3,32],[22,18],[74,-9],[35,27],[22,55],[39,15],[42,67],[73,71],[14,74],[105,74],[7,40],[31,37],[-4,15],[34,38],[5,37],[32,26],[37,-134],[54,-92],[34,-107],[29,-31],[-5,-33],[40,-43],[77,18],[18,-43],[89,-39],[9,-36],[24,-29],[50,-5],[32,29],[48,0],[59,-71],[88,-41],[50,-2],[43,-47],[18,-113],[18,13],[54,-27],[31,36],[21,-2],[-1,24],[22,30],[22,-34],[16,8],[-8,17],[18,24],[55,10],[32,-18],[10,-16],[-39,-57],[-15,-62],[46,-36],[63,12],[29,-134],[6,-163],[13,-56],[-13,-40],[4,-77],[68,-38],[-46,-62],[11,-42],[131,-41],[67,-39],[104,203],[27,-29],[37,-105],[7,-163],[16,-67],[28,-52],[160,-177],[95,-220],[318,-176],[154,9],[216,144],[12,-12]],[[65348,26609],[32,38]],[[65380,26647],[0,1],[-2,-310],[-17,0],[-45,-90],[-30,-161],[-99,-60],[-61,-79],[-41,-92],[-86,-43],[-217,-61],[-142,-100],[-203,-73],[-112,-95],[-82,-37],[-164,-17],[-84,-29],[-130,-83],[-88,-124],[-3,-91],[66,-46],[25,-40],[4,-76],[41,-115],[57,-77],[-16,-74],[-109,-136],[-23,-50],[-43,-206],[-27,-51],[48,-89],[8,-41],[1,-204],[39,-200],[-29,-93],[-4,-8]],[[63812,23597],[-216,-373]],[[63596,23224],[-323,-364],[-99,-135],[-205,-156]],[[62969,22569],[-1,0],[-13,1],[-15,188],[-63,79],[4,103],[-11,44],[-38,63],[-11,157],[21,54],[-2,47],[-17,42],[-15,126],[-28,28],[9,45],[-10,132],[70,14],[25,74],[-21,55],[4,63],[-14,61],[-28,27],[-14,61]],[[62801,24033],[18,45]],[[62819,24078],[13,12]],[[62832,24090],[163,33],[0,1]],[[62995,24124],[1,0],[38,34],[47,86]],[[63081,24244],[62,59]],[[63143,24303],[-29,80],[-41,39]],[[63073,24422],[-3,11]],[[63070,24433],[6,38],[-91,127],[-130,69],[-67,75],[-64,-3],[-31,-76],[-107,-70],[-32,109],[21,56],[-86,201],[-141,152],[-62,46],[-178,84],[-19,59],[-10,126],[49,153],[-48,43],[-22,-18],[-53,5],[-75,-22],[-49,26],[-8,126],[-23,39],[131,76],[6,60],[-15,39],[-86,71],[-17,52],[-81,48],[-38,63],[-115,68],[-65,171],[-28,-6],[-20,66],[-26,8],[-10,31],[12,90],[26,24],[105,28],[-67,109],[-56,166],[-55,15],[-149,-68],[-17,5],[-62,-46],[-10,1],[-3,28],[-20,-14],[6,-57],[32,-29],[35,-85],[0,-73],[45,-118],[49,-73],[-41,-26],[-38,22],[-76,-5],[-14,43],[-38,26],[6,-26],[35,-75],[45,-43],[41,-7],[3,-22],[-17,-1],[1,-18],[34,-33],[54,-16],[13,23],[45,-22],[-31,-88],[22,-107],[74,-61],[40,-64],[18,-73],[21,-21],[-10,-47],[35,-98],[-53,-98],[22,-134],[-30,-18],[-19,-36],[-64,-25],[-26,-43],[44,-40],[21,-59],[46,-10],[-3,-60],[-42,-2],[-17,-17],[19,-40],[-24,-63],[29,-38],[32,20],[25,-18],[-5,-26],[-29,-24],[-72,-16],[-39,-44],[33,-38],[23,14],[42,-9],[66,34],[53,-11],[24,-25],[40,-70],[37,-33],[18,-46],[-11,-59],[8,-24],[-25,0],[-37,-33],[15,-43],[28,-17],[12,-43],[22,2],[18,-19],[33,-67],[123,-73],[13,-3],[18,29],[56,-52],[47,-98],[2,-33],[1,-23],[-72,-20],[-13,-49],[-68,-42],[-19,6],[-40,-42],[-14,-108],[86,-50],[10,-36],[-7,-118],[8,-81],[-57,-51],[-53,79],[-8,38],[-65,32],[-23,62],[-23,-15],[-49,23],[-22,37],[14,16],[-49,62],[-112,89],[-74,139],[-34,9],[-24,-101],[9,-61],[-16,-43],[-10,2],[-7,-55],[137,-361],[-45,-233],[35,-66],[70,-68],[171,-248],[55,-54],[108,-67],[77,-22],[14,-112],[69,-16],[72,-77],[81,-45],[50,-53],[70,-21],[39,11],[60,-55],[75,-25],[61,-78],[133,-114]],[[62653,22176],[0,-1],[-58,-112],[-3,-3]],[[62592,22060],[-26,-25]],[[62566,22035],[-11,-10],[-2,-1]],[[62553,22024],[-81,-18]],[[62472,22006],[-25,-32],[-79,-41],[-38,-48],[1,-49],[34,-71],[36,3],[91,-92],[-27,-91],[74,-110],[22,-95],[28,-38],[15,-52],[121,-125],[144,-45],[7,-33],[61,-54],[36,-113],[1,-142],[-21,-20],[-1,-37],[22,-90],[29,-56],[69,-18],[93,-119],[25,-18],[14,8],[48,-73],[35,1],[36,-88],[34,-28],[-4,-24],[89,-107],[41,-130],[33,10],[11,-22],[94,-59],[46,-58],[15,1],[41,-93],[0,-60],[54,-43],[66,-115],[17,-1],[28,-47],[-12,-56],[11,-42],[31,-35],[17,-9],[28,17],[17,-23],[59,-212],[60,-46],[17,-55],[28,-18],[18,11],[23,-51],[86,-63],[30,-89],[14,4],[36,-60],[38,-25],[6,-35],[32,-9],[61,-66],[20,4],[74,-81],[0,-27],[39,-80],[-15,-58],[26,-14],[-50,-118],[3,-75],[-52,-125],[4,-20],[-22,-56],[-8,-47],[12,-28],[-15,-35],[-4,-82],[80,-117],[11,-73],[35,-19],[75,-126],[40,-30],[33,-55],[21,-72],[31,-38],[-3,-48],[26,-72],[109,-113],[89,-118],[2,-21]],[[65049,16886],[-2,0],[16,-121],[29,48],[91,1],[42,52],[26,-12],[11,-43],[19,-15],[-6,-112],[84,-92],[60,16],[55,-10],[24,-21],[99,7],[44,-109],[111,-136],[8,-49],[56,-70],[70,-39],[1,-33],[-21,-44],[4,-35],[-28,-38],[14,-75],[44,-57],[46,-24],[12,-38],[31,-4],[8,-33],[58,-28],[23,-33],[-8,-50],[27,16],[18,-12],[24,-42],[-2,-34],[56,-17],[6,-48],[16,14],[15,-40],[90,-41],[34,-37],[-18,-49],[1,-45],[-37,-32],[17,-137],[48,-29],[54,-3],[48,20],[83,-16],[9,-52],[36,-26],[55,11],[29,-25],[46,17],[39,-28],[63,3],[-8,-23],[22,-38],[-29,-47],[3,-24],[32,-27],[19,-93],[42,-31],[7,-23],[-76,-47],[-23,-107],[-23,-35],[70,-63],[39,-91],[-9,-18],[32,-110],[23,-13],[67,55],[52,5],[53,30],[39,-45],[21,-58],[16,18],[36,-1],[37,-105],[56,58],[30,-44],[38,48],[42,-80],[123,1],[11,-15],[-3,-59],[29,-49],[35,-11],[-1,-61],[14,-28],[51,-65],[23,15],[20,-36],[25,7],[4,-51],[25,-16],[-53,-120],[24,-37],[0,-56],[37,-18],[33,-136],[46,-38],[20,-40],[11,20],[31,-40],[51,-22],[18,19],[29,-22],[11,-62],[15,-13],[-12,-48],[53,-75],[110,7],[108,-260],[6,-1]],[[68329,12838],[5,-11],[79,-6]],[[68413,12821],[50,-29],[8,-41],[19,-11],[-7,-45],[18,-8],[16,-42],[13,-6]],[[68530,12639],[7,-10]],[[68537,12629],[-38,-146]],[[68499,12483],[-11,-36]],[[68488,12447],[-38,-71],[34,-84],[126,-95],[44,-91],[-1,-34],[73,-55],[18,-77],[24,-23],[12,-43],[-32,-99],[40,-75],[-34,-3],[3,-21],[-14,-5],[11,-8],[-14,-18],[-17,6],[9,-60],[-9,-35],[35,-35],[-27,0],[-7,-51],[-24,-5],[-17,-37],[16,-27],[-33,-24],[7,-39],[37,-63],[-9,-61],[-25,-28],[5,-54],[88,-55],[32,-121],[37,-12],[-5,-23],[36,6],[11,-22],[-10,-2],[-14,-68],[31,-75],[-34,-22],[-35,-123],[-23,-37],[9,-115],[15,-14],[7,-68],[-10,-28],[57,-46],[0,-30],[17,-29],[19,17],[10,-13],[94,-185],[0,-91],[16,-37],[-7,-17],[50,-54],[-10,-74],[32,-75],[30,-33],[47,15],[44,-46],[-36,-96],[35,-107],[3,-48],[-6,-108],[-16,-36],[3,-84],[-18,-39],[7,-23],[-13,-50],[79,-129],[72,-64],[86,-3],[22,-36],[-12,-33],[1,-83],[45,-80],[26,-4],[-16,-115],[9,-86],[-26,-35],[39,-74],[-79,-119],[-3,-112],[-15,-59],[28,-60],[3,-101],[45,-145],[107,-53],[16,-25],[6,-79],[146,-66],[13,-96],[96,-100],[70,-18],[45,14],[81,-58],[25,-42],[7,-51],[38,-36],[4,-23],[47,-24],[33,-129],[-41,-80],[-36,-40],[-11,-66],[10,-42],[60,-16],[20,-62],[52,-41],[41,4],[17,21],[45,-29],[61,-10],[30,65]],[[70460,6644],[5,-40]],[[70453,6510],[-1,-6],[8,-21]],[[70474,6442],[5,-14],[8,-8]],[[70564,6310],[-8,-15]],[[69047,6198],[-2,1],[35,-55]],[[69060,6125],[-29,55],[-6,-2]],[[68999,6167],[-7,-3],[0,-1]],[[68993,6163],[8,-12],[34,3]],[[69057,6108],[-189,-22]],[[68485,6083],[-63,6],[-145,-6]],[[68267,6086],[4,27]],[[68279,6160],[1,11],[-19,14]],[[67392,6299],[-181,97]],[[67181,6488],[-26,92]],[[67157,6605],[25,121]],[[67204,6755],[35,8]],[[67490,6778],[2,1],[77,175]],[[67577,6959],[3,0],[-4,-45]],[[67576,6914],[-1,-10],[1,-1]],[[67576,6903],[0,-2],[20,-23]],[[67596,6878],[10,-54],[1,0]],[[67607,6824],[0,-2],[4,2]],[[67611,6824],[6,0],[0,3]],[[67617,6827],[2,1],[1,38]],[[67620,6866],[12,4]],[[67632,6870],[-3,-37],[23,-18],[15,8],[4,-35],[14,26],[1,-27],[40,23],[5,26],[21,-6],[65,48],[4,78],[21,0],[32,48],[2,49],[23,51],[62,4],[32,534],[25,107],[-30,-25],[-9,-67],[-17,-27],[-45,33],[-6,-51],[-28,9],[-40,-21],[-35,14],[-33,-66],[-33,-10],[-58,-74],[-18,25],[-49,15],[-20,-11],[0,-30],[-52,-16]],[[67545,7447],[-64,251],[-9,17]],[[67432,7799],[-51,105],[-65,114]],[[67316,8018],[-369,536],[-27,35]],[[66886,8633],[-5,7],[-58,58]],[[66238,9333],[-135,113]],[[65705,10005],[60,66],[17,50],[103,83],[-1,12],[-51,10],[-11,40],[6,16],[33,-14],[23,13],[-30,28],[11,43],[-12,52],[38,40],[-7,73],[47,63],[15,172],[49,6],[17,45],[21,-17],[30,-75],[40,-5],[27,145],[-60,11],[-14,104],[92,49],[1,109],[44,47],[9,77],[-15,18],[-22,-8],[-11,23],[11,20],[-15,5],[-21,63],[14,25],[0,112],[-54,43],[3,97],[-21,52],[42,5],[15,21],[-46,65],[5,40],[19,17],[-15,45],[-31,2],[7,23],[-11,24],[-28,10],[-34,43],[-25,-6],[3,107],[-15,64],[-36,8],[-31,-30],[-43,24],[-6,28],[-54,52],[-16,-10],[-26,63],[-18,95],[17,47],[-3,57],[-51,22],[-32,70],[-68,79],[-37,31],[-44,3],[-3,27],[37,42],[-4,28],[-19,17],[1,37],[16,15],[-10,35],[-23,-3],[-10,-61],[-53,-71],[43,-56],[-1,-17],[-14,-37],[-19,9],[-9,-14],[25,-42],[-25,-13],[-20,-71],[-44,23],[-35,49],[-35,-33],[-1,-74],[-15,-1]],[[65291,12486],[-12,-20]],[[65279,12466],[-49,2],[-31,-39]],[[65199,12429],[-14,22],[-2,-11]],[[65183,12440],[-3,3],[-2,-31],[-30,-35],[-26,-102],[14,-37],[-12,-25],[16,-47],[-10,-22]],[[65130,12144],[21,-52]],[[65151,12092],[-1,-6]],[[65150,12086],[-25,-61]],[[65125,12025],[-5,-9],[-92,-85]],[[65028,11931],[-31,-64]],[[64997,11867],[-13,-4]],[[64984,11863],[-8,1]],[[64976,11864],[-29,55],[-73,44],[-88,-117],[-53,-5],[-12,23],[1,35],[23,-12],[6,16],[-57,69],[-20,10],[-1,-1]],[[64673,11981],[-1,0],[-54,-58]],[[63853,12719],[-403,292],[-136,82],[30,28]],[[63424,13193],[15,14],[25,31]],[[63751,13565],[1,1],[-18,48]],[[64097,14361],[1,3]],[[64243,15552],[-1,3],[-38,68]],[[63842,16254],[-91,79]],[[63743,16344],[-13,31]],[[63730,16375],[-7,17],[2,59],[-42,47],[21,25],[-18,46],[31,2],[-52,59],[-9,211],[13,8],[12,-41],[23,-15],[39,1],[-21,55],[18,104],[29,9],[20,40],[-4,62],[36,57],[9,108],[-8,20],[37,22]],[[63859,17271],[1,73]],[[63860,17344],[0,11],[8,10],[1,2],[5,7],[43,-6],[38,29],[2,19],[-51,63],[-4,62],[-25,23],[-45,7],[-5,55],[-31,36],[15,30],[-5,22],[-56,-3],[-27,42],[-4,35],[-47,36],[11,44],[-9,37],[-27,3],[-20,-30]],[[63627,17878],[-25,10]],[[63602,17888],[-5,3],[-2,45],[-54,58],[-5,65],[-30,33],[-71,-17],[-36,19],[-14,-8],[-20,21],[-8,89],[-76,76],[-32,92]],[[63249,18364],[-34,35]],[[63215,18399],[-13,13],[-1,10]],[[63201,18422],[0,11],[-27,30],[-22,-5]],[[61865,19632],[-3,9],[-47,5]],[[61769,19685],[-23,-29]],[[61746,19656],[-19,32]],[[61727,19688],[-6,9],[-63,50]],[[61658,19747],[-12,10],[-10,22]],[[61636,19779],[-18,36]],[[61618,19815],[-18,35],[-2,12]],[[61598,19862],[-3,17]],[[61595,19879],[-13,76],[-27,23],[-21,-17],[-35,47],[-56,18],[-18,17],[-2,58],[-33,-52],[-41,-1],[-14,-88],[-41,-33],[5,-108],[-19,-41],[18,-106],[-30,-67],[12,-80],[-36,-24],[-16,-30],[-38,54],[-40,-76],[-47,15],[9,-43]],[[61112,19421],[-70,-118]],[[61042,19303],[-5,-9],[-131,-120]],[[60906,19174],[-51,23],[-1,-5]],[[60854,19192],[-18,-46],[-3,1]],[[60833,19147],[-17,1]],[[60816,19148],[-7,46],[-56,47],[-9,53],[-40,8],[-13,-18],[-17,17],[-4,-14],[-3,51],[-32,14],[-41,56],[0,0]],[[60594,19409],[-6,8],[-110,11]],[[60050,19980],[-9,36],[-3,1]],[[60038,20017],[-39,18],[-21,74],[-66,15],[-3,14],[-29,7],[-5,25],[-13,-27],[-24,-5],[-19,21],[-28,-23],[6,44],[-30,17],[33,83],[-10,-7],[-4,6]],[[59786,20279],[-16,21]],[[59770,20300],[-13,-11]],[[59460,21102],[-37,50]],[[59423,21152],[-32,-31],[-44,23],[-22,33],[11,15],[-12,10],[7,11],[-19,4],[-4,21],[-33,-6]],[[59275,21232],[-60,145]],[[58277,22471],[-22,28]],[[58255,22499],[7,99],[-40,71],[-44,-3],[-25,29],[-27,6],[-51,82],[-28,16]],[[58047,22799],[-55,134],[-57,83]],[[56641,25314],[-17,40]],[[56624,25355],[93,87]],[[56773,25555],[14,74]],[[56787,25629],[12,59],[15,20],[-52,49],[17,50],[-15,6],[-29,61],[9,76],[93,25],[14,99],[-21,61],[24,10],[-1,21],[-35,21]],[[56800,26485],[0,49]],[[55005,28124],[-12,-32]],[[54987,28093],[-4,3]],[[53857,29580],[18,76]],[[53884,29692],[3,9],[-11,16]],[[53515,29953],[-69,75]],[[53446,30028],[-34,91],[-54,26],[-20,35],[-35,118],[-33,26],[-9,71],[-30,37],[-32,8],[-31,100],[-125,112],[-7,35]],[[53036,30687],[-29,40]],[[52931,30982],[24,28],[-1,1]],[[52954,31011],[-22,43],[18,33],[-14,42],[13,6],[1,43],[35,27],[1,32],[24,12],[5,27],[-11,14],[40,85],[-17,43],[4,38],[13,5],[-12,54],[-34,7],[37,10],[19,-13],[48,135],[-11,97],[-31,29],[-36,133],[-29,28],[1,18],[-36,14],[-20,30],[-17,-2],[-22,40],[9,16],[-8,23],[-18,22],[-22,15],[-40,-34],[-57,-13],[-96,75],[-3,51],[-45,52],[-16,-9],[-42,20],[-21,-21],[-9,31],[-46,56],[-29,5],[-7,41],[-56,42],[-49,8],[-11,12],[-2,1]],[[52333,32434],[-1,2],[0,0],[-20,23],[-3,41],[-15,2],[-26,-33],[-19,11],[0,-1]],[[52249,32479],[-1,0],[-45,-67],[-40,-97]],[[51449,32726],[-8,11],[-20,11]],[[50850,32895],[-19,15],[-104,48]],[[50164,32448],[-14,-5],[-7,-15]],[[50142,32426],[-36,-73],[-23,-17],[-5,-111],[-78,-33],[-12,-22],[11,-62],[-26,-14],[-33,-48],[-32,-20]],[[49829,31977],[-4,-2],[-4,1]],[[49821,31976],[-10,12],[-36,3],[-1,0],[-1,0],[-19,-22]],[[49754,31969],[-113,59]],[[49250,32172],[-9,16],[-3,1]],[[48946,32222],[-17,2]],[[48929,32224],[6,66],[-45,58],[-6,121],[-44,24],[-8,28],[41,52],[36,0],[26,-29],[8,36],[36,19],[-10,225],[21,34],[31,-17],[6,53]],[[49027,32894],[35,43],[-1,3]],[[49061,32940],[1,2],[-7,73]],[[57869,28752],[-11,38],[-65,-93],[-7,-40],[-49,-32],[30,-31],[43,44],[42,1],[13,12],[-13,38],[9,20]],[[57861,28709],[-12,12],[20,31]],[[57415,28156],[4,20],[0,4],[-26,64],[101,68],[13,32],[-85,-44],[31,25],[28,59],[-3,29],[-35,46],[-46,4],[-33,51],[-27,-12],[-23,-35],[13,-34],[-31,-90],[-43,-2],[-32,-19],[-17,-35],[-30,8],[-13,-13],[17,-23],[44,-7],[-1,14],[22,9],[37,-26],[41,13],[20,-32],[-6,-21]],[[57335,28209],[16,-55],[5,-5]],[[57356,28149],[5,-14],[6,3]],[[57367,28138],[11,-11],[37,29]],[[33268,74444],[-29,-31]],[[33239,74413],[3,24],[26,7]],[[86695,33231],[49,-5],[133,25],[39,45]],[[86916,33296],[25,92],[20,284],[102,98],[17,182],[70,83],[95,16],[94,-25],[106,-80],[77,-120],[32,19],[14,108],[81,83],[121,9],[8,213],[24,74],[5,83],[-25,52],[-46,28],[-16,43],[30,34],[18,117],[18,28],[-1,0]],[[87785,34717],[126,212],[55,59],[84,37],[34,120],[9,117],[-34,126],[-46,68],[-10,34]],[[88003,35490],[-6,22]],[[87997,35512],[-2,6],[15,20]],[[88010,35538],[35,50]],[[88045,35588],[119,81],[71,123],[54,37],[184,-74],[41,19],[50,61],[-30,176],[11,68],[57,158],[0,0],[2,160]],[[88604,36397],[2,150]],[[88606,36547],[1,102],[9,70],[21,37],[99,-10]],[[88736,36746],[21,-2],[13,11]],[[88770,36755],[18,15]],[[88788,36770],[14,11],[120,151]],[[88922,36932],[142,13],[270,96],[102,-40],[30,-40],[29,-163],[25,-40],[150,3],[112,166],[20,40],[16,102],[59,71],[129,0],[14,-2]],[[90020,37138],[49,-8]],[[90069,37130],[10,-2],[2,-16]],[[90081,37112],[14,-92],[3,-4]],[[90098,37016],[3,-5]],[[90101,37011],[24,-40],[13,-4]],[[90138,36967],[15,-4]],[[90153,36963],[12,-4],[59,40]],[[90224,36999],[14,9],[8,2]],[[90246,37010],[42,7]],[[90288,37017],[70,-141]],[[90358,36876],[61,-25],[7,1]],[[90426,36852],[33,2],[43,81],[64,-13],[86,-138],[-20,-89],[16,-53],[116,-89],[111,-12],[154,50],[79,61],[36,96],[7,74],[-46,73],[-53,22],[-40,40],[-16,46],[27,46],[57,16],[15,40],[-2,31],[-65,145],[-30,27],[-37,0],[-13,43],[38,62],[11,129],[37,111],[6,102],[16,49],[80,83],[15,-24],[3,-81],[22,-30],[25,-6],[44,49],[15,98],[-2,81],[-30,77],[-21,21],[-19,-5],[19,12],[-23,2],[-28,-52],[-11,4],[39,156],[-9,164],[28,87],[-16,46],[-53,22],[-17,26],[57,187],[27,180],[2,118],[-18,76]],[[91185,39095],[-3,14]],[[91182,39109],[-5,28]],[[91177,39137],[4,31]],[[91181,39168],[8,33]],[[91189,39201],[86,130]],[[91275,39331],[98,98],[40,73],[52,177],[20,240],[38,81],[47,-7],[33,-39],[32,-153],[65,-94],[49,-21],[8,1]],[[91757,39687],[6,-2],[141,18]],[[91904,39703],[8,-6]],[[91912,39697],[2,-25]],[[91914,39672],[-41,-376]],[[91873,39296],[-11,-35]],[[91862,39261],[-24,-70],[0,-12]],[[91838,39179],[-1,-6],[1,-14]],[[91838,39159],[0,-54],[17,-113]],[[91855,38992],[-45,-239],[0,-6]],[[91810,38747],[-1,-5],[7,-109],[2,-5]],[[91818,38628],[0,-4],[16,-46],[12,-16]],[[91846,38562],[5,-12],[10,-9]],[[91861,38541],[16,-22],[18,-9]],[[91895,38510],[16,-14],[126,-56]],[[92037,38440],[103,-84],[3,-1]],[[92143,38355],[4,-2],[108,-22]],[[92255,38331],[37,9]],[[92292,38340],[17,-43]],[[92309,38297],[3,-8],[-6,-39],[34,-87],[55,-73],[64,-157],[-24,-96],[-140,-241],[-72,-272],[-102,-567],[-55,-497],[-36,-630],[0,-694],[36,-565],[36,-321],[70,-396],[114,-424],[128,-271],[128,-169],[115,-212],[104,-335],[23,-201],[-9,-226],[-34,-95],[-43,-55],[-333,-278],[-57,-106],[-64,-192],[-53,-205],[-86,-456],[-120,-1161],[-20,-399],[-2,-385],[-17,-40],[-4,-102],[36,-758],[0,-435],[65,-826],[-28,-1025],[18,-726],[46,-815],[-14,-59]],[[92065,23698],[-57,-28],[-54,18],[-47,-28],[-45,0],[-23,41],[-8,73],[-35,55],[-1,29],[20,23],[-3,23],[-25,25],[19,173],[-9,63],[-28,54],[4,44],[21,32],[-20,80],[23,53],[5,51],[-7,27],[-32,13],[51,52],[-2,19],[-27,14],[26,36],[0,37],[-14,-1],[-43,-72],[-7,61],[-21,-17],[-16,24],[-34,-16],[3,37],[-21,60],[-80,-22],[55,49],[-14,17],[-27,-13],[16,28],[-21,17],[5,37],[-10,22],[-35,-1],[-21,38],[-49,-24],[-31,25],[-112,-61],[-4,-30],[33,-17],[-24,-21],[7,-70],[-26,13],[-50,-103],[-25,29],[-20,-51],[-25,-4],[19,52],[-32,26],[-15,63],[25,50],[7,-31],[20,-4],[8,43],[-32,41],[13,41],[-26,31],[-29,-45],[-26,32],[-21,2],[-16,55],[-29,-2],[-62,59],[-10,33],[20,19],[-1,32],[-62,2],[26,57],[-34,71],[-46,-33],[-11,39],[-23,9],[-6,38],[-36,25],[-23,-17],[-6,34],[-45,-21],[-39,120],[20,78],[-13,99],[20,24],[-19,31],[-63,20],[8,54],[-51,40],[3,24],[17,2],[-1,17],[30,24],[-6,34],[-21,22],[10,131],[-65,13],[-21,36],[-23,-23],[3,31],[-30,62],[-15,-22],[-27,21],[-41,-18],[-29,14],[-9,28],[-19,-18],[-20,22],[4,36],[-18,29],[-42,-17],[-35,90],[-19,-19],[4,-32],[-37,5],[-10,-14],[-42,83],[-5,-18],[-25,-9],[-2,55],[-62,11],[-9,28],[-30,-8],[-11,34],[-37,-27],[-27,23],[-11,30],[-42,23],[4,31],[-35,7],[-3,14],[-38,-21],[2,29],[-46,11],[-126,-40],[-150,25],[-64,-18],[-70,56],[-31,324],[-527,2194],[-1308,615],[-250,181],[-476,200],[-822,405],[12,49],[-19,5],[24,18],[10,34],[10,-12],[-4,39],[12,8],[5,39],[31,18],[5,-13],[11,10],[28,-15],[28,85],[26,-3],[4,91],[-18,10],[-1,19],[31,16],[3,34],[47,26],[-8,17],[14,38],[25,9],[0,25],[12,5],[-4,30],[-19,17],[-65,12],[15,75],[50,17],[-58,54],[9,38],[-32,70],[15,65],[25,31],[-5,27],[-51,-1],[33,31],[12,107],[-13,38],[-13,-16],[-14,14],[4,46],[-38,40],[34,27],[13,-22],[21,1],[21,29],[0,33],[43,19],[10,44],[-16,11],[0,23],[-27,13],[-6,69],[-11,12],[24,20],[-8,26],[39,9],[-10,148],[59,58],[-4,19],[-15,-7],[2,23],[-15,22],[51,24],[5,19],[33,11],[13,24],[30,-11],[28,25],[22,54],[5,57],[46,-32],[28,3],[51,-79],[0,0],[36,20]],[[86591,32433],[17,43],[2,10]],[[86610,32486],[11,31],[-1,13]],[[86620,32530],[2,10],[-22,136]],[[86600,32676],[29,79],[0,-21],[19,-15],[4,40],[19,-29],[30,58],[0,2],[-14,121],[-45,22],[4,28],[87,52],[-33,71],[-8,50]],[[86692,33134],[-54,69]],[[86638,33203],[56,29],[1,-1]],[[25353,55367],[0,-1],[8,-22],[76,-88],[17,-1],[17,22],[42,-7]],[[25513,55270],[48,-51]],[[25561,55219],[10,-23]],[[25571,55196],[-5,-43]],[[25566,55153],[19,-43],[-15,-8],[-59,39]],[[25511,55141],[-208,206]],[[24515,61272],[10,21]],[[24525,61293],[9,8]],[[24534,61301],[33,-9]],[[24567,61292],[6,26]],[[24573,61318],[26,-23]],[[24599,61295],[64,-82]],[[24663,61213],[9,-14]],[[24672,61199],[-17,-84]],[[24655,61115],[-9,-30],[2,-4]],[[24648,61081],[0,-3],[62,-126],[30,-19],[2,-1],[2,2]],[[24744,60934],[9,0],[3,10]],[[24756,60944],[5,5],[9,35]],[[24770,60984],[59,56]],[[24829,61040],[31,112]],[[24860,61152],[25,31]],[[24885,61183],[25,23]],[[24910,61206],[8,2]],[[24918,61208],[5,-4]],[[24923,61204],[16,-46],[15,12],[86,-46],[48,-76],[-16,-83],[18,-143],[-25,-36],[15,-111],[-40,-16]],[[25040,60659],[-28,-7]],[[25012,60652],[-58,6],[-34,36],[-18,63],[-25,-57],[-17,12],[-5,34],[-14,-14],[-35,15],[-45,-19],[-43,79],[-30,10],[-28,-14],[-27,46],[1,32],[-34,-18],[-16,51],[-31,-28],[-7,-36],[-26,2]],[[24520,60852],[16,31]],[[24554,61029],[1,5],[-11,17]],[[24517,61092],[-12,18],[-40,29]],[[24492,61226],[16,32]],[[640,94148],[-126,163],[-266,255]],[[248,94566],[6,52],[161,-144],[193,-224],[23,-35],[21,-82],[119,-147],[38,-1],[87,-169],[222,-341],[14,-82],[249,-385],[125,-255],[192,-330],[25,-5],[95,-336],[32,-32],[63,-147]],[[1913,91903],[159,-220]],[[2072,91683],[9,-25],[46,-51]],[[2127,91607],[34,-48]],[[2161,91559],[129,-210],[28,-25],[1,-40]],[[2319,91284],[-42,-27],[-49,63],[-405,668],[-77,169],[-72,237],[3,58],[-31,58],[-50,29],[-119,192],[-224,436],[-249,366],[-152,255],[-162,216],[-49,110]],[[28477,52292],[41,-2],[39,-44],[20,-46],[118,-138],[195,-164],[71,-105],[165,-149],[174,-210],[142,-137],[63,-36],[89,-129],[80,-59],[87,-116],[170,-142],[24,-14],[47,15],[38,-22],[-2,-27],[-40,-3],[-51,-28]],[[29947,50736],[-17,75],[-40,-15],[-147,140],[-171,175],[-15,33],[-34,16],[-171,173],[-322,365],[-462,454]],[[28341,52370],[-351,348],[-28,56]],[[27962,52774],[25,-13]],[[27987,52761],[21,-18],[17,-2],[120,-144],[164,-133]],[[28309,52464],[48,-70]],[[28357,52394],[1,-2]],[[23123,18385],[-62,14],[-102,-99],[-16,13],[-6,61],[-33,41],[-55,170],[-24,16],[-41,105],[-61,97],[-69,218],[-143,238],[-37,114],[-18,126],[-58,41]],[[22398,19540],[4,26],[64,-47],[13,-133],[199,-325]],[[22678,19061],[74,-214]],[[22888,18631],[9,-58],[14,-30]],[[22932,18499],[15,-32],[31,-49]],[[30217,50525],[184,-137],[31,-65],[37,-32],[19,-51],[105,-99],[90,-112],[236,-195],[64,-80]],[[30983,49754],[180,-150]],[[31163,49604],[1,-1]],[[31164,49603],[-28,-29]],[[31136,49574],[-405,360],[-568,579],[54,12]],[[28010,52749],[6,-3]],[[28016,52746],[-1,-1],[-5,4]],[[25145,18614],[-21,79],[31,27],[2,45],[58,50],[132,70],[38,231],[87,184],[97,64],[137,-110]],[[25706,19254],[-18,-54],[-8,-112],[-18,-21],[-2,-75],[-18,-34],[-21,-7],[-24,-97],[-2,-108],[13,-44],[-11,-67],[11,-55],[-29,-60],[-4,-29],[11,-10],[-8,-15],[-173,2],[-27,-15],[-39,37],[-29,82],[-97,54],[-40,5],[-28,-17]],[[25347,20509],[12,37],[40,10],[11,-17],[21,4],[27,-41],[80,-43],[12,-77],[-34,-13],[38,-12],[40,38],[62,-25],[7,14],[46,-3],[133,-86],[35,-57],[82,-225],[-2,-50],[23,-33],[1,-27],[17,-7],[-13,-17],[2,-122],[-21,-62],[-4,-111],[-12,-12],[8,-38],[-13,14],[-11,-26],[-33,-13],[-6,-30],[-23,-27],[6,-12],[-21,-65],[-165,112]],[[25692,19487],[39,36],[65,161],[4,69],[36,85],[-22,99],[-45,45],[-166,-5],[-38,30],[-21,36],[7,122],[-18,91],[-45,53],[-108,75],[5,53],[-38,72]],[[20398,21563],[-28,-52],[-71,-23],[20,-315],[85,-126],[36,20],[123,-78],[134,-137],[83,-60],[13,-34],[125,-73],[57,-66],[30,8],[38,-34],[34,6],[176,-132],[61,-11],[27,-60],[43,-18],[69,-103],[22,10],[229,-206],[3,-86],[53,-157],[35,-38],[-1,-34],[51,-23],[14,8],[11,67],[82,-21],[29,-98],[34,-17],[16,-49],[48,0],[69,-93],[44,-25]],[[22192,19513],[55,65],[-42,-114],[-43,-37],[-67,62],[-35,55],[-65,-1],[-44,62],[-167,72],[3,22],[-34,46],[-68,197],[-19,71],[0,61],[-201,157],[-36,-15],[-66,102],[-30,2],[-28,51],[-51,16],[-149,111],[-157,25],[-197,143],[-17,38],[-80,63],[-133,141],[-121,78],[-32,-29],[-76,48],[-43,67],[17,54],[-24,117],[-7,223],[55,81],[72,13],[12,24],[-3,34],[10,-2]],[[20381,21616],[9,-12]],[[20390,21604],[8,-41]],[[21128,22162],[36,0],[47,69],[32,151],[-14,65],[-49,-3],[-21,29],[-1,103],[23,81],[48,78],[20,-10],[19,16],[10,52],[92,144],[113,50],[93,-38]],[[21576,22949],[-21,-92],[4,-58],[-82,4],[-217,-335],[39,-137],[-22,-121],[17,-62],[-51,-140],[-14,-90],[-94,99],[-2,18],[27,30],[-22,17],[-10,80]],[[26302,54427],[-33,0],[1,29],[15,5]],[[26285,54461],[33,-47],[62,-41]],[[26380,54373],[21,-43],[39,1],[45,-89],[-29,-30]],[[26456,54212],[-141,141],[-13,74]],[[25702,54954],[-4,33],[221,-212],[12,23],[18,-4],[91,-128],[23,6],[15,-22],[40,-6],[19,-43],[34,-16],[38,4],[52,-39],[11,-26],[-18,-92]],[[26254,54432],[-40,21],[-512,501]],[[24656,56126],[286,-335],[-10,-12],[-40,23]],[[24892,55802],[-8,-13],[-240,258],[-18,26],[12,22]],[[24638,56095],[2,-3],[16,34]],[[11222,75700],[90,-121],[98,-97],[4,-23],[144,-137],[-39,-28]],[[11519,75294],[-199,201],[-101,141],[3,64]],[[11031,75962],[25,1],[105,-148]],[[11161,75815],[-29,0],[-101,147]],[[24487,76116],[-89,-130]],[[24398,75986],[5,-78],[-18,-39],[-24,59],[-29,-12],[-21,25],[-18,-18],[-41,12],[-141,170],[-36,-5]],[[24075,76100],[-7,6]],[[24068,76106],[0,3]],[[24068,76109],[19,27]],[[24087,76136],[27,-11],[-2,-18],[78,40],[106,-55],[39,34]],[[24335,76126],[6,1],[3,7]],[[24344,76134],[7,6],[22,62],[3,3],[27,22]],[[24403,76227],[49,-12]],[[24452,76215],[40,-65],[-5,-34]],[[10577,76823],[29,22],[8,-59],[39,-26],[37,-58],[1,-64]],[[10691,76638],[53,-119]],[[10744,76519],[-4,-16]],[[10740,76503],[-163,320]],[[55,95157],[8,-51],[82,-208],[22,-107],[52,-58],[42,-100],[-24,-53]],[[237,94580],[-77,81],[-53,94],[-105,349]],[[2,95104],[53,53]],[[29965,50715],[23,35],[45,2],[42,-55],[24,-62],[105,-81],[-2,-23]],[[30202,50531],[-44,-12],[-71,93],[-32,13],[-90,90]],[[27417,53340],[33,9],[101,-81]],[[27551,53268],[84,-95],[10,-6]],[[27645,53167],[9,-11],[52,-29],[95,-120],[213,-203],[0,0],[1,-1]],[[28015,52803],[8,-35],[-48,34],[-43,-8],[-23,12],[-501,491],[9,43]],[[28642,63780],[38,26],[-19,-24]],[[28661,63782],[-19,-2]],[[28729,63937],[-7,22],[21,12],[3,-38],[-17,4]],[[28682,65753],[3,60],[40,-6],[10,-41],[-53,-13]],[[28889,65821],[-3,-15],[-7,8],[10,7]],[[28821,65958],[2,-18]],[[28823,65940],[-27,-12],[-2,34],[21,13]],[[28815,65975],[6,-17]],[[29376,69917],[13,1],[-7,-14],[-6,13]],[[36172,56420],[90,-16],[95,-69],[25,-186],[87,-214],[52,-62],[127,-58],[43,-47]],[[36006,54234],[2,0],[102,-159],[18,-79],[0,-131],[-46,-146],[-19,-119],[19,-126],[189,-186],[155,-113],[65,-64],[90,-37]],[[36581,53074],[63,11]],[[36644,53085],[67,-19],[52,-42],[43,-73],[25,-81],[56,-21]],[[36887,52849],[28,-28],[68,0]],[[36983,52821],[66,-54],[134,-192],[138,-265],[37,-110],[49,-19]],[[37407,52181],[-18,1],[55,-15]],[[37444,52167],[73,-28],[25,-31]],[[37542,52108],[60,-167],[72,-71]],[[37674,51870],[-12,-41],[58,-18],[33,-65],[44,1]],[[37797,51747],[63,-48]],[[37860,51699],[27,-54],[61,34],[38,-42],[41,3],[53,-59],[63,25],[49,-29]],[[38192,51577],[171,-198]],[[38363,51379],[33,-50]],[[38396,51329],[0,0],[87,-132]],[[38483,51197],[-5,-15],[31,-88],[34,-48],[42,-12]],[[38585,51034],[169,-205],[13,-57],[-1,-109],[25,-85],[-36,-67],[-56,-26]],[[38699,50485],[-44,-50]],[[38655,50435],[-11,-3]],[[38644,50432],[-17,5],[-31,-19]],[[38596,50418],[-28,29],[-21,-12],[-5,-22],[47,-72]],[[38589,50341],[-4,-20]],[[38278,50309],[-34,58],[-4,2]],[[38228,50371],[-16,4],[-1,-1]],[[35943,51115],[-44,69]],[[35862,51463],[-13,15],[123,-61]],[[35995,51350],[47,-50],[28,-16]],[[32845,55209],[-125,226]],[[32626,55556],[-5,7],[-124,78]],[[30283,58620],[-61,96]],[[30195,58844],[-89,207],[-22,29]],[[30069,59101],[-17,24],[-31,18]],[[29654,58499],[27,-113]],[[29682,58358],[-2,-18],[-19,8]],[[29606,58436],[-7,10],[0,4]],[[29599,58450],[3,1],[0,160],[-24,79],[-75,136],[-50,47],[-22,2],[0,43],[29,51],[-40,52],[-75,54],[-12,212],[1,26],[24,31],[-13,39],[68,49],[-7,86],[25,151],[-13,4],[53,80],[12,201],[-33,67],[-16,200],[-19,-24],[-64,134],[-58,14],[-3,64],[-67,79],[-42,-11]],[[29275,60888],[-98,177]],[[29356,63116],[54,16],[4,22],[-6,6]],[[29408,63160],[0,7],[-101,90]],[[29307,63257],[-3,22],[-13,11]],[[29291,63290],[-9,20],[-11,-1],[-15,83],[10,24],[-112,33],[-79,-8],[-77,53],[-117,-3],[-55,34],[-43,-43],[-91,69],[-21,-40],[-40,68],[-64,41],[175,80],[53,-9],[-1,41],[-46,11],[-36,53],[-56,-41],[-9,8],[-56,-30],[-7,45],[-74,87],[64,76],[-25,49],[-50,31],[-26,-71],[-47,-28],[-33,25],[-64,-6],[-69,61],[-26,46],[-25,-19],[-32,19],[-6,29],[-69,17],[-79,114],[-6,41],[24,50],[39,35],[62,107],[119,29],[46,58],[0,23],[-82,29],[-44,80],[-29,5],[-16,38],[-13,128],[22,61],[-2,83],[-90,77],[-49,86],[-12,0],[-11,52],[-43,5],[-10,-13],[-55,89],[-40,3],[5,33],[-52,36],[-5,72],[21,66],[-30,39],[-24,5],[3,58],[24,26],[-8,30],[-44,46],[-23,120],[-85,1],[-23,31],[-7,39],[-73,58],[-47,-32],[-84,-21],[-47,80],[-7,48],[-52,-33],[-42,19],[-338,-92],[-8,-32],[-37,22],[-44,-6],[-20,-26],[-65,29],[-23,-36],[-56,72],[-32,5],[-68,71],[-166,128],[-46,69],[-93,254],[-15,161],[-5,503],[69,81],[-17,80],[50,171],[-7,35],[9,17],[19,-7],[6,51],[21,29],[-31,42],[14,7],[2,31],[25,29],[18,56],[-10,79],[110,161],[-20,29],[-52,-10],[-44,25],[-44,-4],[-8,106],[13,70],[39,75],[-25,57],[-30,-28],[-39,9],[-36,135],[-46,19],[-13,-11],[-60,114],[-51,29],[-38,-12],[-47,22],[-25,56],[-27,5],[-35,46],[3,-72],[-18,-11],[0,-26],[-21,-31],[-14,-81],[-40,-19],[-52,17],[-17,-60],[-42,9],[-61,39],[-14,130],[-19,-1],[-179,193],[-23,134],[-38,69],[79,42],[50,-40],[40,22],[18,44],[66,75],[1,31],[48,14],[53,-41],[24,52],[-20,53],[38,73],[-24,31],[-8,134],[-58,102],[16,40],[-70,1],[-47,54],[-77,10],[-60,42],[-55,95],[-48,-28],[-47,66],[-35,-34],[-59,11],[-37,40],[1,41],[-32,88],[-32,-27],[-10,41],[-19,0],[21,66],[38,8],[20,18],[-2,17],[-25,-17],[-41,5],[-16,16],[-1,33],[-22,-17],[-29,14],[-10,35],[-34,24],[-71,-57],[-43,-4],[-18,18],[-15,64],[-62,-23],[-114,36],[-9,17],[30,39],[-9,18],[-49,-52],[2,95],[-77,13],[5,26],[-18,5],[10,34],[33,36],[8,40],[-10,17],[-36,-24],[-108,34],[-30,-65],[-44,33],[-19,50],[-64,8],[-55,-44],[-28,8],[-13,-20],[-44,44],[-14,-13],[10,-28],[-15,-11],[-94,-7],[-24,36],[-92,-40],[-47,22],[3,30],[-18,37],[-36,26],[10,44],[45,39],[33,65],[33,-14],[17,10],[44,92],[-71,-17],[-43,31],[2,44],[103,47],[-9,35],[19,44],[-17,8],[18,61],[-8,51],[-78,26],[-13,23],[47,127],[-15,21],[-27,-8],[-134,-177],[-144,-40],[5,-39],[43,-72],[-27,-128]],[[23625,70906],[-9,-35]],[[23616,70871],[-71,-175],[-52,-21],[-44,72],[4,55],[-31,24],[-5,152],[-20,62],[-12,18]],[[23385,71058],[-8,20],[-12,11]],[[23365,71089],[-7,11],[-28,21],[-47,5],[16,26],[-78,53],[-18,67],[-9,151],[-62,118],[1,44],[-18,13],[-5,-13],[-18,31],[-12,-8],[-105,45],[-25,-3],[-114,102],[-121,74],[-36,59],[-55,22],[-25,-6],[-18,26],[-39,135],[-3,87],[-18,30],[-1,178],[-24,6],[-12,40],[15,126],[-46,116],[2,71],[-63,43],[3,56],[-85,-7],[-95,66],[-75,120],[-33,89],[-42,61],[-34,7],[-2,32],[-37,50],[44,92],[5,81],[48,94],[9,126],[21,30],[6,50],[20,11],[44,200],[-334,-122],[-170,57],[-57,-12],[-108,131],[-22,-19],[-15,18]],[[20858,75716],[-14,155]],[[20602,77523],[61,4]],[[21009,77403],[-21,-90]],[[20988,77313],[0,-53],[35,-93],[37,-21],[28,5],[72,-141],[66,-32]],[[21226,76978],[11,-85]],[[21237,76893],[18,-5],[5,-71],[88,-72],[2,-32],[-34,-110],[13,-48],[63,-107],[45,-29],[17,6],[67,-97],[37,-96],[54,-88],[74,-54],[39,108],[-48,58],[-48,29],[-8,21],[14,16],[47,-7],[67,37],[32,-16],[77,16],[74,-19],[85,62],[18,59],[-6,17],[26,8],[8,26],[-2,36],[44,-17],[37,-50],[47,-23],[10,46],[16,18],[50,30],[25,-3],[19,35],[-13,69],[9,24],[27,4],[17,-41],[-6,-50],[37,-70],[34,-15],[45,10],[19,63],[126,78],[52,10],[15,-31],[118,-64],[18,-68],[-22,-33],[1,-22],[67,-76],[62,-25],[7,-66],[46,-135],[36,-4],[60,-42],[6,-82],[35,-89],[36,-19],[47,14],[82,-76],[32,18],[-2,-94],[51,-51],[60,-33],[12,25],[42,-29],[38,43],[37,2],[31,-123],[33,-61],[29,-9],[9,-75],[24,-62],[146,-219],[71,15],[92,-11],[98,-92],[182,-78],[113,-215],[11,-73],[81,-87],[4,-30],[41,-61],[101,-220],[28,-128],[48,-22],[19,-90],[27,-26],[12,-44],[7,-70],[106,-2],[87,28],[52,-50],[18,-40],[15,0],[15,-69],[22,-9],[10,-26],[29,7],[5,-36],[26,-26],[-11,-59],[20,3],[7,-23],[43,-41],[26,3],[25,-43],[27,15],[31,-21],[26,13],[22,-46],[-14,-45],[14,-13],[14,12],[-9,-19],[11,-23],[46,-23],[3,-40],[23,6],[15,-44],[55,2],[12,127],[22,58],[36,5],[-29,144],[-29,76],[-7,92],[-27,-1],[0,16],[-52,-27],[-2,-32],[-30,-50],[-56,-51],[-12,49],[-45,64],[-130,74],[-25,50],[3,114],[-27,132],[-44,33],[-47,3],[32,50],[11,107],[-12,45],[-32,13],[-23,58],[-26,16],[-2,76],[-41,2],[38,18],[109,-34],[24,10],[13,48],[-5,89],[15,34],[37,-9],[13,56],[52,31],[56,-5],[-3,57],[46,105],[-19,103],[12,20],[26,-7],[15,-78],[54,-78],[5,-36],[68,8],[25,-39],[33,-6],[104,-155],[42,-21],[41,-66],[130,-75],[-6,-29],[-41,-16],[-2,-22],[67,-133],[62,-31],[-10,-19],[12,-23],[-13,-59],[33,-45],[72,-15],[8,-50],[32,-37],[10,-70],[-11,-20],[4,-58],[53,-64],[-13,-22],[-39,-6],[-18,-53],[44,-79],[16,7],[-6,70],[30,8],[66,-20],[28,37],[3,29],[56,16],[34,34],[52,-6],[13,-20],[-63,-80],[-51,-138],[50,-70],[30,-9],[53,18],[48,-20],[25,-61],[-35,-70],[14,-57],[118,-139],[6,-94],[-17,-47],[-3,-143],[-40,-277],[-118,-188],[-30,-26],[-26,7],[-20,-43],[-63,-68],[-41,-135],[25,-37],[-51,-46],[-42,-3],[24,-54],[-48,-22],[67,-135],[6,-63],[30,-14],[111,2],[46,-108],[-9,-38],[5,-175],[-24,-13],[-47,48],[-36,-38],[-36,10],[-45,-99],[23,-40],[-3,-69],[17,-41],[-8,-52],[32,-160],[59,-70],[13,2],[-22,-41],[0,-48],[29,-60],[55,-43],[2,-71],[36,-99],[-6,-151],[18,-73],[7,-128],[33,-95],[-7,-23],[15,-42],[79,-60],[5,-28],[38,18],[8,-11],[0,-26],[23,-38],[4,-153],[41,-30],[35,6],[-59,-59],[4,-66],[-23,-29],[5,-33],[-14,-33],[18,-20],[42,25],[15,-9],[10,28],[-7,35],[21,-8],[15,23],[18,-30],[19,16],[12,-18],[8,20],[21,-16],[24,27],[-2,-41],[30,-14],[15,-57],[25,19],[5,-43],[-25,-31],[23,-57],[36,-29],[25,5],[-4,-27],[-33,-26],[-62,45],[-40,-28],[-36,35],[-28,-59],[-40,-25],[-43,-70],[7,-79],[26,-42],[-5,-44],[21,-26],[23,-87],[55,-49],[14,-52],[31,-33],[53,4],[37,-15],[14,-27],[98,-5],[17,-21],[34,13],[30,-52],[32,-127],[25,16],[86,-24],[15,-33],[29,-15],[0,-49],[-13,-7],[-13,-65],[-28,-1],[-44,-33],[-42,19],[-6,-45],[-16,13],[-2,-24],[-26,-1],[-33,-32],[28,-62],[-28,-71],[36,-43],[-56,-63],[-5,-88],[101,10],[38,-15],[43,-43],[29,-6],[18,-48],[19,22],[17,-6],[3,-31],[25,-32],[30,7],[55,-46],[25,16],[1,-18],[26,-17],[20,19],[10,-33],[23,8],[4,26],[37,-45],[70,-2],[38,37],[96,-42],[15,53],[48,-14],[3,48],[17,3],[-10,-204],[27,9],[14,-21],[36,23],[15,-14],[-14,-20],[-2,-97],[57,-10],[36,-62],[5,-41],[25,7],[23,-106],[24,-30],[7,-39],[73,-35],[-12,-32],[-23,45],[-34,-11],[-12,-25],[21,-46],[34,1],[32,-34],[67,35],[31,-99],[29,-16],[18,39],[10,-4],[3,-70],[-14,-37],[32,-56],[42,-12],[51,-149],[-20,-65],[-23,0],[47,-158],[53,9],[32,26],[0,-86],[105,-47],[28,-46],[-18,-16],[4,-31],[-42,23],[-92,-45],[-1,-127],[10,-13],[20,28],[21,2],[21,-61],[62,29],[43,-48],[38,-11],[16,-102],[10,-24]],[[28823,65940],[16,-30]],[[28839,65910],[-29,-51],[-44,-35],[2,-42],[-22,-30],[12,-63],[63,-81],[19,18],[28,-44],[50,-32],[30,-56],[52,-16],[-24,-87],[-42,-41],[-20,-50],[74,-36],[21,-36],[11,23],[50,-52],[41,0],[9,29],[-6,32],[22,-12],[1,123],[17,16],[33,-5],[38,-55],[11,-63],[32,10],[-3,-41],[-12,-8],[-8,19],[10,-66],[61,-61],[39,32],[15,-67],[33,-2],[9,-161],[31,-69],[-82,-246],[-22,-17],[-41,39],[-16,-8],[-9,13],[-15,-25],[-25,39],[-8,-16],[-13,8],[-44,118],[-14,-41],[-21,20],[2,24],[-34,-7],[-8,-21],[-40,24],[17,-100],[53,-45],[27,13],[29,-9],[14,-25],[102,-12],[5,-53],[-60,-57],[-12,-93],[13,-11],[25,-16],[47,49],[109,-81],[66,-8],[17,13],[32,-12],[22,-33],[15,15],[10,-31],[69,-60],[11,-97],[37,-69],[-10,-16],[7,-24],[22,-23],[23,-78],[-11,-63],[84,-7],[27,13],[10,-83],[77,-8],[35,-66],[22,-97],[-9,-53],[-55,-42],[-8,-55],[-56,-116],[-14,-84],[-43,7],[-22,-74],[57,-102],[19,-66],[43,4],[21,29],[8,-71],[-21,-122],[21,-88],[-29,-38],[63,-64],[60,-25],[52,-112],[45,-39],[47,-93],[46,-48],[22,-7],[68,30],[65,-34],[47,14],[61,-104],[74,35],[100,-44],[37,-46],[42,-12],[31,13],[5,-39],[-13,-8],[38,-88],[114,-40],[27,-43],[44,7],[40,-38]],[[31014,61924],[36,-4]],[[31050,61920],[1,-7]],[[31051,61913],[-18,-47]],[[31033,61866],[47,-50]],[[31080,61816],[27,-98],[-2,-34],[-37,-29],[-138,-173],[-142,-210],[-318,-114],[-80,-109],[62,-15],[29,-51],[69,-58],[32,-62],[181,-76],[114,7],[114,-87],[171,-73],[101,-149],[67,-47],[45,-132],[31,-150],[57,-43],[84,-20],[0,-75],[24,-90],[52,-40],[0,-111],[-42,-170],[12,-76],[16,8],[8,40],[18,20],[107,61],[186,37],[127,-252],[77,24],[68,-163],[103,-47],[235,-398],[143,8],[156,-111],[-7,-254],[82,-136],[118,-100],[127,-37],[80,40],[59,-150],[-37,-110],[27,-153],[60,-40],[69,-337],[234,-386],[6,-33]],[[62106,38382],[1,-1],[216,-105],[962,-378],[83,-46],[33,-41],[-13,-7],[2,-25],[-55,-105],[15,-24],[-19,-62],[11,-41],[-15,-83],[15,-28],[-4,-31],[19,-17],[-34,-56],[21,-31],[153,-83],[154,35],[15,-13],[100,23],[69,-14],[52,-56],[-18,-20],[14,-10],[-16,-19],[26,-14],[-16,-14],[13,-15],[-13,-21],[18,-28],[-24,-44],[17,-41],[-23,-158],[7,-47],[59,-53],[77,-38],[20,-47],[32,-2],[19,80],[4,-18],[77,19],[55,-33],[28,-38],[51,25],[-2,-20],[39,-55],[-12,-11],[-5,-47],[21,-16],[21,-82],[123,-598],[53,-149],[54,-107],[117,-166],[-53,-388],[-19,-221],[11,-137],[-27,-221],[40,-249],[-8,-151],[22,-18],[104,-237],[45,-56],[5,-53],[52,-39],[273,27],[109,-13],[355,14],[65,-27],[167,-119],[142,-74],[17,-27],[176,-123],[88,-3],[46,-32],[42,-3],[270,-232],[17,-43],[156,-167],[108,-169],[54,-114],[6,-46],[28,-8],[5,-58],[87,-212],[76,-9],[123,-82],[20,39],[17,5],[89,-9],[51,-63],[25,35],[15,63],[39,-9],[33,20],[35,-11],[90,-161],[80,-25],[51,6],[78,-57],[-17,-87],[-17,-19],[5,-15],[98,-89],[24,-6],[0,30],[14,8],[105,-57],[121,-109],[-2,-52],[94,-30],[46,-34],[12,-35],[41,-18],[29,-64],[63,-56],[7,-24],[50,-10],[16,-31],[40,-17],[94,26],[58,-16],[12,11],[26,-111],[-10,-91],[25,-30],[-23,-53],[4,-80],[48,-185],[-24,-68],[-9,-91],[16,-25],[34,22],[6,-32],[41,-17],[32,9],[46,-29],[16,11],[-14,-40],[24,-13],[7,-30],[43,-16],[28,-42],[-22,-24],[49,-40],[44,-100],[-12,-41],[8,-12],[-20,-46],[19,-21],[-54,-146],[-3,-52],[39,-32],[72,33],[31,-8],[33,-54],[57,120],[35,-11],[34,12],[23,-13],[61,-101],[58,40],[95,12],[36,19],[17,-2],[3,-79],[69,-13],[40,-31],[299,-2],[38,-21],[184,-180],[17,-40],[120,-120],[37,-159],[61,-43],[-2,18],[29,37],[41,-1],[93,-35],[36,-35],[74,77],[9,39],[21,23],[86,11],[16,-37],[19,28],[138,26],[59,76],[29,-16],[11,-44],[-19,-51],[-67,-45],[-42,0],[-102,-167],[-67,-25],[-26,-31],[-27,15],[-52,-97],[-24,34],[-124,-60],[-59,34],[24,-1109],[25,-9],[-33,-50],[-19,-67],[48,-11],[84,-79],[33,-2],[-2,23],[31,7],[1,-20],[44,13],[21,-19],[4,-23],[23,5],[-3,35],[20,-21],[11,29],[-11,48],[14,62],[30,11],[14,49],[42,20],[0,20],[42,-4],[45,40],[6,33],[41,15],[5,31],[30,7],[0,-30],[18,-17],[7,15],[35,9],[9,-25],[65,-8],[31,9],[78,108],[140,42],[61,-58],[56,16],[53,-49],[42,-17],[42,-53],[26,9],[26,-27],[26,-97],[32,-47],[-10,-9],[28,-78],[5,-32],[-13,-31],[13,-21],[19,-4],[2,-16],[110,-105],[23,-6],[-3,-29],[38,-28],[27,-47],[46,24],[51,-65],[4,-36],[-44,-131],[13,-34],[-6,-89],[-52,31],[-84,-15],[-30,-17],[-14,-35],[10,-41],[-9,-38],[28,-46],[-7,-8],[21,-106],[16,-16],[32,2],[20,-38],[78,-43],[-48,-129],[3,-28],[-76,-24],[-6,-31],[8,-33],[86,24],[36,-42],[-35,-104],[-32,9],[1,-16],[32,-7],[1,-18],[29,57],[51,2],[71,68],[36,-22],[2,-34],[32,-38],[21,-3],[-2,42],[-27,-5],[-17,114],[-27,51],[23,37],[31,7],[-7,50],[24,36],[-8,133],[-14,21],[3,66],[-79,134],[9,15],[45,-31],[61,14],[18,78],[79,-30],[16,-27],[-17,-74],[12,-118],[6,19],[25,-16],[63,24],[85,161],[27,21],[16,61],[-40,53],[50,40],[2,200],[47,33],[17,-45],[-3,-17],[-22,0],[15,-104],[19,-36],[55,-54],[3,25],[77,-45],[41,-5],[28,-39],[52,-137],[76,41],[81,-64],[11,-131],[19,-61],[87,16],[-83,-300],[-42,-26],[-52,14],[-158,-4],[-39,-34],[-20,-43],[-63,-11],[-4,49],[-8,-20],[-12,14],[2,-31],[-39,-2],[-12,-30],[39,-9],[-11,-106],[-61,-9],[-12,-16],[-20,15],[11,-35],[-42,7],[35,-25],[-41,-100],[1,-45],[-139,-54],[-46,-53],[-69,32],[8,22],[-10,-3],[-12,-35],[-16,15],[6,-24],[-43,-37],[-10,-57],[-30,1],[-38,-25],[30,-15],[-8,-19],[-42,9],[-26,-45],[-56,-8],[4,-37],[69,-49],[35,-65],[38,13],[104,107],[70,-35],[5,-15],[-35,-21],[-9,-121],[-67,-59],[-23,-40],[-23,5],[12,-18],[-24,-1],[30,-15],[10,-24],[-95,-108],[118,73],[151,37],[0,-44],[-30,-54],[-29,-11],[-11,-65],[20,48],[81,62],[-3,40],[23,-7],[-3,41],[67,35],[15,-27],[-5,30],[15,20],[43,-4],[19,50],[29,-8],[14,-47],[8,53],[16,12],[43,-1],[20,-48],[-2,72],[19,14],[19,61],[22,-14],[-5,-62],[36,7],[-16,62],[46,29],[14,-34],[-3,-42],[60,2],[-9,-29],[19,-22],[7,28],[86,-6],[37,-62],[-1,-45],[-40,-76],[-53,-282],[-45,-7],[7,-35],[29,-18],[-8,-30],[-45,-23],[43,-9],[27,57],[-8,-104],[19,-73],[-13,-30],[9,-17],[35,-15],[6,-38],[29,-11],[58,16],[53,-20],[3,-41],[19,-18],[-45,-86],[-45,9],[0,-24],[34,-21],[-82,-72],[30,-41],[31,65],[21,-2],[-11,-27],[5,-43],[7,28],[8,-11],[4,45],[17,-39],[-3,42],[23,-3],[14,-57],[16,45],[25,13],[47,2],[5,-46],[30,8],[1,41],[28,-130],[9,77],[9,-20],[20,4],[-40,48],[44,17],[130,-159],[-27,-18],[-37,18],[24,-31],[-31,-43],[-50,10],[38,-36],[-7,-25],[-24,0],[1,-11],[30,-14],[10,-94],[-79,-32],[-16,49],[-25,0],[-4,-54],[-38,-37],[4,-25],[58,-36],[90,40],[86,2],[-5,-64],[-53,-36],[-14,-73],[-38,-74]],[[73685,23677],[-15,-123]],[[73670,23554],[-1,-2]],[[73669,23552],[-26,-11]],[[73643,23541],[-56,-64],[-101,2],[-36,33],[-15,42],[0,84],[-62,2],[-29,67],[-1,-45],[24,-29],[4,-102],[-43,0],[11,-109],[21,0],[7,-60],[-14,-38],[-58,22],[31,-72],[11,0],[0,-45],[31,0],[-14,-90],[17,-47],[17,-3],[-11,-37],[8,-103],[-15,-13],[-80,66],[-61,1],[-132,-41],[-31,-47],[-9,45],[-70,40],[5,29],[-29,21],[-50,-71],[-38,-13],[-22,-32],[-36,45],[-30,-20],[-31,47],[-53,-1],[-17,35],[-20,7],[-9,38],[-52,-14],[0,35],[-18,20],[7,30],[-25,57],[-50,9],[-10,-33],[-43,54],[-15,124],[-131,2],[-3,-54],[-102,-145],[-248,-44],[18,-37],[-17,-16],[-6,-44],[-64,87],[28,71],[-10,42],[-48,-1],[-18,68],[-64,38],[-41,78],[-45,27],[-24,66],[-20,-2],[-43,22],[-10,26],[-46,13],[-17,57],[-104,114],[-14,64],[-109,105],[0,12],[57,-7],[14,81],[36,51],[-8,87],[-19,43],[-26,4],[50,59],[33,91],[59,-9],[-13,93],[-60,5],[-18,149],[-48,58],[-44,-9],[7,64],[-40,32],[-66,-19],[-28,33],[-10,-20],[-37,-14],[-4,-46],[-47,15],[25,39],[-18,32],[-39,-12],[-18,27],[-12,61],[-58,48],[-34,71],[-5,3]],[[70942,24926],[-3,6],[-32,16]],[[70907,24948],[-19,12],[-5,0]],[[70883,24960],[-5,2],[-26,-2]],[[70852,24960],[-25,-1]],[[70827,24959],[-30,57]],[[70797,25016],[-47,-21],[-47,42],[-37,0],[-46,45]],[[70620,25082],[-49,20],[-3,-1]],[[70568,25101],[-6,3],[-5,-6]],[[70557,25098],[-13,-3],[-23,-30],[-10,-17]],[[70511,25048],[-1,-1],[-13,-25],[-7,-76],[-40,-49],[-30,1],[-50,-34],[-18,9],[-12,-27],[-41,6],[-45,33],[3,-45],[-38,-23],[-36,11],[-98,-16],[-14,48],[-62,10],[-22,-21],[-4,66],[-22,12],[-21,72],[-44,49],[12,73],[-28,-7],[-29,22],[-18,-26],[-42,-6],[-36,60],[-24,7],[6,28],[0,0],[-1,0],[-31,8],[-2,-5]],[[69703,25202],[-5,0],[-6,-36]],[[69692,25166],[-33,-29],[-1,0],[-1,-4]],[[69657,25133],[-11,-35]],[[69646,25098],[-23,5]],[[69623,25103],[-15,6]],[[69608,25109],[-10,103],[-1,1],[-15,1],[-11,-43]],[[69571,25171],[-55,8]],[[69516,25179],[9,46],[-23,64],[-44,-29],[-22,19],[-24,-33],[-60,44],[-21,-26],[-10,-71],[-25,-8],[-6,18],[-9,26],[0,0],[-1,0]],[[69280,25229],[-11,5],[-3,-3]],[[69266,25231],[-5,0],[-15,-24],[24,-26]],[[69270,25181],[-31,-21]],[[69239,25160],[-19,30],[-21,7],[-26,-25],[-3,30],[-108,72],[0,0],[-20,-5],[-18,-27],[-46,-12],[-22,21],[-2,-3]],[[68954,25248],[-1,1],[-38,-46]],[[68915,25203],[15,-50],[8,-11]],[[68938,25142],[3,-10],[5,-1]],[[68946,25131],[8,-10],[46,-4]],[[69000,25117],[0,-27],[25,-18],[-27,-108],[-41,-98],[53,-86],[-17,-197],[59,-4],[73,-67],[70,-27],[43,-51],[-15,-66],[17,7],[74,-60],[28,7],[19,-16],[49,34],[27,-19],[26,21],[26,-17],[18,10],[67,-67],[44,-73],[67,-16],[-12,-49],[-88,-96],[-113,-88],[-2,-58],[-54,-131],[8,-25],[-78,-104],[-23,-93],[-32,-8],[28,-123],[-3,-132],[36,-95],[-47,-47],[-15,-54],[-24,-28],[-49,-29],[-3,-24],[27,-36],[4,-65],[-29,-32],[-9,-53],[-33,2],[-98,-88],[3,-41],[23,-31],[14,-64],[-45,-14],[-33,37],[-15,43],[-33,4],[-78,-46],[-21,-32],[0,-67],[79,-17],[-55,-139],[-5,-46],[69,-65],[56,-15],[-5,-18],[-81,-9],[-22,-56],[-32,-29],[3,-28],[74,-36],[6,-48],[-10,-50],[44,-13],[-21,-58],[40,5],[16,-26],[20,4],[7,-25],[8,12],[8,-11],[-12,-33],[-56,-40],[9,-130],[-39,-78],[6,-14],[-24,-32],[33,-34],[37,9],[8,-65],[-12,-46],[46,10],[12,-19],[-43,-106],[-7,-63],[10,-31],[32,-28],[2,-47],[37,-4],[-9,-44],[88,-31],[26,-38],[-3,-25],[-9,-14],[-47,44],[-158,-35],[-72,2],[-91,-80],[-41,-93],[-50,-38],[-57,97],[-28,34],[-20,0],[-57,-88],[2,-40],[165,-64],[71,-165],[634,-116],[-1,-371],[200,-1],[59,-24],[83,23],[7,-362],[45,3],[-49,-271],[307,45],[-29,-208],[-13,-5],[-23,-337]],[[70059,18891],[-6,-18]],[[70053,18873],[-10,-23]],[[70043,18850],[-32,-41]],[[70011,18809],[-15,2],[-61,-89],[-74,-44],[-5,-27],[-33,-3],[-26,-22],[11,-115],[-736,76],[10,-77],[-5,-35],[-17,-7],[-55,13],[-28,38],[-12,-28],[-26,-5],[-25,32],[18,66],[-26,0],[-25,-27],[-69,-23],[-10,-88],[-27,-34],[-29,8],[11,-26],[-20,-86],[-22,37],[-29,-22],[-36,12],[-13,-17],[-29,37],[-17,83],[10,24],[-28,54],[-5,43],[-29,-43],[-21,37],[1,25],[43,59],[-11,37],[17,76],[-9,-8],[-17,35],[-14,-30],[-18,-5],[-14,-115],[-23,7],[-52,-94],[-2,53],[-5,11],[-10,-12],[5,30],[-13,28],[-9,-28],[-18,-2],[-25,13],[-4,29],[-56,-15],[-4,-44],[14,-42],[-44,3],[-27,55],[3,58],[-72,-10],[-7,32],[-15,-27],[-6,25],[-44,35],[-24,70],[-57,14],[10,40],[-15,-1],[0,38],[-29,41],[-26,-25],[0,58],[-14,1],[-7,28],[-36,-2],[1,18],[-18,-9],[-24,19],[-19,-69],[-33,-25],[-15,17],[13,8],[-2,19],[-18,-21],[-22,6],[-12,-28],[-51,15],[-4,18],[-46,-14],[-35,18],[-34,45],[20,67],[3,103],[18,11],[-16,111],[-16,0],[-12,32],[-27,11],[8,18],[-19,87],[9,23],[-26,30],[-53,14],[-19,51],[-67,-16],[-13,-20],[-11,10],[-13,-28],[-77,103],[-32,-11],[-39,16],[4,-49],[-13,-44],[-27,-24],[-90,-15],[-50,-64],[-18,14],[-18,-8],[-1,55],[16,41],[-22,48],[20,26],[10,62],[-24,11],[-14,-13],[-5,25],[-8,-14],[-80,34],[-68,-27],[-32,32],[-37,-28],[-70,-10],[-36,-41],[-29,-10],[-10,113],[-36,73],[33,65],[-8,36],[-14,-7],[-10,21],[-38,-17],[3,31],[-17,-6],[-20,35],[-12,-2],[-5,38],[-51,67],[17,64],[25,39],[26,8],[-46,40],[-10,39],[-128,-43],[-28,18],[-54,2],[-30,34],[-33,-74],[-32,17],[-93,-40],[-29,73],[-8,-10],[-72,40],[-27,-17],[-37,23],[-13,-11],[-147,17],[-15,-13],[-14,25],[-26,7],[-62,-59],[-27,12],[-14,-52],[-32,-41],[-5,-50],[-63,-110],[-25,8],[-21,-17],[-4,44],[-98,-35],[-48,-47],[-75,9],[-22,40],[-47,-8],[-50,52],[-20,-2],[-49,58],[2,61],[-17,-6],[-64,67],[-39,16],[-84,-15],[-1,-18],[-21,-3],[-46,-52],[-54,-119],[-27,1],[-33,-36],[-60,-142],[27,-57],[9,-54],[-31,-136],[19,-33],[-10,-49],[92,-151],[33,-101],[-20,-38],[-31,-134],[69,-86],[-8,-20],[12,-40],[41,10],[6,-25],[43,22],[-14,-47],[34,-30],[-2,-65],[56,-6],[29,-34],[-2,-14],[22,-6],[-8,-54],[31,-16],[31,-43],[-14,-94],[80,-118],[-5,-29],[37,-3],[20,-19],[-16,-40],[27,-97],[25,-3],[9,-69],[21,-39],[20,-10],[14,-45],[35,2],[8,-35],[33,0],[-7,-23],[52,-60],[-17,-78],[6,-70],[66,-13],[40,-87],[39,-10],[52,-84],[-39,-47],[1,-84],[-49,-79],[-12,-167],[-34,-51],[-69,-34],[-8,-107]],[[65269,17065],[-45,-19]],[[65224,17046],[-37,-62],[-78,-37],[-30,-57],[-30,-4]],[[62472,22006],[64,4],[17,14]],[[62566,22035],[23,19],[3,6]],[[62653,22176],[133,166],[183,227]],[[63596,23224],[212,362],[4,11]],[[65380,26647],[0,4]],[[65380,26651],[4,6]],[[65384,26657],[55,9]],[[65439,26666],[38,47],[48,8],[17,-57],[14,-4],[0,-55],[28,-51],[41,10],[10,40],[42,53],[55,38],[16,68],[-7,57],[40,93],[20,19],[36,102],[75,12],[29,34],[7,62],[19,30],[113,21],[166,184],[81,26],[26,64],[41,32],[57,0],[29,24],[14,56],[48,47],[1,44],[144,139],[124,15],[13,48],[45,38],[-14,73],[10,64]],[[66865,28047],[11,26]],[[66876,28073],[119,36],[49,54],[69,1],[30,-18],[43,78],[52,47],[41,82],[-11,68],[-102,104],[39,70],[86,64],[-56,57],[-61,10],[-52,52]],[[67122,28778],[-69,8]],[[67053,28786],[-35,15]],[[67018,28801],[-25,18]],[[66993,28819],[-24,34]],[[66969,28853],[-17,47]],[[66952,28900],[63,111],[2,13]],[[67017,29024],[6,10],[11,97],[-164,156],[-98,-74],[-93,-6],[-32,-41],[-49,-14],[-47,71],[-38,0],[-65,46],[-5,37],[-40,49],[-61,-93],[-17,-79],[15,-43],[-60,-51],[-26,10],[-63,-24],[-23,58],[-17,6],[-47,-44],[-40,42],[-14,-13],[-3,-31],[57,-45],[5,-64],[-15,-46],[41,-98],[-1,-113],[28,-69],[48,-17],[65,41],[46,3],[14,-52],[-2,-165],[20,-2],[35,-86],[-36,-21],[1,-15],[43,-23],[4,-20],[3,-25],[-23,-68],[96,37],[94,-71],[-16,-50],[-54,-20],[-7,-18],[16,-25],[-4,-19],[-114,-141],[-155,38],[10,36],[-11,15],[5,50],[-71,126],[-19,100],[-34,-44],[-12,-61],[-41,-54],[-67,21],[-30,-5],[-15,-26],[-100,51],[-31,-19],[-37,10],[-36,129],[-21,20],[-121,-26],[-33,36],[-83,35],[-27,67],[-101,10],[-47,151],[-22,3],[-48,-70],[-35,-2],[-69,-143],[-101,-52],[-28,-47],[-78,-68],[-77,10],[-80,-48],[0,20],[-72,6],[-33,-25],[-45,45],[-65,116],[12,39],[-21,29],[22,19],[3,20],[-57,62],[24,62],[-1,29],[42,30],[27,-10],[66,33],[47,77],[-28,53],[33,10],[42,92],[17,9],[9,83],[32,11],[10,-13],[52,25],[-81,53],[25,31],[0,45],[10,-18],[28,-4],[-6,-23],[25,-21],[23,39],[15,-17],[46,19],[27,-17],[21,24],[-1,38],[24,14],[33,54],[-17,51],[-35,15],[2,94],[39,-6],[36,33],[18,-11],[40,69],[30,1],[-4,25],[17,16],[9,61],[23,4],[37,-69],[41,12],[19,-16],[64,50],[18,-23],[27,24],[111,32],[36,51],[35,-36],[12,-35],[34,-20],[21,55],[-27,52],[43,32],[80,5],[-6,28],[62,-14],[19,-37],[43,4],[-5,46],[-13,10],[30,31],[10,54],[15,9],[6,-15],[34,0],[54,114],[-35,50],[16,34],[-22,38],[-27,113],[41,57],[0,9]],[[66012,30180],[13,23],[-5,5]],[[66020,30208],[13,30]],[[66033,30238],[10,129]],[[66043,30367],[-22,32],[-14,-4]],[[66007,30395],[-2,4],[-1,-5]],[[66004,30394],[-1,0],[1,-2]],[[66004,30392],[0,-5],[10,-5]],[[66014,30382],[0,-1]],[[66014,30381],[-41,2]],[[65973,30383],[-28,32],[-7,-3]],[[65938,30412],[-6,6],[-9,-11]],[[65923,30407],[-3,-1],[1,0]],[[65921,30406],[-6,-8]],[[65925,30404],[2,0],[2,-1]],[[65929,30403],[4,-17]],[[65933,30386],[-21,-3],[11,-20],[37,7],[17,-15],[-21,13],[-44,-16],[-9,14]],[[65903,30366],[8,27],[-20,25],[2,-10]],[[65893,30408],[-4,4],[7,-13]],[[65896,30399],[7,-33]],[[65903,30366],[-7,11],[-21,5],[-52,153],[-18,5],[-12,33],[-11,-5],[-24,92],[-28,44],[19,52],[-26,66],[-82,31],[-23,-8],[0,-34],[-19,-26],[-34,19],[-14,49],[16,31],[-3,27],[-46,-34],[-20,5],[-13,-25],[-13,16],[5,36],[-16,17],[-7,-67],[15,-23],[-3,-43],[-13,-48],[-23,-25],[-18,23],[-21,-5],[-27,33],[-20,0],[-58,-37],[-89,6],[-116,-24],[-11,-16],[-41,20],[-52,-5],[19,-78],[-80,-79],[-10,-57],[-65,-94],[62,-41],[19,-54],[-2,-30],[-51,-67],[-38,28],[-69,-21],[-29,40],[-56,-25],[-17,15],[-14,62],[-58,94],[-49,19],[-28,-40],[-37,-4],[-54,91],[-120,54],[-35,-48],[-15,-113],[-96,-142],[-14,-57],[-52,-26],[-34,-58],[-22,-124],[4,-39],[-18,21],[-29,-3],[0,-19],[-25,-23],[-93,-46],[-29,-53],[-23,3],[-45,-68],[-48,8],[-68,-18],[-30,-25],[-3,-25],[-71,-42],[-83,-87],[-62,-107],[-23,13],[-14,-18],[-38,53],[-11,-7],[-35,-81],[-20,-18],[-7,-37],[-50,-29],[-67,38],[-39,64],[-22,120],[-14,21],[-33,17],[-21,44],[-54,26],[-77,87],[-25,3],[-35,67],[-126,27],[-28,77],[-75,-87],[-15,25],[-44,4],[-82,63],[-12,28],[26,37],[36,200],[29,65],[11,65],[30,39],[-27,112],[29,77],[34,12],[28,69],[80,-38],[24,-32],[40,-7],[71,46],[65,130],[16,-17],[52,11],[25,-11],[9,-24],[27,17],[22,27],[-13,87],[22,13],[20,-21],[5,-61],[42,-4],[-9,-38],[37,-20],[19,-117],[65,-2],[13,-15],[82,32],[42,43],[37,-39],[92,-35],[105,55],[61,-34],[90,10],[70,71],[25,71],[74,7],[25,165],[10,-1],[14,41],[-9,69],[7,17],[18,1],[-2,49],[34,-17],[41,16],[27,20],[-2,17],[46,60],[4,53],[-9,15],[39,73],[7,42],[-2,47],[-14,17],[-2,121],[18,18],[44,6],[-35,33],[-6,45],[16,3],[3,18],[-32,36],[-3,31],[17,14],[-11,24],[34,3],[6,60],[-15,11],[1,44],[13,11],[-20,39],[11,48],[-15,56],[12,8],[5,40],[-10,9],[-11,-17],[-6,30],[20,17],[19,57],[-31,15],[7,20],[-35,13],[24,3],[-13,21],[25,183],[-22,48],[22,25],[-115,139],[-5,62],[-73,14],[6,22],[-53,17],[-30,-29],[-14,-36],[1,-5]],[[63929,32679],[-2,-7],[7,-8]],[[63934,32664],[15,-44],[-17,-17],[-32,0],[-11,-100],[-96,-112],[-52,-14],[-54,38],[-67,-8],[-66,-99],[-73,7],[-93,93],[-121,-90],[5,-41]],[[63272,32277],[-36,-64],[-1,-16]],[[63235,32197],[-5,-12],[3,-74],[-44,-68],[12,-59],[-23,-37],[-7,-51],[-69,-20],[-151,-98],[-34,-35],[-4,-26],[-18,0],[-25,45],[-19,-16],[-6,-69],[-17,6],[-44,87],[-20,-18],[-68,18],[-72,51],[-21,89],[9,15],[-108,136],[-50,102],[-30,24],[-47,146],[-79,91],[-22,74],[-38,8],[-24,27],[-36,112],[-25,27],[-33,-7],[-57,27],[-79,110],[-45,22],[-32,84],[15,10],[-8,17],[10,104],[-37,6],[22,92],[-47,47],[-34,-21],[-94,43],[-31,-3],[-55,-76],[-58,-15],[-47,-44],[-45,-2],[-160,-127],[-67,3],[-30,33],[-46,-9],[-43,16],[-41,-31],[-8,26],[-64,23],[2,20],[-24,17],[-132,-101],[-53,42],[-11,-35],[-30,5],[-61,-66],[-46,-1],[-19,31],[-27,-40],[-41,15],[-77,-27],[-57,5],[7,51],[-73,133],[-140,-52],[-18,-25],[-51,14],[-9,-17],[-22,27],[-22,-44],[25,-22],[12,7],[37,-58],[28,3],[1,39],[47,30],[20,-34],[-6,-35],[22,-56],[70,-118],[-27,-21],[-6,-43],[-18,6],[2,30],[-29,-7],[-19,-31],[-27,-121],[-11,7],[-9,-36],[-24,-25],[-32,9],[-13,-12],[0,-31],[-22,-33],[-30,10],[-29,-23],[-19,6],[-22,-57],[-15,-92],[22,-50],[88,-62],[-11,-72],[18,-49],[-26,-83],[-25,-5],[-18,-64],[-27,19],[11,-68],[-12,-1],[-56,-97],[-11,-66],[-20,5],[-50,-56],[5,-26],[-67,-13],[-18,11],[2,-48],[-27,-27],[-44,-153],[-34,-68],[-8,-62],[-87,0],[-63,-54],[-65,5],[-41,-40],[-41,-11],[-82,91],[-72,-3],[-41,110],[-19,107],[-70,32],[-111,-57],[-48,-4],[-23,-14],[2,-18],[-20,0],[-7,-31],[-37,-4],[-44,55],[-1,46],[-40,-7],[-4,37],[17,37],[-44,24],[-39,47],[23,40],[-22,30],[-71,-41],[-104,-9],[-13,2],[-27,66],[-77,27],[-6,-22],[-27,6],[-38,-38],[-40,26],[-40,-16],[-11,24],[-40,-39],[-49,42],[-23,-11],[0,26],[-29,41],[19,105],[-48,95],[-110,-101],[-24,18],[7,61],[-11,30],[-25,3],[-39,73],[1,22],[-43,-33],[-10,49],[-14,14],[-26,-4],[-21,61],[-22,3],[-25,96],[3,87],[-30,16],[-10,85],[-32,4],[-17,31],[-74,-46],[-6,-32],[-16,-9],[-53,23],[-45,-1],[-111,195],[-65,46],[-31,65],[-66,13],[-81,54]],[[57134,32734],[73,37],[55,-19],[50,14],[85,-44],[58,0],[23,24],[83,11],[26,41],[-3,79],[110,127],[-16,77],[57,45]],[[57735,33126],[109,-99],[84,-217],[56,-41]],[[57984,32769],[13,-70],[-23,-50],[8,-57],[184,-39],[41,-70],[75,-16],[15,-62],[49,-22],[6,-25],[139,-64],[23,4],[34,-38],[88,-13],[57,39],[33,-47],[36,13],[88,-5],[92,-70],[116,30],[59,86],[43,21],[66,17],[60,-14],[37,15],[8,-52],[45,-93],[36,9],[21,50],[40,41],[34,-28],[33,-4],[65,73],[37,178],[46,15],[79,86],[179,42],[35,76],[20,14],[31,125],[140,250],[19,-4],[13,24],[-2,53],[23,25],[-3,64],[39,60],[25,90],[-16,64],[1,127],[-17,56],[13,77],[60,-36],[115,7],[18,27],[114,28],[96,70],[52,10],[78,-41],[78,-106]],[[60878,33709],[88,-195]],[[60966,33514],[68,-154],[53,-70],[70,19],[46,-17],[57,11],[83,-40],[109,-24],[86,55],[98,-13],[24,53],[60,29],[6,40],[35,-6],[9,42],[44,28],[43,76],[23,-2],[32,64],[-15,43]],[[61897,33648],[54,53],[28,-113],[67,-30],[26,-49],[51,-30],[53,22],[58,-2],[62,-55],[80,-128],[154,-109],[124,15],[53,55],[49,98],[102,126],[81,32]],[[62939,33533],[65,-9],[20,29],[-1,22],[62,64],[0,75],[62,105],[35,27],[46,134],[132,92],[-2,36],[56,76],[33,18],[28,89],[-36,103],[19,52],[-18,14],[53,35],[39,131],[97,119],[19,68],[-39,-28],[76,126]],[[63685,34911],[23,91],[-47,121],[-27,126],[40,173],[-4,62],[-109,163],[-59,138],[-34,42],[-97,15],[-95,84],[-46,19],[-60,134],[-38,42],[-31,150],[-150,198],[-98,78],[-389,0],[15,21],[-15,33],[13,33],[-17,49],[26,9],[4,6]],[[62490,36698],[2,6]],[[62492,36704],[4,7],[-15,57],[-36,23],[6,42],[-20,58],[35,58],[-31,60],[38,61],[-17,36],[-15,-2],[9,61],[29,19],[-3,62],[30,75],[7,-30],[21,-10],[41,48],[-5,15],[-6,16]],[[62564,37360],[-1,1],[-28,8]],[[62535,37369],[-1,1],[-1,6]],[[62533,37376],[-8,47],[11,24],[-68,27],[5,50],[-29,15],[61,50],[-29,94],[9,50],[-23,14],[-5,28],[28,43],[-340,19]],[[62142,37843],[-5,12]],[[62152,37891],[1,1],[-15,13]],[[62132,38081],[1,1],[-21,35]],[[62150,38284],[7,11],[-1,2]],[[63137,40493],[-14,-36]],[[63123,40457],[-17,-3],[-58,708],[-55,475],[-23,-33],[-40,3]],[[62907,41758],[0,0],[-34,224],[82,5],[59,41],[93,-67],[19,16],[34,-75],[103,-65],[11,-71],[14,-16],[23,6],[21,-37],[43,-1],[18,-20],[12,11],[4,62],[29,15],[18,110],[41,-4],[42,35]],[[63539,41927],[52,-17],[1,2]],[[63592,41912],[1,-1],[9,20]],[[63602,41931],[13,22],[11,-64]],[[63467,41535],[35,-27]],[[63503,41504],[-30,-17]],[[63311,41007],[-1,-2]],[[39229,47282],[-59,-143],[-27,-4],[-40,-102],[23,-61],[-7,-27],[-102,-52],[2,-14],[-57,-42],[-21,12],[-11,-43],[15,-14],[-20,-83],[21,-104],[-40,-38],[-30,-7],[-11,-23],[-40,10],[-15,-92],[4,-64],[-13,-3],[-19,-64],[-30,-37],[48,-3],[1,-77],[-41,-41],[-6,-30],[-29,34],[-14,-51],[31,-1],[24,-57],[-1,-30],[-27,-20],[-25,-80],[-23,-8],[-35,22]],[[38655,45945],[-26,-54]],[[38629,45891],[-15,-6]],[[38614,45885],[-17,0]],[[38597,45885],[-26,13]],[[38571,45898],[-32,32]],[[38539,45930],[-38,-15],[8,34],[-30,41],[-62,3],[-19,-38],[-31,-12],[-8,27],[-38,21],[-152,-14],[8,82],[19,-12],[22,23],[-2,174],[-17,91],[13,64],[-19,48],[-8,144],[41,-4],[13,34],[-31,119],[2,21],[26,25],[-58,168]],[[38192,47015],[3,13],[-3,8]],[[38245,47152],[0,17],[-5,3]],[[38136,47425],[5,58]],[[38141,47483],[41,66]],[[38196,47651],[-16,45]],[[38184,47715],[16,17]],[[38200,47732],[36,-3]],[[38236,47729],[40,-10]],[[39345,47551],[-26,-46]],[[39290,47454],[-8,-16],[-29,-89]],[[39233,47286],[-4,-4]],[[39632,47761],[-15,17],[-103,49]],[[39110,49140],[48,5],[22,-49],[48,-32],[14,20],[63,6],[30,49],[-3,43],[27,67],[4,61],[47,36],[53,94],[71,0],[19,-38],[27,-11],[4,45],[44,40],[46,-4],[42,40],[84,9],[38,30],[51,-9],[86,-69],[3,-41],[90,-28],[29,-42],[41,57],[93,-89],[26,93],[7,91],[149,49],[82,59],[19,38],[-10,79],[9,25],[126,119],[32,-10],[22,-77],[41,-33],[42,-64],[6,-102],[27,31],[18,71],[37,64],[127,1],[143,117],[103,2],[124,-238],[124,-72],[123,0],[123,121],[141,70],[105,-120],[247,-94],[141,-71],[88,-72],[158,0],[106,-72],[378,-121],[23,48],[42,19],[32,55],[24,8],[48,0],[67,-32],[77,21],[48,-13],[54,-64],[28,-7],[51,-90],[25,1],[11,-48],[-4,-156],[40,-175],[57,-34],[7,-48],[23,-38],[212,-156],[226,-17],[27,-66],[72,-25],[128,-154],[79,-136],[81,-16],[10,-55],[43,-43],[43,-158],[43,-10],[57,25],[37,-10],[49,16],[141,-52],[22,19],[157,18],[24,26],[31,4],[32,41],[119,-18],[30,-17],[37,-70],[87,-50],[51,-96],[52,-10],[26,-63],[45,-8],[108,49],[26,-14],[17,-42],[34,-30],[45,-1],[47,-66],[35,-12],[59,-97],[0,-62],[15,-45],[-23,-45],[-7,-53],[66,-157],[56,-46],[268,-73],[49,-56],[-79,-97],[-6,-106],[-64,-69],[-75,-36],[-31,-52],[-40,-18],[-13,-80],[-44,-35],[-49,-13],[-22,-68],[9,-31],[-5,-76],[15,-42],[-38,0],[-27,24],[-11,-28],[-57,-27],[-11,-34],[-55,-29],[-5,-20],[17,-46],[34,-49],[16,-116],[-39,-41],[-62,-21],[-101,-80],[-69,-9],[20,-40],[-20,-116],[52,-62],[17,-58],[38,-39],[-26,-179],[-34,-103],[-28,-2],[21,-78],[-41,-230],[4,-38],[33,-34],[-2,-43],[-5,-50],[-33,-18],[12,-133],[-14,-14],[-15,-82],[46,-82],[-30,-50],[-64,-53],[12,-55],[-20,-16],[-9,-124],[-43,12],[-46,46],[-51,-32],[-12,-52],[9,-79],[-29,-102],[-232,-185]],[[43374,45269],[-55,77]],[[43319,45346],[-126,10],[-12,-4]],[[43181,45352],[-17,0],[-24,-14]],[[43140,45338],[-16,-6],[-300,-190]],[[42824,45142],[-909,150]],[[41915,45292],[-89,-112]],[[40328,45654],[11,16],[54,-3],[0,0],[37,32],[0,38],[87,108],[-39,21]],[[40478,45866],[104,96],[35,49]],[[40617,46011],[11,12],[2,7]],[[40630,46030],[8,12],[15,77]],[[40653,46119],[25,24],[4,44],[-16,71],[2,15],[18,2],[4,29],[-13,11],[-11,93]],[[40666,46408],[24,17],[0,6]],[[40690,46431],[4,3],[-4,2]],[[40690,46436],[0,12],[-33,6]],[[40657,46454],[-10,32],[-200,-264],[-145,415],[-71,23],[-52,-27],[-35,0],[-63,90],[19,42],[-8,29],[43,137],[15,102],[-1,77]],[[40149,47110],[15,87]],[[40164,47305],[9,21]],[[66031,30334],[-2,-14],[-18,1],[0,-9]],[[66011,30312],[0,0],[0,-1]],[[66011,30311],[0,-14],[6,1]],[[66017,30298],[2,-5]],[[66019,30293],[-5,-9],[8,1]],[[66022,30285],[4,-11],[0,-1],[-20,-1]],[[66006,30272],[-10,0],[1,5]],[[65997,30277],[5,4],[1,25]],[[66003,30306],[10,48]],[[66013,30354],[10,10]],[[66023,30364],[9,1]],[[66032,30365],[1,-10]],[[66033,30355],[-2,-19]],[[66013,30576],[-1,-4]],[[66010,30565],[-5,-18]],[[66005,30547],[-6,9]],[[65999,30556],[-5,14],[-11,0],[-4,-17],[1,-2]],[[65980,30551],[0,-1],[8,-26],[13,8],[-13,-26]],[[65988,30506],[11,-3],[-6,-21],[3,2]],[[65996,30484],[-1,-9],[6,10]],[[66001,30485],[8,-36],[3,2]],[[66012,30451],[0,0],[15,13]],[[66027,30464],[-21,70]],[[66006,30534],[9,25]],[[66015,30559],[-1,21],[0,-3]],[[66014,30577],[-1,4],[0,-5]],[[70475,18695],[-24,-20]],[[70451,18675],[25,36]],[[70476,18711],[2,6]],[[70478,18717],[-1,-12]],[[70452,18737],[0,-5],[-4,7]],[[70448,18739],[2,4],[3,9]],[[70463,18760],[-9,-5]],[[70454,18755],[8,25]],[[70462,18780],[21,1]],[[70483,18771],[-9,-5]],[[70523,18792],[23,12]],[[70546,18804],[24,-23],[-17,10]],[[70543,18797],[-3,2],[-15,-6]],[[70610,18747],[-2,-1]],[[70597,18755],[4,-1]],[[70601,18754],[6,-4],[3,4]],[[70610,18754],[4,0]],[[70672,18809],[4,-2]],[[70682,18870],[0,1],[9,8]],[[70691,18879],[11,-41],[-8,-38],[44,4],[12,61],[48,13],[-18,15],[3,18],[-18,1],[17,32],[-20,109],[-24,59],[7,18],[24,-1],[31,-37],[75,-35],[24,34],[56,-39],[6,10],[17,-23],[-2,-25],[52,-49],[54,24],[-5,-24],[22,-76],[26,19],[24,-42],[49,5],[29,-31],[40,11],[21,-29],[31,19],[-7,14],[17,15],[14,-3],[16,41],[21,-8],[23,24],[10,50],[69,16],[11,32],[34,25],[38,-5],[13,-14],[-18,-12],[13,-68],[-10,-72],[47,23],[0,35],[22,-13],[20,-47],[-3,-46],[9,4],[0,-29],[15,-25],[6,-60],[44,-42],[-8,-4],[12,3],[-12,-64],[17,-130],[36,-45],[32,-94],[37,-3],[2,-24],[-32,-83],[12,-87],[46,0],[6,18],[21,-27],[243,13],[68,-16],[49,19],[18,-17],[40,10],[27,-24],[2,-24],[34,27],[21,-4],[0,-40],[29,-8],[30,-90],[-15,-71],[-28,-38],[41,-36],[22,-91],[57,33],[13,-13],[16,-55],[-14,-53],[30,21],[55,-15],[-47,-23],[-12,-25],[17,-24],[3,-41],[37,-3],[12,-66],[27,-6],[11,-22],[-34,-48],[3,-36],[20,-71],[42,-39],[-37,-60],[-20,-10],[-9,23],[-21,-107],[-18,-15],[-2,-23],[79,-82],[29,3],[1,-26],[12,8],[50,-51],[80,69],[31,-8],[-22,-87],[28,-8],[37,-43],[-27,-27],[-47,5],[-13,-21],[-22,-3],[-46,41],[-39,-55],[-32,15],[-38,78],[-33,0],[-25,25],[-64,-46],[-24,-65],[-42,-19],[-41,-46],[-84,13],[-20,-23],[-23,16],[-63,-37],[10,-16],[-29,-94],[-49,-37],[-19,-41],[-28,11],[-16,-24],[3,-61],[-20,3],[-58,-89],[-59,36],[-2,-25],[-46,7],[-20,-25],[8,-54],[-15,-37],[-39,1],[9,-28],[-27,-35],[-42,49],[-68,12],[18,-41],[13,-113],[-61,-66],[-32,-161],[-18,-15],[-13,-42],[-49,-41],[-4,-108],[27,-75],[-56,-85],[-41,-23],[7,-51],[-88,-227],[-38,-165],[5,-27],[-28,13],[-43,-11],[-25,16],[6,83],[-22,40],[10,164],[-25,27],[4,22],[23,0],[26,39],[-52,102],[-29,12],[-35,59],[-73,58],[5,61],[-24,70],[-65,66],[-10,46],[-19,3],[8,66],[36,19],[13,47],[-24,14],[3,40],[-20,24],[22,31],[-8,41],[-47,63],[11,40],[-12,77],[-111,-4],[-3,63],[-14,12],[-49,-20],[-40,49],[17,7],[-17,33],[12,114],[-9,24],[-25,34],[-77,-30],[-36,153],[-46,-25],[-29,34],[-14,99],[-51,27],[-24,49],[-26,21],[-41,-14],[-73,40],[-19,-25],[-31,2],[-5,41],[34,55],[16,18],[15,-6],[48,67],[86,57],[12,36],[-19,30],[11,13],[-46,27],[-2,29],[27,9],[-10,28],[-41,27],[-74,-15],[-12,15],[29,57],[-11,14],[10,16],[-9,75],[12,27],[-77,87],[2,18],[42,13],[24,65],[-54,31],[24,13],[9,52],[-16,36],[3,26],[-29,9],[-17,45],[0,20],[45,54],[-13,39],[7,24],[-126,11],[2,22],[19,3],[-10,13],[10,23],[-18,15],[22,67],[-6,19],[19,6],[-10,17],[13,11],[0,40],[-47,39],[10,20],[-20,3],[-5,30],[-56,-5],[31,25],[22,-2],[56,-53],[3,103],[16,6],[78,-25],[0,-41],[33,98],[64,29]],[[70428,18608],[23,58],[8,-9]],[[84217,17060],[-199,88]],[[84018,17148],[-72,47],[6,278],[-131,191],[15,12],[-12,6],[0,60],[12,-10],[42,52],[5,-12],[18,9],[-11,25],[13,14],[-1,21],[-19,11],[22,10],[-9,25],[33,22],[-7,28],[17,4],[-4,17],[-24,-17],[-4,29],[-10,-25],[-20,-6],[-41,36],[0,-3]],[[83836,17972],[-3,2],[4,-37]],[[83837,17937],[-25,-25],[20,-3]],[[83832,17909],[-1,-11]],[[83831,17898],[-1,-5],[-1,-4],[-20,-5],[-4,-28],[15,-8],[6,-61],[-13,-33],[-26,-34],[-31,-3],[7,12],[-9,13],[-12,-33],[-28,-24],[-15,-81],[-46,-20],[-7,18],[-13,-29],[-3,12],[-26,-9],[2,-38],[29,-57],[-9,-24],[-52,33],[-36,-61],[12,-34],[28,2],[-37,-56],[-7,-597],[-65,-40],[-130,-190],[-187,-169],[-41,-12],[-35,-82],[-26,-1],[-42,-70],[-3,-28],[-23,-5],[-55,-128],[-37,-5],[-2,64],[-111,200],[-169,143],[-85,291],[-26,26],[8,21],[-210,303],[-27,9],[-44,75],[-50,11],[-44,51],[-36,90],[9,89],[-11,-13],[-31,19],[-62,108],[13,96],[401,11],[17,70],[39,70],[47,-66],[-10,-24],[33,-34],[8,-74],[14,-15],[25,24],[5,54],[112,-97],[33,-9],[89,-88],[-38,-56],[53,-31],[-43,-58],[28,-20],[48,50],[22,63],[19,13],[4,51],[51,-59],[41,65],[-7,86],[-48,59],[2,23],[26,59],[34,20],[5,98],[48,10],[36,29],[1,43],[-35,53],[5,47],[27,14],[6,38],[-25,40],[16,18],[2,34],[-70,86],[11,60],[-25,14],[-13,-21],[-28,35],[-37,-28],[-122,77],[-26,-19],[-8,26],[14,39],[31,22],[79,-15],[309,11],[22,-83],[13,-23],[40,-18],[13,-45],[16,37],[94,56],[23,-16],[8,33],[19,-41],[43,33],[5,-22],[10,12],[47,-12]],[[83571,18306],[-11,13]],[[83560,18319],[0,8]],[[83560,18327],[10,15]],[[83570,18342],[2,3]],[[83572,18345],[6,-3]],[[83578,18342],[7,-7],[6,2]],[[83591,18337],[11,-4],[12,14]],[[84280,18471],[30,-23]],[[84390,18441],[25,-94]],[[45922,42287],[-196,140],[-106,51]],[[45620,42478],[-83,81],[-136,12],[-52,-22]],[[45349,42549],[-153,86]],[[45196,42635],[-15,19]],[[45181,42654],[-6,21]],[[45367,43277],[-15,-142],[-16,-24],[4,-36],[19,1],[16,-24],[3,-63],[32,11],[7,-21],[28,-10],[27,29],[82,-66],[14,21],[47,-14],[-14,-53],[28,-13],[38,-64],[47,-39],[-18,-53],[-16,-6],[-30,-51],[29,-22],[48,19],[22,-21],[3,-41],[-21,-19],[13,-49],[24,-8],[60,-74],[25,-7],[14,-30],[140,-129],[-3,-93],[116,-154],[3,-63],[96,-58],[24,-66],[-106,113]],[[23639,19930],[286,-273],[234,-206]],[[23556,18823],[-171,-143]],[[63034,13280],[-4,-7],[-95,52]],[[62935,13325],[4,40]],[[62939,13365],[23,-18],[27,-1]],[[62989,13346],[36,-14]],[[63025,13332],[23,-16]],[[63446,16110],[-56,6],[-52,29],[-88,-102],[0,-1],[6,-28],[-42,-67],[13,-24],[-21,-5],[-36,43],[28,57],[47,223],[-29,27],[-18,50],[0,13],[15,2],[8,45],[-178,36],[-118,-199],[-100,-101],[-33,-80],[-87,-97],[-42,38]],[[62663,15975],[19,21],[-1,2]],[[62681,15998],[2,2],[-17,23]],[[62666,16023],[3,9]],[[62728,16045],[3,-1],[6,72]],[[63185,18450],[16,-28]],[[63215,18399],[13,-24],[21,-11]],[[63602,17888],[1,-5],[24,-5]],[[63860,17344],[-3,-7],[2,-66]],[[63730,16375],[1,-14]],[[60803,18864],[-111,-25]],[[60692,18839],[-7,9]],[[60685,18848],[-3,23]],[[60682,18871],[5,14],[-10,32]],[[60677,18917],[-15,121]],[[60662,19038],[-21,38],[-5,62],[-16,9],[-26,-19],[-36,-86],[-21,-11],[-29,2],[-21,22],[-21,-17],[-15,60]],[[60451,19098],[-27,34],[1,1]],[[60816,19148],[17,-4],[0,3]],[[60854,19192],[52,-18]],[[61042,19303],[20,19],[50,99]],[[61595,19879],[-2,-5],[5,-12]],[[61618,19815],[11,-27],[7,-9]],[[61658,19747],[16,-21],[53,-38]],[[61746,19656],[-65,-27]],[[57981,22943],[66,-144]],[[58255,22499],[12,-22]],[[58220,22399],[-40,-18],[-11,-13]],[[58159,22356],[-5,-6],[-1,-9]],[[59229,21338],[46,-106]],[[59423,21152],[49,-72]],[[59065,21143],[118,23],[1,3]],[[59190,21226],[-23,58]],[[59770,20300],[10,-22],[6,1]],[[59725,19880],[-48,48]],[[59667,19957],[-7,32]],[[59660,20012],[14,76]],[[53413,29954],[-59,-75]],[[53354,29879],[-13,-50],[-25,-10],[-158,267],[-51,145],[-18,140],[-89,115],[-12,5],[-28,-42],[-86,106]],[[52874,30555],[-14,94]],[[52950,30665],[2,-1],[66,40]],[[53018,30704],[18,-17]],[[53446,30028],[41,-52]],[[56765,26124],[2,1],[51,62]],[[56787,25629],[-16,-48]],[[56697,26095],[2,-1],[49,22]],[[50257,32301],[-25,-40],[-4,-59],[-73,-116],[-75,-57],[-36,-60],[-69,-61],[-19,12]],[[49956,31920],[-48,106]],[[45421,43531],[40,-22],[-1,-12],[-57,-99],[19,75]],[[91040,12602],[-52,-106],[-81,72]],[[90907,12568],[35,55],[-25,426],[5,87],[33,134],[17,326],[59,60],[52,89],[-4,30],[24,52],[25,261],[29,37],[69,329],[51,127],[-1,-1]],[[91276,14580],[23,60],[64,305],[-20,119],[0,15]],[[91343,15079],[7,-1],[-8,52]],[[91342,15130],[0,35],[-9,25]],[[91333,15190],[-50,-11],[-7,136]],[[91276,15315],[63,-24],[8,4]],[[91366,15291],[20,-21],[14,-40],[2,-190],[-34,-215],[-137,-521],[-32,-173],[-48,-426],[3,-93],[12,-26],[-14,-63],[3,-75],[-113,-830]],[[91189,15928],[67,-298],[3,-42]],[[91249,15495],[-72,-56]],[[91178,15408],[-62,-21]],[[91116,15387],[-8,80],[102,20],[14,75],[-14,96],[-21,49],[-5,99],[-19,20],[8,38],[-23,22],[2,152],[-55,155],[-13,107],[21,73],[14,150],[-3,278],[-14,76],[25,143],[25,348],[42,-2],[14,82],[39,-23],[22,170],[24,-9],[-8,101],[7,27],[17,-6],[3,30],[-30,10],[16,23],[14,85],[-20,49],[11,103],[-10,12],[8,216],[-18,13],[6,214],[-24,17],[-14,203],[15,215],[-33,202],[11,87],[30,87],[-19,39],[7,34],[-28,62],[-17,123],[-49,540],[8,186],[-14,127]],[[91162,20385],[76,3],[-2,-155],[31,-418],[1,-276],[43,-167],[9,-84],[-20,-26],[25,-312],[-10,-329],[41,-303],[15,-536],[-4,-132],[-21,-25],[-11,-76],[-32,-45],[-22,-114],[-16,-12],[22,-20],[31,-114],[-12,-171],[12,-126],[-31,-34],[3,136],[-11,17],[-6,-103],[-17,-47],[-5,15],[-24,-34],[-51,-198],[7,-189],[-7,-50]],[[91167,16389],[-19,-139],[1,-6]],[[46708,41198],[-22,32],[47,-45],[-15,5]],[[47377,41181],[27,-3],[44,34],[33,-26],[76,6],[81,39],[39,41],[109,184],[93,78],[62,-10],[21,82],[22,18],[18,50],[40,35],[-15,47],[25,49],[21,3],[-17,45],[29,37],[18,94],[109,46],[11,31],[41,3],[61,111],[80,5],[5,47],[-11,35],[21,15],[12,48],[28,5],[9,43],[21,6],[-9,66],[36,4],[10,-36],[66,37],[0,-59],[27,-22],[28,18],[36,90],[45,-37],[72,25],[34,-13],[56,51],[215,-188],[104,25],[57,-11],[30,-34],[49,21],[46,-30],[10,-30],[28,-17],[-10,-37],[8,-25],[30,-30],[39,5],[8,-56],[-17,-36],[21,-47],[-5,-52],[20,-23],[-3,-64],[65,-51],[8,-88],[-20,-56],[19,-67],[-26,3],[-69,-35],[-89,-287],[-43,-11],[-8,-20],[8,-34],[-40,-62],[-27,-13],[-66,-122],[-39,-7],[1,-92],[-66,-101],[-99,-53],[-28,-35],[-5,-55],[46,-60]],[[48341,40645],[-113,-9]],[[49138,40592],[-10,3],[-28,9],[27,9],[20,-24]],[[49157,40585],[22,5],[15,-16],[43,40],[59,-28]],[[49503,40665],[45,-10],[11,-38],[-21,33]],[[49713,40569],[28,-3],[117,-82],[27,-2],[44,-45],[28,-57],[55,-29],[47,-71],[-53,30]],[[50159,40258],[-19,4],[23,2],[28,-24]],[[50191,40240],[-19,16],[-6,1]],[[50263,40090],[-56,126],[86,-96],[6,-80],[29,-50],[-22,-89],[9,-63],[52,-7],[54,-48],[40,38],[28,0],[15,-23],[12,-67],[-41,32],[-8,2]],[[50449,39769],[-28,5],[-11,-1]],[[50599,39610],[-68,105],[60,5],[7,-68],[70,-34],[1,-67],[19,-22],[14,-90],[-20,-31],[-24,5],[-9,-71],[40,-19],[15,-36],[38,-12],[11,-56],[58,-17],[58,-82],[3,-39],[-25,-26],[-13,-44]],[[50828,39063],[-2,44],[-4,8]],[[50835,39008],[38,-63],[77,-48],[18,-34],[-10,-57],[-43,-36],[43,-81],[24,-12],[13,-42],[-27,-73],[2,-72],[-41,-43],[3,-74],[16,-74],[33,-39],[1,-74],[23,-23],[30,3],[36,-129],[-37,-35],[-17,-66],[-5,-95],[-93,-21],[7,11]],[[51011,38044],[2,10],[-33,131]],[[50607,37190],[107,19],[57,39],[32,48],[36,-4],[-6,43],[22,31],[29,-12],[26,-33],[32,33],[55,-24],[11,-60],[-58,33]],[[50950,37303],[-86,-9],[-7,-5]],[[51027,37250],[118,-38],[53,22],[16,-48]],[[51539,36880],[0,32],[31,-37],[10,-49],[59,-12],[12,-18],[-34,-5]],[[51602,36792],[-33,19]],[[51569,36811],[-28,55]],[[52233,36699],[32,3],[9,-39]],[[52290,36628],[20,15],[12,-16],[0,-92]],[[52339,36486],[12,-21],[22,6],[14,-18],[-8,-79],[48,-18],[103,-127],[62,-212],[52,-105],[140,-53],[0,-194],[19,-68],[36,9],[52,-14],[61,30],[23,-66],[34,-38],[32,-91],[-22,9]],[[53130,35365],[-65,45],[7,43],[19,21],[68,-8],[55,-42],[37,-2],[75,-93],[-25,-139],[-18,-23]],[[53245,35032],[23,-123],[23,-19],[-6,-38],[21,-62],[54,-14],[25,25],[73,23],[43,-25],[50,11],[33,-30],[54,-1],[30,18],[21,-13],[52,-62],[51,-205],[111,-41],[-3,-26],[113,-193],[7,-64],[63,-49],[-2,-113],[45,-49],[21,-69],[-38,-138],[-17,-121],[14,-85],[-27,-162],[-32,85]],[[54047,33492],[-5,21],[0,1]],[[52954,31011],[-60,-15]],[[52894,30996],[-35,157],[-17,12],[-48,-64],[8,-15],[31,2],[-6,-79],[-43,1],[-24,-29],[-60,76],[63,137],[20,16],[54,-11],[5,39],[-78,133],[-33,-1],[-17,-19],[-16,10],[-16,67],[19,55],[-9,22],[-46,-18],[-13,40],[40,21],[54,112],[-13,17],[28,28],[-4,56],[30,4],[30,33],[79,1],[38,70],[-42,37],[-62,-28],[-30,6],[6,64],[-30,60],[-1,33],[-36,-1],[-20,29],[-30,6],[-22,-28],[-12,140],[-40,22],[-46,-28],[-106,84],[-56,15],[-55,154]],[[86638,33203],[9,-16]],[[86647,33187],[-34,-34],[-21,-63],[-11,-99],[-17,-29],[-136,102],[-92,3],[-5,-96],[-17,-39],[-40,-5],[-12,23],[11,23],[-16,35],[-34,-12],[-63,-70],[-48,-89],[-52,-31],[-42,46],[3,198],[-10,9],[-25,-53],[-41,-28],[-21,28],[14,29],[-14,62],[33,35],[248,94],[51,-7],[198,-138],[54,-2],[44,34],[94,275],[82,90],[97,26],[31,-56],[27,-112],[33,-40]],[[87785,34717],[-47,2],[-33,55],[2,88],[17,47],[43,40],[-14,74],[29,109],[-25,90],[44,44],[46,81],[82,85],[37,103],[107,146],[13,53],[28,14],[-30,82],[-47,40],[22,97],[86,47],[148,-124],[127,-26],[115,353],[-46,342],[-34,-11],[-9,36],[-81,34],[-37,130],[-57,59],[-53,89],[-58,-5],[-43,-23],[-4,-53],[-41,-120],[-108,18],[-57,-25],[-33,-38],[-54,-5],[-33,-2],[-11,19],[5,52],[-89,13],[-56,50],[-85,9],[-45,-18],[-2,70],[104,26],[188,-5],[126,74],[81,86],[52,-57],[31,-12],[28,24],[15,42],[45,37],[69,-8],[269,-103],[101,-83],[120,-64],[124,171],[55,50],[104,-18],[127,29],[193,80],[129,22],[99,54],[16,-62],[221,77],[252,14],[69,47],[141,-21],[58,-100],[45,-19],[46,-6],[62,17],[77,-107]],[[90551,37023],[84,-58],[9,-3]],[[90644,36962],[3,-2],[2,0]],[[90649,36960],[32,-11],[79,5]],[[90760,36954],[63,61],[3,9]],[[90826,37024],[7,7],[38,143]],[[90871,37174],[19,289]],[[90890,37463],[41,171]],[[90931,37634],[70,179],[71,84],[-36,118],[-20,187],[31,71],[12,92],[-23,227],[30,238],[38,88],[-20,96],[51,64],[35,-4],[14,20],[0,0]],[[91184,39094],[1,1]],[[90426,36852],[-68,24]],[[90288,37017],[-21,3],[-21,-10]],[[90224,36999],[-71,-36]],[[90138,36967],[-37,44]],[[90098,37016],[-8,84],[-9,12]],[[90069,37130],[-6,7],[-43,1]],[[88922,36932],[-134,-162]],[[88770,36755],[-34,-9]],[[88606,36547],[-6,-89],[4,-61]],[[88045,35588],[-31,-43],[-4,-7]],[[87997,35512],[-3,-6],[9,-16]],[[55,95160],[0,-3]],[[2,95104],[-2,11],[119,112],[-17,-22]],[[102,95205],[-47,-45]],[[28642,63780],[13,-6],[6,8]],[[64642,23684],[116,14],[56,-61],[40,59],[25,-7],[12,-26],[7,33],[39,19],[27,-25],[78,33],[110,-60],[14,23],[35,-3],[29,-31],[25,34],[39,-27],[9,18],[31,-19],[31,18],[11,-19],[17,12],[27,-72],[65,-46],[88,-20],[19,-23],[-12,-56],[37,-93],[-57,-22],[32,-126],[49,-44],[14,-66],[5,12],[81,-7],[10,13],[-26,45],[22,8],[117,-41],[11,20],[-9,43],[20,30],[-20,29],[14,6],[23,49],[-10,13],[20,35],[16,-5],[78,-69],[13,-35],[56,-60],[36,-85],[63,-26],[11,14],[11,-31],[21,9],[45,-30],[7,-52],[47,-69],[93,21],[44,-46],[1,-18],[17,-1],[9,-25],[36,21],[9,-56],[56,-26],[17,8],[49,-33],[-17,-37],[8,-12],[-20,-26],[6,-69],[15,-89],[26,-9],[13,-53],[56,-60],[35,-3],[44,30],[20,-14],[19,10],[18,-20],[39,13],[57,-58],[-11,-49],[-53,-79],[10,-95],[-10,-57],[-53,-73],[2,-30],[-33,-41],[-7,-58],[-24,-52],[8,-79],[21,-17],[-1,-43],[24,-36],[48,19],[16,-11],[23,36],[25,-27],[92,10],[245,-138],[77,34],[46,-188],[-3,-48],[29,-61],[3,-69],[28,-48],[24,3],[4,31],[18,1],[125,-26],[-2,35],[61,-52],[59,19],[72,-4],[25,-79],[76,-1],[29,39],[26,-2],[51,66],[67,25],[4,48],[41,49],[101,-9],[27,-41],[32,61],[46,41],[39,5],[18,-20],[-3,-25],[-40,-61],[51,20],[25,54],[5,48],[62,41],[45,89],[31,16],[23,46],[-32,19],[3,51],[-15,22],[-17,-15],[-19,8],[-9,40],[-40,3],[-44,61],[-1,20],[42,8],[87,110],[-37,15],[-69,-35],[-54,19],[-22,54],[-26,7],[-53,118],[-35,5],[-5,25],[68,41],[98,-31],[18,1],[7,30],[20,-7],[23,74],[-3,53],[-90,60],[-25,42],[-22,8],[-57,-22],[-12,-34],[36,-47],[-7,-11],[-35,19],[-55,-10],[-78,62],[-22,-18],[9,-12],[-11,-10],[-77,3],[-76,61],[-34,3],[-44,32],[-16,24],[4,19],[-50,70],[-29,91],[-48,-34],[-28,54],[-72,23],[-43,-8],[-12,-43],[-31,-3],[-17,42],[-21,-26],[-30,4],[0,62],[-20,40],[-23,-37],[-7,13],[-25,-17],[-31,8],[-6,-15],[12,-32],[-45,-20],[-23,12],[-9,29],[-24,-4],[0,18],[-23,22],[-30,-34],[-32,11],[-51,-29],[-75,22],[-14,20],[-13,-15],[1,16],[-30,15],[-18,-33],[-38,-7],[-21,29],[-7,-47],[-13,-6],[-136,164],[-41,80],[-30,-12],[34,158],[19,211],[-52,84],[13,75],[-54,105],[-17,-35],[-119,-75],[-12,-37],[-49,42],[-69,-22],[-18,42],[-40,-6],[-97,62],[-47,77],[-46,4],[-16,48],[-41,46],[-59,12],[-46,46],[5,37],[21,30],[-15,53],[12,18],[-32,28],[-19,43],[7,28],[-23,40],[-16,2],[19,48],[-17,27],[-4,47],[-35,63],[-19,-3],[1,22],[30,114],[-9,14],[4,53],[17,47],[-8,75],[26,47],[-1,113],[72,66],[-13,130],[87,60],[-3,54],[26,27],[24,77],[-10,21],[-33,3],[-21,22],[24,74],[-15,64],[23,44],[10,74],[-19,48],[14,34],[-28,139],[16,114],[-35,107],[29,96],[-163,-5],[-48,-18],[-42,12],[-21,-11],[-10,23],[-34,-41],[-32,-5],[-29,26],[-50,-9],[-9,22],[-9,-23],[-47,-17],[-24,71],[-36,6],[-30,-46],[-10,-59],[-38,-45],[13,-38],[-26,-49],[-15,-93],[-34,-65],[-33,-25],[-37,-82],[5,-50],[-27,-37],[-22,-11],[-13,12],[-13,-23],[-79,-43],[-16,86],[-26,19],[12,10],[-17,24],[-35,-7],[-38,27],[-14,-25],[-25,43],[-26,2],[-12,20],[-14,-20],[-47,22],[-10,-22],[-41,45],[2,23],[-54,-31],[-21,11],[-51,-66],[-32,-15],[-23,9],[-4,-33],[-22,-13],[-10,-99],[-14,-18],[9,-25],[-32,-23],[12,-33],[-20,-28],[-53,-8],[6,-19],[-21,-97],[-52,-20],[-14,36],[-24,-12],[-46,17],[-11,-14],[12,-43],[-16,-11],[4,-37],[-31,-30],[-44,11],[-33,38],[-60,0],[-9,15],[-59,-8],[-75,-52],[-9,-25],[15,-34],[37,-40],[12,-41],[31,-16],[15,-44],[-9,-137],[-25,-19],[-3,-53],[24,-25],[-5,-35],[31,-108],[-87,-45],[7,-61],[27,-40],[-7,-61],[43,-46],[40,3],[-5,-36],[61,-44],[13,-84],[27,13],[25,-21],[3,-22],[78,-47],[-17,-24],[4,-18],[33,-48],[58,-42],[-14,-56],[49,57],[15,-24],[47,-20],[17,11],[12,-17]],[[46900,41082],[-56,14],[77,-3],[-21,-11]],[[51229,37178],[26,3],[48,-29],[51,-81],[-125,107]],[[51375,37058],[22,4],[41,-28],[-63,24]],[[30832,64050],[24,-48],[114,-57],[22,6],[16,41],[69,-22],[74,15],[152,-7],[6,-42],[55,-53],[63,-30],[62,-61],[8,-25],[109,-62],[34,-43],[54,12],[7,-43],[-34,-20],[-7,-39],[9,-39],[-34,-27],[-63,55],[-27,-17],[-18,28],[-83,14],[-2,28],[25,41],[-10,50],[-38,16],[-51,78],[-77,-14],[0,25],[24,13],[-9,8],[-135,-13],[-18,5],[-18,36],[-56,-10],[-33,22],[0,-43],[-28,-52],[-82,26],[-34,36],[-59,28],[-13,33],[-30,5],[-9,67],[-51,4],[-8,-34],[-22,1],[-4,54],[-29,7],[-5,160]],[[30672,64163],[55,-52],[3,0]],[[30730,64111],[7,-6],[51,-14]],[[30788,64091],[44,-41]],[[29903,64964],[30,-50],[0,-34],[-60,27]],[[29873,64907],[3,42],[27,15]],[[33946,65961],[9,-38],[-70,-234],[-98,-150]],[[33787,65539],[-28,35],[20,26],[25,90],[142,271]],[[37073,67983],[-114,-189],[-76,-550],[-125,-176],[-144,-155],[-60,-153],[-164,-107],[-9,-157],[-330,-362],[-89,-167],[-118,-138],[-130,28],[-172,160],[-23,107],[2,201],[-81,474],[-324,561],[-103,101],[-72,132],[-93,19],[-59,47],[-76,217],[-38,11],[-99,-28],[-152,18],[-95,39],[-57,155],[-110,44],[-161,-59],[36,-113],[10,-103],[-3,-232],[-32,-168],[-62,-153],[-110,-120],[-92,-186],[-29,-122],[-14,-240],[21,-45],[84,-62],[74,-148],[5,-31],[-19,-42],[50,-213]],[[33920,66078],[-37,7],[-52,72],[-23,107],[-81,151],[-13,60],[-14,24]],[[33700,66499],[-27,88]],[[33673,66587],[-12,63],[-26,59],[6,94],[-17,60],[4,73],[-106,270],[-1,116],[38,64],[2,39],[-29,68],[0,30],[-40,55],[-41,149],[25,98],[-25,54],[-9,59],[8,37],[40,46],[69,18],[15,31],[0,51],[-24,8],[-4,19],[17,41],[25,10],[-13,141],[15,97],[-23,61],[5,69],[36,34],[41,-17],[49,28],[-41,65],[27,32],[-35,129],[3,57],[83,29],[35,35],[40,70],[7,47],[63,-7],[6,28],[-22,67],[35,98],[1,43],[80,-42],[26,-37],[20,-65],[15,-10],[64,-11],[32,27],[44,-8],[3,110],[18,36],[72,13],[94,59],[15,33],[5,74],[80,95],[7,71],[60,1]],[[34535,69651],[270,-97]],[[34805,69554],[-15,-51],[212,-11],[5,-355],[951,-2],[-20,-93],[24,-47],[-52,-88],[38,-32],[162,-53],[198,-112],[29,2],[155,-92],[33,-71],[113,-63],[36,3],[63,-64],[-1,-60],[-18,-25],[-21,-97],[14,-54],[8,-12]],[[36719,68177],[2,-7],[4,-2]],[[36725,68168],[7,-11],[7,3]],[[36739,68160],[3,-2],[58,24]],[[36800,68182],[26,-39],[62,-19],[29,-68],[22,0],[16,44],[38,2],[13,-37],[67,-82]],[[53771,32294],[99,-4],[-21,-7]],[[53849,32283],[-38,-3]],[[53811,32280],[-40,14]],[[54044,32335],[-90,-27],[81,40],[9,-13]],[[54060,33256],[4,42],[1,-50],[-17,-33],[-43,-32],[55,73]],[[57449,30760],[-34,-8]],[[57415,30752],[-110,34],[-47,-13],[-71,-113],[-36,-22],[-41,53],[-64,-66],[-42,21],[-95,-29],[-72,39],[-36,122],[-23,22],[-1,30],[11,7],[-52,61],[-43,5],[-20,54],[-30,21],[-22,97],[-28,50],[-53,44],[-10,60],[48,-6],[46,-28],[49,24],[41,-42],[19,27],[-8,23],[62,60],[22,13],[63,-21],[11,65],[34,18],[103,-32],[54,-51],[17,-37],[25,-1],[8,-26],[36,-13],[23,69],[39,-1],[12,16],[-7,37],[-24,3],[-21,55],[-27,20],[8,23],[-17,12],[-1,25],[33,8],[88,-49],[47,5],[30,25],[51,-55],[63,63],[72,-30],[13,-33],[14,2],[-6,51],[19,36],[15,-20],[38,-2],[29,19],[-17,20],[14,23],[-12,57],[7,28],[-25,35],[-2,45],[39,18],[26,-63],[111,-80],[32,-61]],[[57824,31503],[1,-65]],[[57825,31438],[23,-85],[-22,-62],[-2,-48],[13,-33],[-20,-18],[5,-19],[14,12],[4,-24],[-17,-27],[-120,-53],[-7,18],[-30,-29],[-10,58],[-25,-107],[-28,-1],[-11,-20],[21,-60],[-19,-59],[-104,-47],[-41,-74]],[[62059,31515],[0,-137],[-47,-40],[-28,-79],[-4,-52],[-24,-14],[-26,-50],[-34,-13],[-50,-55],[-45,34],[-28,-22],[-28,78],[-45,-45],[3,-51],[-18,-51],[-23,13],[-21,-57],[-43,5],[-11,-89],[-24,19],[-69,-51],[-18,8],[-29,-86],[-39,-9],[-50,34],[-66,-2],[-44,-46],[-16,-57],[-23,-13],[-41,21],[-18,70],[-47,16],[-26,-22],[-33,24],[-29,-8],[-2,18],[-27,-8],[-51,-112],[-87,-68],[-22,28],[-27,-4],[-19,27],[41,55],[29,-5],[24,33],[-5,41],[13,21],[45,17],[10,37],[-8,55],[18,62],[-6,24],[28,169],[114,70],[53,-65],[73,30],[12,23],[35,16],[52,-33],[46,46],[7,42],[18,2],[17,56],[55,45],[34,6],[47,60],[-6,35],[46,112],[39,55],[-7,102],[22,94],[-16,50],[4,31],[38,-20],[51,15],[22,-10],[104,54],[13,-21],[-30,-63],[0,-53],[28,-35],[54,-8],[45,-52]],[[61939,31762],[2,-82],[6,-8]],[[61947,31672],[0,-9],[24,-24]],[[61971,31639],[88,-124]],[[56411,32633],[9,-219],[20,-112],[-39,-58],[-1,-111],[-9,-22],[-29,-7],[8,-42],[-10,-36],[-23,2],[-33,-47],[-47,16],[-13,40],[-38,-22],[-48,21],[-17,-15],[-11,26],[-162,-60],[-26,17],[-7,32],[-25,-8],[-27,35],[-112,14]],[[55771,32077],[-82,163],[-5,5]],[[55684,32245],[-7,15],[-50,42],[-32,89],[-7,66],[9,42],[41,67],[25,151],[-11,62],[9,6]],[[55661,32785],[271,-279],[49,28],[71,-39],[41,2],[99,-34],[65,21],[86,89],[11,46],[27,-6],[30,20]],[[72956,8671],[-15,-33],[-5,-106]],[[72936,8532],[-37,10],[-15,-26],[-87,96],[-10,31],[10,133],[159,-105]],[[72829,14751],[16,18],[-22,92],[2,70],[-20,18],[-9,93],[-32,72],[16,24],[-70,70],[-14,33],[-42,-6],[-34,25],[0,15],[19,1],[1,120],[24,129],[-9,34],[48,50],[70,5],[26,-27],[14,4],[1,24],[44,15],[34,34],[-7,122],[-24,63],[68,26],[58,90],[35,96],[-23,25],[-40,111],[11,35],[-8,33],[62,143],[120,-10],[34,39],[49,21],[15,26],[3,214],[37,79],[70,58],[38,40],[9,41],[39,30],[176,36],[-1,-34],[-37,-11],[21,-18],[2,-69],[35,-89],[-1,-68],[23,-20],[9,-89],[31,-30],[20,-67],[-12,-55],[31,-36],[12,-66],[31,15],[13,-35],[34,2],[40,-23],[67,22],[9,18],[78,1],[16,32],[-10,38],[9,41],[35,-41],[38,-10],[-4,47],[52,98],[25,17],[54,-19],[-56,62],[22,9],[27,-17],[58,29],[60,-19],[43,-34],[56,1],[7,-12],[17,13],[121,-10],[70,15],[12,-59],[63,-27],[34,-81],[3,-77],[-19,-74],[125,6],[60,-19],[298,-10],[45,-32],[45,15],[165,-7],[0,27],[-21,17],[12,48],[279,1],[-19,127],[248,4],[120,-19],[25,-135],[-16,-21],[-8,-52],[30,-35],[-1,-24],[-55,-6],[-61,-49],[4,-115],[31,-33],[-38,-19],[-11,-24],[15,-25],[-2,-31],[40,-20],[34,-43],[11,-48],[28,-10],[14,-33],[37,13],[0,-91],[-22,-66],[3,-50],[-25,-66],[22,2],[21,-47],[56,7],[22,-64],[-21,-47],[3,-52],[-32,-100],[-25,26],[-40,3],[-36,30],[-58,-42],[-20,-36],[-21,-48],[24,-40],[3,-96],[74,-53],[-8,-139],[35,-38],[61,-24],[109,-123],[71,-32],[34,1],[25,-24],[16,27],[33,15],[0,-76],[52,9],[55,-189],[-37,-48],[-35,-5],[-38,-32],[-67,115],[-33,-44],[-9,-37],[-54,19],[-39,-48],[-11,33],[-53,50],[-23,2],[-13,-32],[7,-53],[-131,-17],[-35,53],[-66,-123],[9,-58],[-16,-26],[-39,-16],[6,-27],[-20,3],[-31,-54],[-2,-30],[-25,9],[-27,64],[-13,-30],[20,-69],[-21,-19],[7,-24],[-32,5],[-3,-100],[-51,-12],[-91,78],[-23,72],[-31,24],[-41,4],[-40,-35],[-71,-3],[-30,64],[5,55],[-32,50],[-25,-32],[-42,2],[-9,-28],[-29,-17],[-18,49],[3,49],[-39,39],[-11,34],[-45,-1],[-26,53],[12,68],[-47,184],[57,133],[-11,62],[-25,-5],[-81,-115],[-27,15],[-6,56],[-25,20],[-14,-12],[-65,17],[-46,-72],[-83,-16],[16,82],[-15,83],[-27,50],[13,61],[-20,34],[-55,21],[-30,-32],[-16,6],[-9,-28],[-15,5],[1,-18],[-17,-11],[-88,4],[-6,-30],[-10,13],[9,-46],[-14,-41],[-44,21],[-43,70],[5,88],[-81,-74],[-26,6],[-29,34],[-25,1],[-18,-6],[-7,-30],[-41,13],[-46,-11],[-5,-30],[-16,0],[-92,121],[-14,-25],[-27,17],[-13,-14],[-48,1],[-31,-46],[-72,9],[-13,-8],[-4,-71],[-42,31],[-29,-22],[-58,3],[-20,-23],[-8,31],[-26,12],[-6,37],[-34,26],[-59,1],[-42,27],[-35,-60],[-31,-21],[-46,65],[-21,-1],[-12,29],[-32,-30],[-27,24],[-73,-105],[13,-60],[-18,-38],[-20,0],[-24,-91],[-34,-69],[51,-142],[-39,-11],[-20,-31],[6,-16],[-56,-30],[-7,-42],[-64,18],[-25,25],[-1,29],[-121,87],[-2,43],[16,48],[-17,18],[24,7]],[[72854,14506],[11,34],[-1,6]],[[72864,14546],[0,1],[-35,204]],[[78344,9587],[10,55],[13,10],[-10,21],[-19,-7],[-1,78],[-15,-3],[-9,-51],[-6,25],[-11,-10]],[[78296,9705],[-36,57],[-13,11]],[[78247,9773],[-7,10],[-8,3]],[[78232,9786],[-17,15]],[[78215,9801],[0,3]],[[78215,9804],[29,25]],[[78244,9829],[41,-43],[21,4],[-34,43],[19,2],[-17,38],[-16,-4],[51,37],[-10,6],[9,30],[29,25],[-35,11],[-26,-12],[2,13],[28,6],[-131,-16],[-55,-26]],[[78120,9943],[-30,25]],[[78090,9968],[-13,45],[0,-5]],[[78077,10008],[-12,46]],[[78065,10054],[-8,63],[19,9],[11,-16],[62,43],[20,-15],[83,17],[-10,38],[-45,64],[30,131],[-25,33],[-33,1],[-43,63],[-34,118],[-28,-10]],[[78064,10593],[-33,23]],[[78031,10616],[-46,103],[-89,72],[-25,57],[-70,-3],[-78,100],[-46,-5],[-4,20],[-21,2],[-22,68],[-81,1],[-36,72],[-64,12],[-24,35],[-27,10],[-51,-32],[6,-32],[-44,43],[-24,-30],[-7,17]],[[77278,11126],[-44,3]],[[77234,11129],[-11,13]],[[77223,11142],[-40,68]],[[77183,11210],[-4,-90],[40,-55],[-66,-51],[-35,56],[-22,220],[-35,-23],[4,-40],[-18,-92],[-21,22],[-17,-6],[-3,16],[-20,-11],[-1,-17],[14,-5],[-13,-24]],[[76986,11110],[23,-37]],[[77009,11073],[-43,-15],[-18,-22],[-30,34],[-37,-24],[-26,16],[2,46],[-19,16],[-15,-32]],[[76823,11092],[-37,5]],[[76786,11097],[14,83],[39,11],[-36,67],[-12,74],[43,-5],[18,-26],[9,24],[-24,35],[-46,10],[8,-30],[-9,-8],[-38,45],[-28,-10],[23,24],[-33,24],[17,38],[48,-38],[18,10],[-7,12],[46,-17],[-6,28],[39,12],[40,-30],[26,19],[32,-4],[3,12],[-35,38],[37,37],[2,27],[19,14],[13,43],[21,-25],[12,1],[-9,20],[12,16],[30,-27],[-3,56],[76,28],[13,-13],[26,53],[12,-3],[-9,104],[46,-20],[19,14],[-6,37],[11,0],[12,53],[-7,69],[-64,59],[3,57],[-102,180],[19,83],[-61,25],[-21,30],[-6,51],[48,90],[-14,42],[-91,57],[-11,35],[-43,2],[-10,-13],[-53,45],[-80,-17],[-11,50],[51,95],[7,101],[-33,117],[20,75],[-33,65],[-49,-10],[-57,28],[-38,81],[8,53]],[[76641,13360],[-17,42],[-16,16]],[[76608,13418],[-11,21]],[[76597,13439],[10,33]],[[76607,13472],[66,7],[45,48],[-13,45],[29,24],[-3,32],[-53,85],[16,20],[-29,44],[-5,46],[66,19],[50,-10],[4,56],[36,36],[11,45],[25,25],[163,-126],[106,253],[67,10],[10,12]],[[77198,14143],[32,10]],[[77230,14153],[53,2],[53,-42],[11,-31],[17,38],[44,1],[18,-13],[7,-35],[30,12],[46,-66],[35,-10],[6,-19],[31,33],[28,-32],[82,12],[51,38],[13,-15],[25,41],[58,47],[8,27],[21,-83],[34,53],[27,-58],[41,-22],[32,53],[36,-10],[52,37],[41,-16],[36,19],[14,29],[-6,22],[81,82],[10,29],[54,35],[15,-17],[115,60],[-1,-85],[20,14],[20,-38],[20,-3],[9,34],[16,8],[23,-41],[31,1],[-11,-62],[52,14],[60,-22],[-19,-49],[-33,-35],[14,-23],[-17,-48],[20,-20],[81,-20],[10,-23],[58,-35],[36,52],[50,14]],[[78888,13987],[-3,-137]],[[78885,13850],[-10,-10],[-13,17],[-21,-49],[-65,-58],[-18,38],[-18,-3],[-10,26],[-32,17],[-7,-83],[-33,-4],[-16,-40],[30,-28],[25,-70],[0,-66],[17,-17],[-44,-60],[14,-47],[-7,-30],[-15,44],[-17,-3],[-21,37],[-28,-8],[-4,-41],[-49,-105],[-54,-18],[-30,-74],[-37,-28],[23,-65],[-79,-43],[-4,-1],[-41,36],[-13,-19],[-48,-3],[-11,13],[1,67],[-23,16],[-31,-16],[-18,-55],[-29,-9],[-35,-38]],[[78114,13070],[-23,-15],[-6,-17]],[[78085,13038],[-5,-7],[0,-10]],[[78080,13021],[-2,-9],[4,-43]],[[78082,12969],[21,-7],[15,-36],[-21,-74],[15,-7],[-10,-86],[47,-3],[-8,-32],[-32,-3],[-20,-69],[13,-24],[-37,-31]],[[78065,12597],[4,-23]],[[78069,12574],[-2,-2],[3,-2]],[[78070,12570],[1,-6],[7,-2]],[[78078,12562],[12,-11],[46,-5],[5,-46],[16,-12],[-9,-38],[24,-31],[-35,-67],[-7,-60],[35,-27],[8,-37],[11,34],[34,1],[43,-26],[-3,-29],[100,-23],[-40,-72],[-63,-20],[-19,-42],[64,-67],[13,-72],[-11,-22],[-81,35],[-27,-34],[-58,4],[-31,-67],[-69,-27],[-17,-31],[19,-94],[-19,-77],[-32,-40],[1,-65],[-23,-52],[6,-113],[-14,-65],[17,-75],[42,25],[36,-55],[65,13],[18,-20],[-57,-61],[-26,-8],[9,-39],[-8,-21],[-30,39],[-10,-2]],[[78013,11060],[-6,5],[-2,-8]],[[78005,11057],[-4,-1],[0,-13]],[[78001,11043],[-7,-28],[6,-54]],[[78000,10961],[0,-1],[0,0],[22,-12],[-1,-29],[154,-29],[-37,-36],[12,-19],[-7,-29],[43,-69],[31,20],[21,-19],[50,4],[5,-18],[21,-5],[34,-108],[31,-42],[-7,-22],[-58,-43],[16,-23],[39,-12],[11,-26],[83,-18],[10,-27],[-44,-59],[23,-27],[20,14],[35,-32],[-10,-73],[28,35],[16,-5],[-14,-36],[7,-25],[60,-17],[-8,22],[22,-21],[1,-59],[20,-18],[-9,-60],[-50,-60],[-1,-116],[-52,-23],[-15,37],[-19,-20],[-27,9],[-8,-82],[33,-72],[-46,-101],[-16,20],[-1,-23],[-19,-2],[19,-39],[21,22],[25,-30],[40,2]],[[78504,9559],[-4,-52]],[[78500,9507],[-40,-32],[-52,59],[0,0],[0,0]],[[78408,9534],[-12,-3]],[[78396,9531],[5,5],[-13,-7],[-6,22],[2,-17]],[[78384,9534],[-19,25]],[[78365,9559],[0,0],[-21,28]],[[78374,9814],[14,-9],[1,4]],[[78389,9809],[3,-1],[7,29],[14,-9],[8,33],[-9,9],[-8,-24],[-15,5],[-15,-37]],[[78350,9756],[0,35]],[[78350,9791],[20,23],[8,38]],[[78378,9852],[2,4],[-1,1]],[[78379,9857],[2,7],[-6,-3]],[[78375,9861],[-6,6],[-13,-16]],[[78356,9851],[-14,-8],[0,-9]],[[78342,9834],[-6,-9],[14,-69]],[[78361,9704],[-2,-25],[9,5],[1,5]],[[78369,9689],[0,-1],[4,19],[-12,-3]],[[78329,9813],[4,-3],[-6,24]],[[78327,9834],[-1,8],[-1,-1]],[[78325,9841],[-1,4],[-14,-17]],[[78310,9828],[21,-27],[-2,12]],[[76583,13283],[-6,-35]],[[76577,13248],[-27,-23],[-16,-46],[-55,-39],[-22,-101],[-27,-55],[4,-28],[-98,-134],[-31,-10],[-13,28],[-68,-4],[-30,-43],[-104,-35],[-52,-77],[-29,-8],[-6,71],[-24,4],[-46,72],[14,31],[14,-5],[7,53],[46,17],[13,24],[6,35],[-34,8],[-3,27],[52,140],[57,10],[37,104],[15,-9],[45,49],[25,86],[27,25],[-3,77],[29,56],[12,-28],[78,-9],[-3,-11],[24,-18],[9,10],[10,-25],[18,6],[15,-16],[-5,-37],[13,-25],[18,-4],[3,-54],[98,59],[16,-16],[-15,-35],[-30,-19],[15,-15],[3,-31],[24,3]],[[83579,15027],[8,13]],[[83587,15040],[31,-26]],[[83618,15014],[67,-9]],[[83685,15005],[13,-23]],[[83698,14982],[8,-40]],[[83706,14942],[0,-8],[2,0]],[[83708,14934],[0,-2],[36,14]],[[83744,14946],[29,-49],[-11,-3],[19,-14],[-10,-27],[18,-38],[-10,-16],[23,9],[25,-24],[-54,-39],[15,-1],[-9,-21],[15,-25],[-21,-30],[4,-54],[14,-30],[34,-1],[-17,-14],[18,-19],[-17,-19],[13,-13],[-5,-32],[14,7],[14,-20],[-4,-24],[48,-24],[9,26],[31,-58],[46,-17],[-3,-23],[31,-35],[67,6],[-10,-68],[9,-25],[21,-7],[-11,-20],[7,-36],[0,0],[25,-33],[2,0]],[[84113,14135],[1,-2],[10,4]],[[84124,14137],[32,4]],[[84156,14141],[10,-37]],[[84166,14104],[-27,-46],[1,-1]],[[84140,14057],[-1,-2],[11,-19]],[[84150,14036],[-6,-51]],[[84144,13985],[-40,-33],[4,-68]],[[84108,13884],[-78,-22],[-17,-32],[-17,-5],[-50,95],[-32,18],[-75,3],[-35,65],[-41,-10],[-108,94],[-24,-5],[5,36],[-12,17],[-111,45],[-30,-16],[-9,28],[-27,-1],[-9,28],[-23,-14],[-3,48]],[[83412,14256],[21,67],[146,704]],[[87168,9830],[45,35],[34,53],[-36,5],[-23,-41],[2,18],[-29,12],[7,14],[-14,10],[42,45],[-11,32],[19,23],[-27,42],[4,33],[-12,-4],[-17,26],[28,5],[-32,6],[4,14],[-25,-20],[-19,9],[-4,29],[-35,23],[26,54],[16,-10],[5,48],[-18,31],[20,37],[-18,6],[-2,40],[37,8],[-14,38],[45,-8],[11,11],[-1,48],[52,-23],[11,87],[-22,21],[10,72],[52,42],[12,-6],[-6,-30],[14,-28],[33,45],[22,62],[-14,25],[15,25],[-14,24],[15,28],[26,-6],[9,32],[-16,25],[10,25],[29,3],[17,22],[34,-16],[-2,29],[37,-84],[56,-6],[-6,-21],[-29,-15],[14,-14],[-14,-22],[39,4],[13,58],[-15,17],[15,18],[11,-11],[-9,-9],[12,-54],[41,-5],[1,112],[-15,55],[20,-15],[21,-91],[37,58],[-2,29],[12,6],[25,-79],[46,24],[42,74],[33,-71],[-15,-133],[7,-39],[16,-4],[-4,34],[15,27],[59,-17],[12,17],[-1,69],[49,44],[20,-6],[16,-16],[-39,-90],[-25,-47],[-66,-60],[34,-48],[43,-35],[24,40],[121,-101],[37,38],[19,-5],[71,37],[33,-4],[-13,-12],[8,-38],[17,0],[-4,-25],[19,-16],[3,-35],[-58,-58],[-23,-64],[-17,-13],[0,-23],[34,-1],[35,-32],[111,26],[42,-25],[23,-66],[28,-38],[37,-23],[47,15],[-36,-46],[0,-18],[34,11],[10,-34],[31,-5],[23,26],[38,7],[-16,-41],[-60,-60],[67,-76],[30,33],[35,-10],[11,-56],[52,-23],[5,-35],[-28,-46],[-44,-21],[-43,-56],[-59,-16],[-34,-70],[0,-37],[32,-23],[46,-114],[-13,-9],[-21,-113],[-41,-98],[-102,12],[-25,29],[6,59],[-21,42],[-37,5],[-34,28],[-43,-33],[16,-28],[-17,-74],[-59,-56],[-32,-60],[-41,49],[-11,-29],[-37,3],[6,-35],[-17,5],[2,-21],[-51,61],[-28,-65],[-2,14],[-25,-17],[-11,11],[-44,-46],[-16,6],[4,-17],[-43,2],[-12,-20],[-16,19],[-17,-17],[-12,15],[-32,-7],[-58,-63],[2,31],[-14,-2],[-2,60],[-21,48],[-38,-10],[-23,16],[-5,-14],[-15,20],[-17,-5],[-9,24],[-84,-24],[-33,17],[-37,-85],[-79,3],[-4,17],[30,67],[34,32],[1,30],[-17,6],[-66,-52],[-49,39],[-12,30],[18,40],[26,-20],[30,49],[-8,22],[30,31],[13,43],[-26,18],[-12,-12],[-18,-68],[-25,54],[-34,-37],[-20,0],[-7,36],[-41,33],[18,12],[-13,7],[2,32],[-14,0],[-19,-42],[-21,57],[-43,15],[-5,39],[24,-18],[15,16],[15,28],[-7,73],[17,3],[-4,22],[-45,-1],[7,117]],[[87720,10787],[2,-44],[-16,-10],[-2,36],[-23,-13],[-5,-40],[-20,-17],[-15,68],[-18,1],[16,-88],[58,14],[18,-13],[10,26],[14,-8],[22,15],[18,87],[-9,6],[0,43],[-22,5],[2,-25],[-30,-43]],[[88249,18069],[18,-54],[52,-40],[10,-26],[-49,-160],[0,-38],[-41,65],[-30,1],[-17,-19],[17,-85],[-13,-63],[53,-20],[4,-20],[-67,-17],[-3,34],[-19,-3],[-27,-110],[-35,24],[8,-29],[-9,-3],[-28,27],[-40,-31],[-38,3],[-59,-35],[-44,30],[73,116],[61,36],[2,58],[-31,123],[15,88],[26,21],[-6,60],[13,17],[15,-24],[115,78],[-25,92],[-76,28],[-9,86],[13,61],[35,-37],[94,-52],[84,1]],[[88291,18252],[43,-40]],[[88334,18212],[20,-25]],[[88354,18187],[0,-7]],[[88354,18180],[-3,-11]],[[88351,18169],[-102,-100]],[[88925,23727],[20,-44],[-5,-91],[11,-94],[-30,-202],[13,-216],[-14,-47],[-18,10],[-28,-22],[-62,-2],[-15,-10],[-1,-26],[-36,-9],[10,-402],[20,-90],[22,-250],[19,-44],[35,-185],[2,-131],[25,-132],[-51,-218],[4,-196],[134,14],[0,-31],[155,22],[46,-203],[-4,-91],[17,-159],[103,-505],[64,-37],[20,15],[37,-13],[75,8],[94,-852],[-742,54],[-1,-111],[-178,15],[-33,-189],[-118,-6],[-48,14],[-36,77],[-51,55],[-112,-13],[-34,10],[-10,95],[18,68],[-42,66],[-47,15],[18,92],[32,579],[-17,141],[-132,194],[-73,82],[-45,102],[-239,258],[-76,-88],[-436,405],[-141,518],[-19,110],[-31,36],[12,43],[-41,45],[-38,142],[-15,245],[-55,199],[-121,252],[-124,313],[-48,35],[-9,-24],[-26,-5],[-9,29],[30,78],[68,67],[1007,937],[64,6],[37,79],[56,-43],[26,27],[6,47],[35,-25],[27,1],[20,46],[26,17],[81,-1],[31,70],[-37,128],[22,13],[33,-15],[6,59],[69,-25],[57,76],[4,35],[46,-72],[1,-28],[54,-69],[81,1],[21,-49],[0,31],[26,5],[29,-23],[50,4],[18,107],[-32,58],[-10,108],[36,19],[56,-13],[50,54],[49,7],[43,40],[22,-24],[10,-43],[-17,-19],[-2,-50],[21,-28],[3,-54],[11,-3],[-7,-22],[38,14],[2,-76],[27,-46],[8,-45],[45,-7],[18,-24],[-5,-62],[17,-81],[-45,-80],[0,-5],[73,-722]],[[7339,91614],[-5,10],[-27,2]],[[7637,91370],[17,-66]],[[9383,85720],[64,-32]],[[9451,85683],[20,-67]],[[9481,85583],[1,-3]],[[9499,85521],[-1,-5]],[[9494,85465],[10,-45],[66,-221]],[[9390,84958],[-4,-5],[-33,-72]],[[9245,84511],[26,-403],[3,-9]],[[9293,84043],[26,-79],[8,-5]],[[9345,83949],[7,-4],[8,6]],[[9388,83969],[59,39]],[[9452,84009],[40,-14]],[[9502,83988],[11,-70]],[[9513,83918],[41,-98]],[[9466,83707],[-4,-3],[28,-13]],[[9513,83681],[5,-2],[10,6]],[[9540,83692],[2,1],[25,56]],[[13668,81658],[-33,2],[-8,-11]],[[13623,81643],[-4,-5],[73,-108]],[[13889,81547],[20,-23]],[[13970,81426],[-91,-116],[-117,-247]],[[13556,80696],[-4,-40],[0,-161]],[[13552,80476],[0,-7],[112,-175]],[[12218,80754],[-10,15],[-2,-1]],[[12189,80752],[-13,-11],[0,-2]],[[12178,80729],[9,-44]],[[12187,80681],[-35,-38]],[[12043,80433],[-12,74],[-11,9]],[[12016,80519],[-1,1],[-5,-8]],[[11925,80445],[-2,2],[18,-74]],[[11816,80251],[-30,-34]],[[11771,80179],[-39,23]],[[12867,77666],[-35,-32],[7,3]],[[12842,77638],[31,11],[14,20]],[[12900,77688],[5,7],[-1,19]],[[12914,77772],[11,33],[3,50]],[[13255,78192],[24,4],[17,15]],[[13299,78213],[1,1],[30,96]],[[13343,78352],[5,5]],[[13375,78371],[23,-31]],[[13402,78335],[1,-1],[82,-60],[7,0]],[[13505,78274],[13,0],[8,20]],[[13552,78362],[9,25],[3,22]],[[13565,78420],[1,7],[-13,28]],[[13697,78672],[2,3],[-6,43]],[[13717,78762],[6,39],[-1,4]],[[13718,78847],[-3,32]],[[13913,79130],[8,7],[19,32]],[[13966,79214],[7,12],[18,62]],[[14016,79290],[105,140]],[[17912,78513],[7,37],[-9,66]],[[17909,78662],[19,56]],[[17931,78726],[57,27]],[[18392,77314],[8,2],[87,60]],[[18510,77360],[-78,-61]],[[18412,77287],[-70,-15]],[[18163,76559],[160,10],[12,9]],[[18677,76770],[8,0]],[[18702,76768],[50,-53]],[[19099,76437],[5,-1]],[[19332,76003],[32,6],[4,8]],[[19324,77022],[8,-61]],[[19317,75913],[-15,-21],[2,-18]],[[19439,75555],[72,82]],[[19539,75668],[119,134]],[[19665,75626],[-12,41],[-41,44]],[[19477,75536],[-6,-7],[-32,-71]],[[19423,75424],[-2,-6],[3,-8]],[[19431,75340],[-2,-42],[13,-73]],[[19895,75130],[3,-2]],[[20374,75470],[21,5]],[[20675,75789],[5,3]],[[20578,75644],[-7,-6],[3,-1]],[[20610,75614],[12,-52]],[[20097,75102],[16,-278],[6,-29]],[[20128,74753],[1,-8],[71,-69]],[[21114,73905],[42,-65],[16,-10]],[[21211,73806],[20,-12],[11,0]],[[23365,71089],[20,-31]],[[23616,70871],[4,9],[5,26]],[[29291,63290],[16,-33]],[[29307,63257],[101,-97]],[[29316,63104],[-51,-15],[-5,-6]],[[29256,63078],[-14,-18],[-2,-16]],[[28807,62805],[-137,-100],[-10,-17]],[[28650,62671],[-9,-15],[-7,-36]],[[28584,62501],[-35,-68],[-5,-44]],[[28318,61919],[-8,-11],[-29,-70]],[[27665,61490],[8,-40]],[[27675,61434],[-25,12]],[[27634,61453],[-2,1],[-28,-9],[0,-7]],[[27604,61432],[0,-11],[22,-17]],[[30022,56403],[1,-1],[10,-19]],[[30120,56316],[-20,-57],[1,-2]],[[30191,56167],[6,2],[1,4]],[[30603,55557],[33,-65],[1,1]],[[31286,56226],[5,15]],[[31292,56239],[-1,-12],[23,-26]],[[31186,55156],[2,0],[4,8]],[[37595,49695],[70,85]],[[37686,49777],[8,-6]],[[38886,49394],[11,-45],[59,-40],[45,-78],[38,-21],[-16,-4]],[[37634,47192],[8,-18],[30,-10]],[[38539,45930],[9,-20],[23,-12]],[[38597,45885],[7,-4],[10,4]],[[38629,45891],[5,2],[21,52]],[[39255,47306],[79,-31]],[[39356,47254],[64,-80]],[[40148,47134],[1,-24]],[[40657,46454],[33,-18]],[[40690,46431],[-24,-23]],[[40653,46119],[-23,-89]],[[40617,46011],[-139,-145]],[[40106,44726],[-14,-46]],[[41642,44786],[125,313]],[[41767,45099],[148,193]],[[42824,45142],[316,196]],[[43181,45352],[138,-6]],[[43319,45346],[2,-39]],[[42896,44255],[46,-5]],[[43242,43624],[1,-18]],[[43233,43213],[7,-11],[12,8]],[[45056,42596],[34,3],[19,7]],[[45140,42618],[14,5],[18,36]],[[45174,42663],[7,-9]],[[45196,42635],[9,-13],[144,-73]],[[45620,42478],[91,-45]],[[45323,38214],[-1,-21]],[[48984,33361],[-8,-118],[4,-14]],[[48986,33210],[43,-159]],[[49061,32940],[-34,-46]],[[48929,32224],[-31,-2],[-29,-30],[3,21],[-16,13],[-152,19],[-64,-12],[-65,-40],[-249,-16],[-31,11],[-98,115],[-51,-6],[-20,-27],[-32,9],[-54,42],[-55,75],[-50,20],[-99,9],[-97,-55],[22,126],[-3,87],[-108,268],[-10,122],[-99,150],[-100,90],[-246,154],[-94,78],[-337,113],[-219,134],[-230,66],[-273,16],[-137,-58],[-55,-87],[-25,0]],[[45353,33966],[0,6],[-15,2]],[[45343,34110],[-3,-2],[1,14],[108,149],[44,7],[10,53],[-54,78],[-11,102],[-68,73],[-56,119],[-11,54],[13,66],[-26,76],[-224,190],[-121,35],[-9,36],[-63,96],[-1,68],[-23,-13],[5,13],[-17,23],[-122,77],[-182,44],[-113,-6],[-117,-50],[-57,-49],[-36,-59],[-8,6],[-6,-213],[-34,-40],[-174,20],[-142,85],[-37,74],[-78,94],[-199,411],[-29,98],[2,35],[25,54],[99,86],[79,115],[10,197],[-28,104],[-33,59],[-117,137],[14,50],[-24,-14],[-92,59],[-58,64],[-68,12],[-84,101],[-97,223],[-62,85],[-25,118],[-35,90],[25,90],[-11,155],[-14,40],[-103,86],[-151,52],[-255,201],[-11,39],[16,88],[-96,132],[-38,150],[-101,151],[-103,67],[-98,135],[-113,111],[-27,74],[-50,51],[-12,37],[-220,144],[-33,50],[-26,74],[-96,88],[-83,132],[-295,227],[-179,165],[-39,67],[-193,193],[-77,103],[-32,76],[-53,79],[-228,174],[-314,167],[-44,136],[-46,79],[-36,34],[-362,183],[-220,154],[-372,194],[-111,138],[-67,116],[-66,73],[-332,275],[-191,111],[-190,64],[-64,103],[-86,29],[-71,59],[-427,207],[-216,84],[-395,123],[-326,136],[-191,62],[-234,104],[-158,52],[-95,76],[4,56],[-26,3],[-15,62],[19,98],[51,147],[9,65],[-10,54],[-47,162],[-158,294],[-129,277],[-159,234],[-12,-8],[-9,33],[-331,393],[-21,48],[-88,76],[25,-4],[-4,40],[-17,-11],[-19,10],[-76,98],[-122,100],[0,39],[-34,-6],[-35,32],[-56,75],[-72,47],[-89,96],[1,42],[-127,92],[-41,47],[-26,75],[-52,44],[-2,26],[-138,187],[-21,50],[1,77],[-22,88],[-111,183],[-2,30],[-19,-3],[-110,111],[-276,221],[-153,201]],[[33004,47514],[23,-48],[-47,34],[8,7]],[[32690,47762],[-13,-24],[-191,247],[-327,520],[-247,297],[-98,100],[-314,264],[-156,177]],[[31171,49585],[-7,18]],[[31163,49604],[-3,6],[-177,144]],[[30217,50525],[-58,-7],[43,13]],[[29965,50715],[-18,21]],[[28458,52260],[-44,41]],[[28357,52394],[-25,52],[-23,18]],[[27987,52761],[-21,18],[-4,-5]],[[27962,52774],[5,15],[43,-40]],[[28016,52746],[13,18],[-14,39]],[[27645,53167],[-77,88],[-17,13]],[[27417,53340],[-10,-43],[-951,915]],[[26380,54373],[-66,48],[-29,40]],[[26302,54427],[-5,-17],[-60,30],[17,-8]],[[25702,54954],[-191,187]],[[25566,55153],[9,33],[-4,10]],[[25561,55219],[-3,6],[-45,45]],[[24931,55767],[-42,16],[3,19]],[[24638,56095],[-36,50],[-30,-23],[-58,53],[-329,398]],[[23951,56909],[-61,224]],[[23879,57573],[-122,280],[-49,81],[-46,125],[-16,112],[16,46],[93,107],[93,240],[10,-49],[94,-193],[-39,-7],[-35,-47],[-50,-24],[-21,-63],[21,-38],[14,9],[6,-11],[-12,-12],[53,-79],[24,-8],[13,20],[-4,-42],[16,-11],[18,22],[11,-16],[-20,-26],[35,-73],[82,-38],[58,21],[166,139],[72,134],[35,138],[-32,15],[12,2],[-15,14],[5,35],[3,-31],[8,21],[37,-7],[5,13],[-27,58],[15,4],[18,150],[19,43],[-4,135],[-19,14],[-36,-98],[-42,-46],[-83,-67],[-67,-22],[-89,-65],[-63,-53],[-21,-47],[-125,202],[40,-12],[-6,-12],[26,-50],[38,4],[17,-39],[38,-3],[107,77],[119,161],[74,142],[91,-75]],[[24393,59764],[-18,15]],[[24380,59912],[-74,169],[-25,27]],[[24197,60122],[5,13]],[[24249,60109],[-2,-5],[6,2]],[[24130,60278],[-2,10],[-3,-11]],[[23982,60265],[-140,199],[-154,292],[-357,456],[-31,71],[-7,145],[63,68],[14,32],[-7,10],[33,12],[-29,-51],[5,-24],[31,26],[-21,8],[8,18],[31,-33],[36,-10],[43,15],[43,53],[36,147],[4,131],[-45,319],[-10,46],[-31,39],[-20,56],[-19,79],[8,37],[-40,48],[-136,383],[-69,124],[-162,219],[6,16],[-25,25],[-3,40],[-15,26],[30,4],[33,63],[26,1],[4,20],[48,-13],[28,58],[41,21],[26,150],[-16,187],[-19,18],[-100,242],[1,51],[-26,18],[-163,278],[-117,163],[-230,262],[-29,5],[-2,14],[-6,-11],[-73,75],[-68,95],[-1,23],[-52,50],[-63,113],[-45,40],[-49,74],[-49,47],[-68,30],[-56,67],[-87,63],[-38,55],[-90,69],[-94,135],[-83,74],[-121,144],[-111,84],[-62,20],[-34,63],[-115,132],[-45,137],[-55,64],[-81,58],[-46,68],[-44,-1],[-95,67],[-20,-7],[-42,42],[-30,51],[3,76],[-55,31],[-27,53],[-50,44],[-75,112],[-100,106],[-136,107],[-25,43],[-33,-1],[-189,168],[-163,93],[-228,173],[-184,110],[-60,64],[-137,74],[-133,96],[-459,338],[-89,77],[-19,35],[-297,191],[-59,25],[-8,-10],[-1,23],[-49,33],[0,20],[-66,52],[-107,53],[-17,-17],[-8,20],[-59,37],[-197,101],[-37,42],[-265,157],[-11,-10],[-14,27],[-47,31],[-76,39],[-42,2],[-9,65],[-34,18],[-20,-23],[6,49],[-10,8],[-18,-23],[5,37],[-20,3],[35,75],[-2,49],[29,92],[-2,39],[23,51],[-10,49],[-63,91],[-216,192],[-5,28],[27,37],[-12,53],[5,48],[-17,25],[18,25],[-4,25],[-39,59],[-30,17],[2,20],[-30,39],[-136,101],[-49,91],[-17,-18],[-36,20],[-348,222],[-21,34],[-75,47],[-20,48],[-193,162],[-331,206],[-7,18],[-401,315],[-124,118],[-25,3],[-26,50],[-375,270],[5,19],[-30,40],[-53,34],[-3,47],[-32,38],[-545,487],[-574,560],[-14,29],[-21,2],[-237,200],[-114,130],[-28,66],[-120,159],[-457,398],[-201,203],[-50,32],[-272,255],[-375,395]],[[11222,75700],[-24,78],[21,52],[-14,29],[-44,-44]],[[11031,75962],[-114,182],[-177,359]],[[10744,76519],[0,4],[-53,115]],[[10577,76823],[-233,423],[-157,256],[-44,105]],[[9558,79176],[-6,8],[1,-3]],[[9555,79164],[1,-7],[-8,34],[14,0]],[[9562,79191],[-3,49],[-4,4]],[[9484,79373],[-27,126]],[[9266,79784],[-183,277],[-220,286],[-6,77],[28,247],[-9,78],[-88,273],[10,1],[-1,33],[-48,87],[-14,170],[-22,69],[-881,1249]],[[7856,82630],[-18,51],[-7,10]],[[7582,83040],[-115,235]],[[6706,85539],[-13,-3],[-11,-20]],[[6674,85500],[-5,-9],[-251,735],[-81,282],[7,34],[-13,-1],[-15,41],[-163,512],[-11,43],[6,40],[-33,89],[-46,58],[-129,320],[5,10],[-10,-4],[-147,311],[-3,90],[-38,22],[-11,40],[5,185],[-38,140],[-386,495],[-361,347],[-361,290],[-80,88],[-191,124],[-241,193],[-328,188],[-308,208],[-271,159],[-425,294],[-470,428],[38,32]],[[2161,91559],[-18,30],[-16,18]],[[2072,91683],[-3,9],[-156,211]],[[248,94566],[-11,14]],[[102,95205],[2067,1978],[113,80],[31,34],[9,70],[44,55],[34,26],[93,6],[55,87],[61,38],[97,25],[29,-22],[86,6],[51,89],[32,25],[118,2],[53,49]],[[3075,97753],[75,134]],[[3188,97928],[19,17]],[[5847,96239],[13,-9]],[[5730,95951],[-11,-64]],[[5571,95452],[-4,-12],[-52,-305]],[[5493,95082],[-80,-176]],[[5275,94756],[-26,-18],[0,-12]],[[5677,94778],[93,89]],[[5930,95175],[22,4]],[[7363,95036],[58,9]],[[7433,95033],[64,-230]],[[5951,92915],[-244,-289]],[[6578,92106],[3,-1],[2,3]],[[6670,92215],[2,-3],[5,28]],[[7115,92377],[2,15]],[[7118,92404],[2,15],[-8,10]],[[7107,92435],[-8,10],[-53,26]],[[7109,92607],[-47,66],[8,4]],[[7569,92662],[7,1],[2,6]],[[7618,92749],[16,12]],[[7634,92761],[15,-10],[-25,-15]],[[7772,92471],[24,-17]],[[7797,92450],[4,-65]],[[7738,92289],[-5,0],[0,-7]],[[7734,92234],[1,-7],[4,-21]],[[7739,92206],[17,-4],[6,1]],[[7798,92204],[9,0],[6,12]],[[7828,92228],[8,-7]],[[7858,92252],[5,1]],[[7285,92249],[-4,-2]],[[7271,92254],[-12,25]],[[7273,92310],[2,5],[-3,-1]],[[7041,91894],[142,-177]],[[7233,91932],[98,120]],[[7361,92085],[142,129]],[[7795,92415],[1,2],[-2,3]],[[7350,92044],[73,-31],[39,0]],[[7525,92013],[16,0],[10,10]],[[7570,92042],[5,4],[3,10]],[[46013,36788],[-5,-4]],[[62145,38428],[3,3],[-6,54]],[[62142,38485],[20,18],[2,45],[23,-15],[13,23],[-19,110],[28,45],[18,67],[38,16],[-3,81],[12,43],[-35,99],[-39,10],[24,20],[18,51],[25,16],[-12,18],[15,52],[-3,85],[-21,23],[-2,30],[57,15],[-2,59],[34,-15],[14,11],[30,75],[-5,52],[55,24],[80,4],[64,37],[21,64],[-12,42],[39,11],[19,58],[-4,69],[10,18],[23,3],[2,-39],[29,-26],[99,30],[16,63],[-9,58],[16,42],[38,27],[31,60],[-11,44],[19,12],[21,-24],[35,68]],[[65012,42794],[3,9],[-1,15]],[[64573,44836],[-2,-3],[2,-1]],[[64595,44819],[16,-9]],[[64614,44801],[-7,-46]],[[64595,44693],[-5,-17]],[[64543,44625],[-6,-7],[-1,-9]],[[64534,44596],[-5,-31],[3,-11]],[[64534,44545],[2,-6],[37,-40]],[[64161,43825],[-37,-45]],[[64036,43537],[-2,-3],[2,-142]],[[63809,42403],[1,-114]],[[63805,42259],[-14,-51]],[[63782,42195],[-47,4]],[[63726,42199],[-1,0],[17,-50]],[[63742,42149],[-22,-33],[-1,-3]],[[63714,42097],[-24,-84]],[[63623,41971],[-3,-1],[-3,-5]],[[63616,41962],[-14,-31]],[[63592,41912],[-53,15]],[[62741,41785],[-164,769]],[[62879,42722],[11,4],[-25,349],[-19,106],[17,3],[1,44],[28,-4],[21,35],[-15,37],[-27,9],[-16,27],[-18,164],[-36,61],[4,53],[23,31],[-18,115],[-31,15],[1,67],[-33,69],[-20,86],[38,38],[-16,135],[198,666],[48,31],[0,40],[12,14],[-8,115],[18,29],[56,30],[40,81],[19,3],[-2,52],[26,13],[-7,97],[43,50],[-11,30],[11,21],[29,25],[-8,27],[13,14],[-9,21],[16,28],[3,104],[24,17],[5,44],[34,11],[2,57],[25,9],[28,-22],[19,26],[-3,27],[15,-9],[35,91],[25,5],[12,44],[23,-12],[34,18],[1,20],[18,-3],[25,71],[48,34],[26,59],[41,25],[40,81],[46,-7],[5,34],[74,59],[-7,49],[31,59],[-20,41],[18,12],[-15,31],[24,38],[-16,33],[48,37],[-17,10],[4,23],[-24,28],[20,77],[-9,24],[23,29],[6,40],[-9,16],[23,18],[-4,38],[16,38],[13,0],[-11,35],[94,66],[56,-21],[30,21],[27,90],[36,8],[-4,49],[36,2],[24,-32],[34,39],[27,-51],[0,17],[19,8],[-2,24],[19,1],[8,29],[55,-14],[-1,15],[16,-3],[-5,24],[58,-18],[42,41],[3,37],[11,5],[-17,11],[22,17],[-1,39],[21,-12],[14,40],[25,0],[24,31],[-10,22],[14,10],[-17,33],[12,49],[52,32],[17,-25],[14,10],[-20,39],[13,13],[-3,-21],[18,13],[19,72],[16,-5],[13,17],[-4,16],[32,14],[8,20],[46,-8],[15,23],[26,-4],[8,29],[16,-17],[23,24],[0,25],[12,7],[-19,60],[16,43],[-27,51],[6,55],[52,35],[14,41],[7,-21],[14,18],[35,2],[3,15],[22,-7],[13,20],[-13,5],[49,17],[-8,14],[21,-2],[7,24],[11,-12],[1,17],[62,40],[34,-45],[30,0],[18,-19],[27,11],[5,-33],[25,-33],[-8,-11],[14,-33],[-15,-4],[2,-28],[22,-43],[31,-13],[-5,-31],[21,-51],[36,5],[28,-49],[43,-18],[33,18],[5,25],[23,-10],[-4,34],[51,-18],[28,60],[42,33],[5,37],[56,59],[-15,10],[13,28],[-6,31],[26,13],[-17,15],[8,28],[-38,87],[43,-48],[17,20],[-13,26],[36,-9],[3,30],[22,5],[-16,41],[15,25],[25,7],[-8,30],[28,-5],[-11,-42],[15,-11],[0,-20],[16,29],[2,-62],[15,21],[39,-20],[2,-27],[-30,8],[6,-37],[36,-14],[16,19],[-4,38],[16,-22],[-4,-21],[17,-9],[35,101],[23,23],[15,-6],[-17,29],[11,31],[42,15],[-3,-37],[12,-18],[-8,-30],[20,31],[18,-28],[23,15],[6,46],[21,16],[22,50],[17,4],[-8,36],[35,36],[-13,24],[28,6],[5,37],[17,-15],[7,47],[19,5],[-22,18],[-7,37],[15,11],[24,-17],[-6,21],[16,19],[27,-72],[16,26],[19,-9],[9,14],[-15,40],[8,40],[32,6],[17,22],[34,-32],[3,31],[32,47],[41,-29],[-2,-24],[-20,25],[9,-31],[47,-32],[15,344],[221,-17],[6,99],[235,89],[304,206],[79,22],[298,143],[222,171],[-2,68],[33,28],[2,-28],[51,54],[13,-19],[41,-6],[14,63],[52,36],[-1,30],[12,-14],[13,14],[-6,15],[16,19],[-17,2],[8,35],[-30,35],[43,81],[9,-17],[9,10],[0,-22],[14,7],[-1,13],[39,29],[18,-5],[0,39],[12,-20],[22,4],[7,47],[35,24],[-7,25],[44,-2],[24,38],[46,-17],[12,33],[12,-81],[15,-8],[14,-53],[35,-26],[-27,-40],[-63,-37],[-43,-71],[29,-150],[33,14],[19,-12],[-8,-29],[11,-62],[23,-5],[10,-27],[-31,-68],[-31,10],[-31,-11],[14,-64],[59,-69],[61,-7],[42,-34],[137,0],[0,27],[16,0],[1,30],[20,15],[43,-18],[18,-37],[45,-7],[41,-29],[20,87],[27,-47],[106,-47],[42,-36],[-1,-18],[132,-25],[73,-82],[174,-117],[130,18],[-19,100],[40,74],[121,-2],[73,-67],[78,-28],[62,-46],[31,-50],[11,-49],[25,35],[67,38],[38,-32],[166,-7],[68,108],[84,-27],[49,14],[48,-29],[46,42],[24,-13],[16,12],[19,24],[1,30],[29,19],[-1,26],[22,4],[3,23],[20,18],[21,-4],[3,31],[70,-24],[34,37],[37,3],[27,-22],[18,16],[23,-61],[6,23],[24,-23],[19,33],[25,1],[-3,27],[13,16],[23,-15],[24,24],[52,-85],[27,-5],[20,-50],[34,15],[13,-26],[21,38],[33,-2],[15,-43],[7,20],[17,-37],[4,-37],[10,14],[10,-52],[12,13],[40,-22],[15,-38],[34,5],[13,-14],[6,-37],[23,4]],[[76548,52331],[28,-19],[26,19],[-11,19],[24,29],[-6,30],[22,-12],[-12,38],[21,33],[-11,21],[36,32],[-10,41],[36,34],[20,-10],[1,30],[15,8],[-5,28],[50,29],[1,32],[27,18],[7,-20],[11,8],[9,-31],[19,36],[-12,15],[7,23],[25,29],[-9,25],[21,12],[-2,15],[22,23],[-11,28],[8,35],[-15,6],[12,41],[-22,-16],[8,45],[-19,-6],[19,45],[-33,29],[23,20],[-1,79],[-21,-2],[-2,34],[-23,12],[39,56],[6,45],[-19,8],[6,36],[-13,-12],[1,24],[-18,-2],[17,22],[-18,10],[-6,27],[13,13],[-13,15],[80,40],[45,35],[6,29],[89,56],[80,122],[19,10],[-9,42],[34,40],[2,94],[35,22],[-4,66],[28,-6],[-1,44],[19,31],[1,26],[-22,16],[8,58],[96,117],[18,-9],[40,28],[6,68],[-16,27],[12,50],[-26,75],[34,122],[30,27],[9,28],[34,15],[-14,47],[95,33],[90,-22],[29,-43],[22,10],[20,-45],[28,27],[24,-45],[-27,-13],[12,-30],[50,21],[45,-13],[84,77],[2,88],[38,158],[-21,56],[9,33],[-112,149],[-52,27],[-46,-29],[-15,-40],[-17,0],[-55,144],[2,134],[18,65],[4,89],[34,80],[-10,40],[19,28],[32,3],[41,54],[8,112],[45,92],[61,34],[95,-29],[46,-44],[40,18],[82,133],[39,99],[14,73],[-41,138],[4,38],[20,55],[124,137],[10,95],[31,100],[11,165],[-7,59],[-27,69],[-88,51],[-28,70],[-7,130],[30,61],[30,128],[82,87],[148,44],[35,-26],[18,-95],[29,-62],[45,-18],[83,2],[68,34],[101,168],[29,81],[4,92],[-43,119],[2,62],[143,264],[41,59],[271,165],[197,188],[75,1],[186,-78],[54,24],[95,79],[80,10],[61,-75],[25,-187],[35,-92],[88,-80],[70,10],[116,65],[82,82],[76,169],[58,170],[40,65],[167,101],[81,114],[83,306],[69,198],[117,194],[24,169],[-8,85],[-28,61],[-29,40],[-114,96],[-28,83],[-8,130],[28,105],[24,194],[-13,298],[9,76],[51,75],[112,-34],[121,-14],[60,50],[39,59],[23,64],[66,327],[-1,226],[-23,164],[9,87],[16,50],[48,48],[26,55],[118,533],[32,66],[71,63],[171,76],[62,-36],[83,-107],[153,-463],[30,-144],[5,-275],[-20,-228],[4,-144],[66,-348],[26,-69],[45,-63],[95,-51],[80,14],[30,37],[37,104],[129,178],[158,148],[84,35],[217,18],[145,30],[105,-3],[183,-74],[173,-100],[55,-66],[25,-108],[-44,-217],[-30,-338],[-58,-225],[6,-77],[30,-53],[82,-38],[238,15],[202,-42],[66,2],[105,32],[157,118],[60,15],[40,-23],[32,-59],[34,-181],[39,-121],[43,-67],[55,-44],[61,-19],[216,-7],[222,68],[73,-4],[55,-80],[16,-72],[0,-77],[-107,-261],[-142,-283],[-23,-91],[30,-123],[206,-418],[58,-47],[84,6],[61,71],[157,298],[48,24],[35,-10],[29,-27],[81,-180],[84,-121],[66,-42],[165,-59],[55,-66],[5,-77],[-11,-55],[-196,-501],[-7,-80],[18,-37],[334,-196],[45,-8],[45,34],[104,208],[58,84],[57,32],[46,-30],[78,-150],[109,-157],[19,-53],[3,-63],[-19,-54],[-48,-40],[-156,-23],[-134,-62],[-37,-74],[7,-89],[68,-85],[196,-131],[135,-62],[21,-75],[17,-203],[38,-139],[122,-256],[149,-243],[27,-89],[-24,-114],[-63,-124],[-244,-345],[-169,-561],[1,-107],[63,-99],[43,-34],[62,-6],[107,37],[26,31],[11,46],[-12,164],[10,96],[31,71],[46,36],[58,-25],[146,-175],[69,-44],[92,4],[239,91],[50,-2],[48,-31],[32,-57],[11,-57],[-4,-61],[-23,-47],[-74,-81],[-196,-96],[-59,-66],[-1,-61],[98,-449],[37,-89],[68,-67],[77,-13],[98,24],[54,35],[36,60],[30,178],[35,86],[43,40],[66,9],[60,-46],[44,-97],[6,-198],[-21,-199],[26,-74],[119,-59],[229,23],[99,-63],[53,-120],[-16,-135],[-66,-124],[-154,-183],[-22,-65],[1,-115],[17,-65],[32,-59],[61,-53],[107,-20],[81,42],[123,130],[74,35],[56,-6],[66,-37],[25,-32],[84,-178],[58,-78],[84,-32],[39,16],[361,204],[79,69],[25,93],[-14,205],[10,170],[13,55],[59,52],[72,-24],[249,-212],[54,-22],[160,-19],[141,-70],[74,-103],[60,-138],[68,-315],[34,-293],[-64,-25],[27,-175],[-7,-79],[21,-32],[92,-416],[-10,-20],[17,-35],[11,-138],[-43,-303],[-59,-231],[-50,-382],[2,-32],[29,-11],[15,-40],[-42,1],[-7,-32],[17,-38],[29,12],[3,-18],[-26,-26],[-37,-784],[5,-38],[26,-20],[-24,-34],[-1,-187],[16,-53],[-31,-2],[-8,-45],[-14,-8],[-10,-299],[11,-4],[-34,-106],[9,-81],[16,-8],[2,-156],[30,-19],[-6,-112],[19,-49],[28,-332],[-8,-18],[25,-111],[1,-85],[20,-34],[-23,-31],[4,-32],[24,-7],[4,-31],[23,-14],[-8,-106],[34,-86],[24,-20],[14,-47],[-7,-26],[33,-29],[6,-33],[94,-103],[95,-164],[140,-122],[1,-18],[57,-11],[19,-41],[47,-15],[43,-61],[26,6],[48,-82],[28,-210],[-6,-46],[12,-14],[-14,-46],[-12,0],[-11,-104],[-35,-60],[-22,-83],[-74,-94],[31,-191],[204,3],[38,-18],[85,-126],[20,-6],[-3,-16],[24,-18],[13,-44],[15,-3],[-3,-14],[28,-31],[28,-76],[31,-33],[39,-104],[152,-192],[48,-31],[19,1],[11,28],[29,-5],[68,42],[63,8],[57,30],[181,-70],[0,-80],[-118,-376],[-73,-340],[-67,-667],[-5,-176],[20,-494],[-8,-24],[123,-742],[-39,-79],[-91,-60],[-90,-122],[-118,-258],[-21,-114],[-13,4],[2,-44],[-20,-6],[-23,-124],[5,-24],[-20,-28],[3,-75],[-19,-50],[17,-24],[-12,-74],[15,-12],[-14,-34],[11,-38],[-23,-4],[18,-13],[-22,-16],[24,-17],[5,-52],[-13,-41],[24,-58],[-17,-25],[30,-32],[-23,-35],[1,-24],[16,-8],[-5,-26],[15,-6],[-10,-29],[31,-11],[-17,-18],[8,-14],[-15,-41],[39,8],[6,-68],[-16,1],[-5,-37],[21,-48],[-8,-65],[40,-115],[40,66],[9,-8],[2,-53],[-20,-5],[8,-23],[-27,2],[12,-40],[38,-2],[0,45],[13,-14],[-10,-16],[14,-30],[-7,-46],[11,27],[3,-18],[38,-9],[32,-27],[-2,-13],[38,-15],[17,-60],[32,-29],[68,30],[10,-19],[-26,-5],[7,-15],[-10,-13],[21,-8],[-12,-13],[4,-16],[22,8],[50,-157],[23,16],[-22,50],[17,53],[-34,46],[12,7],[-1,20],[55,-26],[64,-88],[-3,-120],[-189,-498],[-80,-270],[-14,-116],[-32,-78],[-47,-34],[-41,-8],[-12,15],[-94,19],[-118,80],[-64,-51],[-35,-106],[-1,3]],[[92292,38340],[-1,2],[-36,-11]],[[92143,38355],[-103,83],[-3,2]],[[91895,38510],[-34,31]],[[91846,38562],[-28,66]],[[91810,38747],[46,240],[-1,5]],[[91838,39159],[0,20]],[[91862,39261],[10,28],[1,7]],[[91914,39672],[2,21],[-4,4]],[[91904,39703],[-7,6],[-140,-22]],[[91275,39331],[-82,-112],[-4,-18]],[[91181,39168],[-6,-23],[2,-8]],[[91182,39109],[2,-15]],[[90931,37634],[-3,-7],[-38,-164]],[[90871,37174],[-45,-150]],[[90760,36954],[-111,6]],[[90644,36962],[-93,61]],[[86647,33187],[45,-53]],[[86600,32676],[20,-146]],[[86610,32486],[-19,-53]],[[92065,23698],[17,-31],[-212,-648],[-70,-149],[-87,-274],[1,93],[29,146],[-6,20],[41,113],[36,51],[40,131],[-107,-138],[-93,-48],[-48,-51],[-70,-121],[-7,-36],[12,-45],[-25,-6],[-97,-178],[-103,-294],[-29,-119],[-75,-537],[-17,-263],[21,-16],[1,-27],[-18,-99],[45,-175],[17,-2],[8,-20],[-26,-2],[-10,-46],[-7,-233],[0,109],[-8,-43],[23,-370],[-79,-5]],[[91116,15387],[52,15],[3,-17]],[[91218,15390],[2,-27]],[[91221,15352],[0,-2],[15,-9]],[[91274,15317],[2,-2]],[[91333,15190],[9,-60]],[[91343,15079],[-28,4],[1,-83],[29,-6],[-30,-1],[-4,-62],[10,-3],[-10,-2],[-2,-64],[19,-37],[-19,11],[-2,17],[-17,-3],[-1,-41],[-12,-3],[2,-30],[15,1],[-12,-4],[7,-21],[-8,-2],[0,-88],[-18,-95],[13,13]],[[90907,12568],[-151,131]],[[88647,12718],[22,-49]],[[88667,12665],[-12,-3],[-11,-27]],[[88638,12640],[-4,16],[-10,-2]],[[88616,12427],[-41,-35],[0,-5]],[[88576,12385],[1,-8],[52,-34]],[[88625,12078],[-50,-17]],[[88569,12059],[-4,-1],[13,-14]],[[88570,12014],[-1,-5],[12,-3]],[[88597,12003],[11,-2],[22,27]],[[90018,11951],[43,78]],[[90370,12313],[87,86]],[[90828,12203],[-1,-7]],[[90759,12018],[-30,-124],[-9,-85]],[[90711,11722],[-3,-36],[0,-53]],[[90708,11564],[0,-46],[5,-40]],[[90715,11461],[16,-131],[23,-21],[32,-120],[56,-99],[12,-201],[-34,-107],[-46,-336],[11,-28],[13,12],[17,-1],[-14,-1],[-5,-32],[32,-12],[-40,6],[-7,-11],[-9,-95],[-27,-52],[-11,-159],[10,-160],[16,-60],[48,-46],[33,27],[3,-50],[-10,-21],[-17,36],[-39,-17],[24,-82],[-23,71],[-40,-19],[-55,-154],[-28,10],[-2,-42],[31,-14],[-24,-109],[-102,23],[-28,-25],[-15,-98],[55,-17],[-32,-111],[7,-29],[-14,-8],[23,-16],[-97,27],[-14,-52],[2,-18],[17,-6],[55,1],[18,-39],[-69,20],[-44,-131],[11,-121],[28,-25],[2,-106],[-58,-94],[-40,-4],[-1,-38],[-20,-35],[-18,27],[4,-43],[-12,-17],[-31,27],[0,-21],[-13,-10],[26,-35],[-19,-17],[-4,-31],[-41,-23],[2,-18],[-16,-10],[9,-24],[-16,7],[-11,-20],[6,-13],[-15,-2],[6,-75],[-40,-19],[-6,-24],[-30,-26],[-27,11],[36,-32],[-2,-49],[-15,-22],[-14,19],[-5,-10],[-4,19],[-27,-50],[6,-29],[-18,10],[15,-21],[-29,-40],[9,9],[18,-17],[-38,-110],[-77,-104],[-27,-18],[-15,27],[-21,1],[7,-25],[-44,-34],[-22,27],[12,-35],[-8,-8],[-17,8],[-56,-62],[-30,15],[-14,-32],[15,-27],[-11,-15],[-59,-11],[-15,-70],[-26,-31],[10,-84],[-43,-38],[-18,-73],[-25,-5],[-17,-84],[-18,-26],[0,-17],[24,-5],[-23,2],[3,-12],[21,-1],[-24,-4],[20,-8],[-16,-43],[-86,-102],[-56,17],[-35,-13],[3,-29],[-27,-32],[-4,-36],[-31,-12],[-48,58],[41,35],[5,29],[-12,19],[20,24],[-11,66],[28,133],[-9,255],[10,107],[-28,63],[-40,-7],[13,99],[-36,188],[-16,30],[35,41],[7,98],[-27,68],[-11,-8],[-17,18],[-10,66],[-36,43],[-45,18],[-2,39],[-19,12],[-5,33],[-128,7],[-129,52],[-30,-6],[-29,-51],[-51,-15],[0,17],[-42,10],[-8,30],[-63,31],[-19,68],[-42,40],[-3,63],[-51,33],[-86,-1],[-18,-17],[-77,6],[-177,80],[-99,-52],[-97,40],[-41,-21],[-13,10],[-50,-30],[-2,-15],[-81,-19],[-70,35],[-15,-12],[-1,22],[-19,7],[-19,-2],[-4,-26],[-17,4],[4,46],[-37,38],[-206,-34],[2,15],[-48,41],[-9,-9],[7,15],[-14,14],[-139,47],[-28,113],[-130,142],[-22,61],[-6,132],[-46,49],[-36,13],[-114,131],[-27,84],[29,69],[9,111],[-108,212],[11,36],[-9,56],[39,190],[-9,158],[-19,108],[57,106],[66,211],[9,69],[-26,52],[10,62],[38,49],[-24,16],[-4,15],[18,-22],[6,11],[-14,13],[9,43],[-8,-42],[10,-10],[10,39],[13,-5],[-14,15],[14,-10],[10,19],[-1,157],[-63,148],[-78,135],[-189,267],[-62,45],[-10,27],[-25,17],[1,22],[-83,62],[-39,79],[-22,89],[-96,83],[26,133],[42,95],[0,21],[-15,-2],[21,6],[-22,0],[23,4],[13,43],[29,269],[35,48],[-24,98],[-57,51],[-70,-1],[-45,-77],[-19,-72],[-43,-50],[-48,20],[-5,124],[-45,63],[-55,1],[-48,-57],[-65,-25],[-22,-78],[25,-18],[-17,5],[-34,-61],[4,-66],[-13,-36],[10,-16],[-14,-14],[11,-5],[-12,2],[-23,-125],[4,-78],[9,-9],[-21,-68],[-17,18],[-100,-72],[-34,67],[-30,21],[-51,-31],[-4,61],[-16,22],[13,9],[-5,10],[17,-3],[5,32],[-20,34],[7,52],[-21,5],[7,28],[-62,49],[-13,44],[-59,81],[-101,86],[2,32],[-16,32],[-68,59],[-30,-23],[-43,7],[-13,-16],[-7,28],[-84,74],[-69,-21],[-24,93],[-47,37],[-36,-11],[-38,21],[-56,56],[-8,32],[-72,-13],[-62,37],[-20,-49],[-20,4],[45,64],[21,192],[-9,20],[-42,0],[-40,24],[-66,-74],[-103,5],[-87,72],[-47,80],[-40,30],[-22,124],[-55,41],[19,11]],[[84144,13985],[2,2],[4,49]],[[84140,14057],[26,47]],[[84166,14104],[-7,38],[-3,-1]],[[84124,14137],[-11,-2]],[[83744,14946],[-36,-12]],[[83706,14942],[0,26],[-8,14]],[[83685,15005],[-5,9],[-62,0]],[[83587,15040],[-5,3],[-3,-16]],[[83412,14256],[-20,54],[14,19],[-26,43],[-24,87],[-52,67],[8,10],[-10,25],[-84,79],[-27,78],[-103,99],[-83,191],[-22,-10],[21,22],[-26,-16],[21,21],[-11,14],[-28,-17],[23,25],[-47,46],[-5,25],[-25,-13],[25,23],[-57,88],[-1,91],[-20,114],[-50,174],[-71,101],[-52,39],[-45,140],[-42,-23],[4,52],[1,-40],[31,19],[-11,105],[9,-9],[-1,27],[25,7],[-5,42],[-15,8],[16,-4],[4,23],[-15,19],[-3,-32],[-1,56],[-17,23],[10,7],[-20,12],[-11,36],[15,27],[-46,89],[10,24],[-32,12],[-2,14],[-24,-26],[-17,60],[15,21],[-29,-26],[-48,72],[25,31],[-30,42],[-11,54],[-53,52],[-30,-44],[-34,47],[-93,236],[-53,98],[8,32],[-22,-7],[5,34],[-12,-11],[-34,60],[-32,17],[-53,112],[-30,14],[-4,-15],[-31,-5],[-19,24],[0,-20],[-2,35],[-9,-9],[-7,14],[-18,-22],[-34,16],[-10,11],[7,14],[-27,19],[-24,92],[-5,36],[14,25],[-17,57],[24,10],[2,50],[-11,4],[10,-1],[7,30],[-22,3],[-1,27],[-23,2],[1,22],[40,13],[-22,4],[18,25],[-16,-10],[13,20],[-16,-1],[-15,71],[-32,-15],[4,13],[-23,15],[16,15],[-11,18],[11,14],[-22,-8],[8,14],[-24,11],[0,34],[-14,-4],[0,15],[-23,7],[-12,-24],[-24,20],[16,37],[-10,42],[35,22],[9,51],[-15,12],[-26,-40],[35,71],[27,-19],[22,69],[-72,55],[-80,173],[0,27],[-37,55],[-42,31],[-1,16],[-7,-23],[-34,20],[22,61],[-14,-25],[-5,20],[-10,-15],[-28,18],[-3,22],[-24,3],[-9,-15],[-16,42],[-16,-14],[-23,12],[17,4],[-175,110],[-4,33],[-18,14],[-45,-14],[-7,-39],[-36,3],[-8,17],[-18,-22],[-5,11],[-11,-59],[-44,-5],[-8,37],[30,5],[-76,13],[-144,-58],[0,-35],[-17,2],[12,-20],[-16,-8],[6,-21],[-35,-17],[-12,26],[-13,1],[-30,-27],[12,-19],[12,26],[30,-18],[26,6],[10,-16],[-31,-46],[-8,-102],[-12,11],[-2,-14],[7,-28],[-21,42],[-4,-3],[-7,-19],[-37,40],[-20,-2],[0,27],[16,20],[-50,-60],[-7,10],[-71,-36],[1,-20],[-17,22],[14,-33],[-29,10],[-14,-33],[5,-12],[-31,-93],[8,-37],[-14,6],[6,-17],[-43,-11],[1,-72],[31,-1],[-10,-53],[28,-107],[-22,-3],[15,-79],[14,-13],[-11,-14],[12,-3],[-13,-3],[10,-1],[-14,-89],[15,-53],[-16,-52],[-19,-3],[0,-13],[63,-240],[0,-56],[44,-75],[2,-84],[19,-2],[2,13],[5,-35],[-36,-23],[36,8],[-11,-11],[9,-26],[87,-77],[32,-81],[10,2],[-9,-48],[40,-9],[-2,-27],[-48,-25],[-26,24],[-50,-24],[-104,-118],[-13,56],[-37,46],[-22,69],[-4,104],[-10,-22],[-14,41],[-54,-11],[25,-23],[-10,-12],[12,-54],[-24,-3],[-39,-71],[22,-28],[-6,-31],[17,7],[17,-23],[-6,-71],[45,-1],[17,-40],[-32,-32],[22,-20],[5,-39],[-47,-24],[-28,-35],[37,-32],[-11,-35],[22,-4],[8,-75],[-6,-59],[-42,-5],[6,-65],[23,17],[32,-61],[16,4],[35,-34],[16,86],[12,9],[85,-8],[16,18],[45,-25],[-65,-58],[-32,-73],[-49,-31],[-18,4],[15,-42],[-33,-69],[-2,-44],[43,-103],[-27,8],[-4,-48],[-31,-42],[-27,-26],[-18,7],[-49,62],[-28,15],[-3,-15],[-23,36],[16,-40],[-36,-42],[-56,-13],[-34,15],[15,-12],[0,-35],[23,-53],[29,-24],[-5,-37],[18,-36],[33,6],[-3,-15],[50,-13],[24,12],[2,-43],[25,-7],[11,-44],[19,-9],[-52,9],[-22,-31],[1,-53],[16,-27],[-16,-36],[-10,19],[3,-29],[-12,-18],[-18,9],[-12,-62],[20,-90],[-65,31],[1,39],[-19,-31],[-28,21],[6,-71],[-63,-45],[-7,-41],[-16,25],[-60,22],[-6,20],[-68,53],[-71,2],[-24,39],[-68,35],[-24,57],[-41,41],[-111,36],[-57,39],[-42,7],[-16,-23],[-13,33],[-58,-45],[15,-42],[-139,-109],[7,-19],[-11,17],[-51,-95],[-35,28],[-60,-7],[4,-23],[-24,24],[-3,-17],[-1,14],[-86,39],[23,-76],[-18,12],[-27,-22],[-30,14],[12,-63],[-21,16],[-10,-19],[19,-15],[-7,-30],[16,0],[-4,-20],[-71,-49],[-9,-101],[-35,-25],[-38,46],[-9,-29],[-38,-24],[10,-128],[27,-52],[55,-40],[3,-31],[12,7],[-6,-10],[45,-115],[30,-13],[10,-36],[59,-11],[71,-51],[67,-113],[7,-41],[47,-15],[29,-48],[-22,-34],[-37,-16],[6,-34],[-17,-20],[30,-32],[27,11],[6,-16],[17,4],[26,-50],[-25,-12],[15,-13],[-5,-73],[-45,13],[0,-20],[-9,14],[-31,-2],[28,-5],[2,-53],[31,22],[10,-21],[2,-35],[-42,-53],[9,-147],[35,70],[31,7],[30,36],[17,2],[5,-19],[4,24],[63,27],[57,56],[21,1],[10,-22],[24,6],[24,-54],[54,-46],[-15,-87],[-26,-51],[-85,-66],[-27,-41],[-97,-33],[-5,17],[-5,-19],[-42,-17],[-22,17],[-16,-39],[5,-27],[-12,-3],[22,-19],[-31,-42],[-65,-8],[-52,-42],[-42,32],[-39,5],[-11,-21],[23,-61],[-45,-62],[-54,69],[-10,35],[-37,-46],[19,-48],[44,-18],[20,-30],[83,-23],[25,-26],[17,-64],[15,-14],[20,26],[27,-12],[44,-111],[48,-14],[-35,-52],[-16,-60],[-28,6],[-12,22],[27,89],[-5,24],[-34,-41],[-12,-60],[-66,-37],[43,-42],[0,-139],[29,-22],[34,24],[68,-26],[2,-105],[0,27],[10,-25],[4,13],[-2,-175],[19,-15],[9,10],[48,-62],[112,52],[45,-23],[14,-54],[15,-9],[131,-27],[50,-79],[15,-80],[-12,-29],[6,-48],[41,-52],[-7,-39],[-28,-10],[-15,-57],[-48,-49],[-33,-71],[-34,-40],[-28,-10],[-11,8],[34,70],[-1,25],[-19,26],[-49,-2],[-8,37],[-18,-6],[-42,23],[6,57],[-38,36],[3,27],[-56,-2],[-81,-64],[-121,10],[-35,-30],[-25,-59],[-25,-4],[7,32],[-45,23],[-105,-129],[-19,-68],[-26,-40],[-48,-220],[-40,-16],[-10,15],[-25,-17],[-4,11],[-21,-37],[-48,-16],[8,-37],[-20,4],[28,-43],[-12,-16],[7,3],[-1,-20],[-32,-3],[-10,21],[-13,-2],[10,-3],[-44,-20],[-39,-63],[-57,18],[17,-75],[21,-28],[1,-21],[-16,-9],[15,-2],[-14,-49],[17,4],[20,-25],[18,30],[1,-48],[24,5],[38,-18],[-2,-19],[13,13],[20,-26],[19,2],[51,-114],[-44,-84],[-12,0],[7,-10],[-29,-16],[-6,-84],[10,-16],[16,5],[-9,-9],[6,-17],[25,25],[42,-47],[16,6],[10,-40],[39,-22],[8,10],[11,-35],[17,9],[26,-20],[5,-34],[31,-35],[32,27],[-10,58],[35,101],[33,8],[46,-39],[55,-1],[17,25],[38,9],[8,23],[40,11],[87,-51],[46,-7],[-11,53],[12,5],[40,-39],[7,-37],[54,-6],[14,37],[-2,54],[48,77],[90,-105],[56,4],[17,-33],[11,2],[-10,-27],[9,-13],[-33,-44],[53,-59],[12,-49],[39,7],[30,30],[0,-21],[24,-10],[-20,-70],[-26,-31],[12,-52],[-32,-43],[18,-28],[3,-64],[-69,-15],[-19,9],[-10,27],[-38,8],[-40,88],[-26,13],[-13,-26],[-15,41],[-39,-29],[-25,13],[-21,-39],[-119,-47],[-38,-136],[7,-34],[-14,1],[0,-30],[-23,-10],[-4,-26],[16,-34],[38,12],[-25,-63],[13,-2],[1,-26],[-8,-21],[-18,0],[-30,58],[3,-27],[-12,-9],[-1,-51],[-12,-9],[-13,46],[-30,-14],[-7,32],[-5,-54],[-23,4],[-7,-39],[-10,-1],[-9,34],[-11,-6],[1,22],[-16,-19],[-18,14],[-8,36],[-25,-16],[-21,35],[-52,2],[-16,-36],[-14,28],[-39,2],[-2,13],[-17,-9],[-10,15],[-30,-43],[-2,15],[-47,-13],[-39,-38],[-18,0],[-81,-112],[-69,-13],[-38,81],[-46,9],[-18,-44],[4,-64],[-16,-21],[-14,43],[-20,-22],[-18,15],[-4,-18],[-11,41],[-19,-18],[-5,49],[-14,-2],[-5,24],[-20,-3],[3,46]],[[78500,9507],[4,3],[0,49]],[[78000,10961],[1,82]],[[78005,11057],[8,3]],[[78078,12562],[-8,8]],[[78069,12574],[6,6],[-10,17]],[[78082,12969],[-2,52]],[[78085,13038],[29,32]],[[78885,13850],[14,99],[-11,38]],[[77230,14153],[-25,-1],[-7,-9]],[[76607,13472],[-15,-26],[5,-7]],[[76608,13418],[33,-58]],[[76786,11097],[0,-1],[37,-4]],[[77009,11073],[2,1],[-25,36]],[[77183,11210],[11,-34],[29,-34]],[[77234,11129],[5,-6],[39,3]],[[78031,10616],[3,-8],[30,-15]],[[78065,10054],[3,-23],[-19,22],[-10,-10],[-10,20],[-8,-7],[2,19],[-34,23],[-6,29],[13,19],[1,54],[-12,19],[-32,20],[-18,-27],[-20,61],[-81,14],[-23,-48],[-22,-6],[-28,-45],[-43,-4],[-24,-93],[-7,14],[-7,-12],[-19,14],[-17,-10],[3,-51],[-28,-56],[3,-40],[-22,11],[-13,-40],[-29,-5],[-25,-81],[-19,-9],[-11,-32],[-27,-2],[-11,-21],[-22,15],[-21,-38],[-6,8],[-31,-35],[-31,40],[-8,-16],[-29,45],[72,65],[49,69],[24,81],[22,5],[14,58],[-8,40],[18,68],[44,50],[20,-8],[51,39],[51,-1],[49,49],[-25,52],[3,29],[-49,14],[-24,-18],[-58,9],[-97,-26],[-19,-15],[-13,-50],[-42,5],[-29,-32],[-6,25],[-22,-1],[-28,-35],[12,27],[-12,-12],[3,15],[20,11],[-11,18],[20,18],[-7,32],[15,31],[-12,11],[-17,-17],[-1,17],[15,5],[-9,18],[32,65],[-6,41],[-15,3],[5,29],[-15,14],[25,67],[-15,52],[6,17],[-37,52],[-129,72],[-169,-2],[-17,-23],[-2,-60],[-34,-3],[-26,-42],[-51,-170],[-28,16],[-10,-17],[-19,18],[-2,17],[19,15],[-20,41],[6,50],[-32,6],[12,46],[-30,28],[-20,-25],[-6,42],[25,33],[-18,24],[-12,-9],[10,18],[-6,30],[-40,51],[-65,48],[-20,5],[-11,-26],[-12,-4],[0,16],[-10,-19],[-25,60],[-19,-4],[-14,-44],[-42,-54],[-40,-24],[-20,-56],[-12,3],[-26,-32],[41,128],[-7,37],[-27,23],[-26,-24],[-5,21],[-19,-43],[-11,7],[-2,-18],[-33,-1],[-3,-12],[-4,72],[-18,9],[-21,-32],[-11,-55],[-48,-47],[-16,29],[-13,-25],[1,12],[-16,1],[6,45],[-13,11],[27,62],[-2,50],[-18,29],[-65,31],[-4,30],[20,24],[8,35],[-9,9],[49,62],[49,-33],[25,46],[21,-2],[20,32],[-11,80],[7,11],[11,-24],[8,14],[-69,103],[-21,6],[-15,-23],[-52,70],[-103,36],[-22,-9],[-3,-52],[-26,-45],[0,-72],[-106,-45],[-6,17],[-13,-24],[-4,32],[16,21],[-19,26],[14,45],[-13,9],[23,35],[-17,41],[-20,-14],[-1,17],[-14,2],[-9,-34],[-6,25],[-40,-21],[-16,15],[-15,-17],[0,20],[-27,3],[-27,30],[-1,34],[-24,51],[-75,38],[-22,-3],[-23,-56],[-15,13],[-2,-55],[-5,38],[-16,4],[-48,-71],[3,36],[-58,27],[35,72],[20,93],[12,5],[-12,63],[-16,16],[-50,-1],[-28,-49],[1,-21],[-9,12],[-12,-11],[-8,33],[-19,-15],[16,41],[-52,-9],[-2,28],[-18,19],[-8,-31],[-105,-38],[-20,10],[-22,-35],[-6,12],[-10,-15],[-15,8],[0,-12],[-15,14],[-17,-8],[19,31],[15,0],[-5,17],[16,18],[2,122],[-19,41],[2,47],[42,27],[8,101],[-64,71],[-30,-6],[-4,62],[-30,32],[-62,-22],[-55,-83],[6,-83],[23,-24],[28,-74],[-4,-50],[10,-6],[-17,-4],[10,-28],[-45,-41],[-1,-18],[-33,-3],[-15,20],[-34,6],[-9,-20],[-19,46],[-25,-6],[-27,35],[-26,-11],[-5,59],[-53,19],[-31,37],[-22,-13],[-3,-19],[-12,12],[-4,-22],[-21,21],[-29,-10],[-37,37],[-16,61],[-44,-38],[7,49],[-23,14],[17,38],[-18,107],[-46,1],[-29,-69],[-38,4],[-4,-26],[-16,-11],[-12,13],[12,37],[-9,33],[-57,30],[-4,21],[-19,-11],[-22,13],[1,29],[28,36],[-33,78],[-23,16],[-26,-24],[-21,18],[-32,-22],[-24,39],[-28,-19],[-17,70],[66,55],[-15,16],[-15,59],[-35,13],[-11,33],[-34,15],[-25,2],[-10,-25],[-23,0],[-30,45],[-53,143],[-2,21],[24,40],[-8,133],[11,19],[-3,90],[-18,27],[-27,8],[-28,-32],[-49,-175],[-85,33],[-109,-6],[-38,52],[-38,24],[-54,-2],[-64,39],[-22,63],[17,24],[-1,57],[-42,26],[-31,50],[-113,55],[-45,44],[-90,50],[-21,53],[-94,113],[-56,27],[-54,3],[-43,42],[-45,18],[-67,13],[-35,94],[-129,79],[11,68],[-33,76],[-24,25],[-82,24],[-61,-19],[-47,15],[-37,-25],[-16,27],[2,54],[-37,48],[-216,56],[-42,30],[1,21],[-58,34],[-183,22],[-97,43],[-27,42],[-71,35],[-175,217],[-4,34],[-43,79],[-5,92],[-66,142],[-6,84],[-35,35],[-14,46],[-161,93],[1,87],[-22,66],[-64,53],[-132,36],[-42,32],[-36,86],[-89,28],[-43,-17],[11,103],[-35,2],[35,1],[14,56],[-62,163],[-15,81],[-63,85],[-19,79],[-60,60],[-80,181],[-65,65],[-9,43],[-25,37],[-73,35],[-161,32],[-18,26],[-59,23],[-82,4],[-39,19],[-425,-32],[-222,172],[-70,12],[-38,53],[-156,41],[-68,91],[-91,10],[-114,-30],[-61,49],[11,13],[-2,32],[-27,51],[-81,20],[-123,-40],[-34,19],[-9,43],[-29,20],[-103,-32],[-545,-284],[-15,-2],[16,29],[-21,0],[-39,-25],[4,-12],[-29,-34],[-146,-102],[-151,-199],[-16,-3],[-12,-24],[8,-20],[-57,-111],[-5,-42],[25,-9],[-18,-81],[-18,-31],[-9,21],[14,-7],[6,15],[18,76],[-8,9],[-19,-5],[0,-68],[-18,8],[-9,28],[-25,-3],[4,-63],[-28,-42],[-75,29],[-54,-32],[-35,-66],[-24,-109],[-26,-28],[25,-21],[16,-46],[52,-74],[116,-125],[-2,-12],[49,-14],[69,-93],[47,-226],[97,-242],[17,-243],[68,-56],[12,-46],[-5,-85],[29,-71],[45,-50],[56,-167],[85,-141],[45,-45],[44,-96],[54,-48],[35,-70],[64,-54],[28,-65],[42,-31],[105,-151],[38,-29],[86,-168],[53,-43],[42,-99],[129,-145],[37,-109],[62,-91],[58,-131],[91,-108],[16,-70],[34,-55],[41,-31],[47,-102],[41,-28],[5,-40],[23,-13],[23,-68],[108,-175],[29,-133],[47,-59],[71,-236],[-8,-77],[44,-49],[9,-39],[-12,-13],[5,-43],[36,-57],[-14,-3],[-9,-28],[20,-32],[-8,-22],[7,-33],[-13,-3],[-1,-24],[58,-83],[-17,10],[-39,-51],[-60,-29],[-69,-9],[-38,-46],[-28,-78],[37,-141],[-8,-96],[19,-53],[44,-44],[55,-104],[34,-18],[125,-168],[23,-61],[7,-98],[31,-121],[48,-63],[79,-64],[13,-47],[117,-163],[3,-19],[-17,-11],[10,-62],[21,-19],[18,9],[53,-18],[33,-49],[25,-117],[0,-92],[26,-93],[29,-47],[40,-14],[39,-41],[5,-116],[17,-15],[29,3],[69,-75],[3,-91],[24,-20],[38,-73],[23,-179],[87,-32],[79,-88],[12,-73],[-16,-191],[8,-29],[21,-9],[0,-19],[-28,-56],[-10,-61],[-111,-222],[-72,-218],[-39,-168],[2,-164],[13,-51],[56,-56],[21,-43],[103,-68],[62,-77],[38,-21],[47,-136],[68,-83],[63,-147],[78,-129],[15,-52],[-3,-125],[-5,15]],[[68488,12447],[3,7],[8,29]],[[68537,12629],[1,7],[-8,3]],[[68413,12821],[-84,17]],[[65224,17046],[45,17],[0,2]],[[70011,18809],[28,31],[4,10]],[[70053,18873],[6,14],[0,4]],[[69000,25117],[-54,14]],[[68938,25142],[-23,61]],[[68915,25203],[39,45]],[[69239,25160],[1,-1],[30,22]],[[69266,25231],[14,-2]],[[69516,25179],[0,0],[55,-8],[0,0]],[[69608,25109],[0,-2],[15,-4]],[[69646,25098],[3,-1],[8,36]],[[69692,25166],[11,36]],[[70511,25048],[46,50]],[[70568,25101],[52,-19]],[[70797,25016],[27,-57],[3,0]],[[70852,24960],[31,0]],[[70907,24948],[35,-22]],[[73643,23541],[23,6],[3,5]],[[73670,23554],[7,12],[8,111]],[[62130,38412],[14,15]],[[65924,30405],[-3,1]],[[65923,30407],[15,5]],[[65973,30383],[1,-1],[41,-2],[-1,1]],[[66014,30382],[-10,10]],[[66004,30394],[3,1]],[[66043,30367],[-7,-34],[-3,22]],[[66032,30365],[-1,6],[-8,-7]],[[66013,30354],[-8,-7],[-2,-41]],[[65997,30277],[-6,-5],[15,0]],[[66022,30285],[-3,8]],[[66017,30298],[-6,13]],[[66011,30312],[22,7]],[[66033,30296],[0,-58]],[[66020,30208],[-5,-14],[1,13],[-8,45],[4,-72]],[[67017,29024],[-65,-124]],[[66952,28900],[4,-29],[13,-18]],[[66993,28819],[7,-10],[18,-8]],[[67053,28786],[16,-7],[53,-1]],[[66876,28073],[-8,-3],[-3,-23]],[[65439,26666],[-51,-4],[-4,-5]],[[65380,26651],[-32,-42]],[[54047,33492],[6,-33],[26,-56],[-17,-60],[-2,-87]],[[54060,33256],[-88,-105],[-87,-144],[-216,-533],[-6,-107],[37,-64],[101,-24],[10,1]],[[53849,32283],[65,6],[130,46]],[[54044,32335],[-9,14],[1369,846],[122,-258],[135,-152]],[[55684,32245],[87,-168]],[[56411,32633],[-12,-3],[23,8],[21,-6],[63,-85],[74,-29],[24,17],[8,36],[60,40],[33,90],[27,33],[155,-138],[217,121],[21,0],[9,17]],[[63235,32197],[37,80]],[[63934,32664],[-5,15]],[[65933,30386],[3,14],[-5,2]],[[65930,30402],[-1,1]],[[65993,30553],[-10,12],[9,1],[7,-10]],[[66005,30547],[3,-4]],[[66014,30577],[1,-18]],[[66006,30534],[-1,-5],[22,-65]],[[66012,30451],[-9,38],[-2,-4]],[[65996,30484],[5,19],[-13,3]],[[65980,30551],[13,2]],[[70460,18724],[10,-8]],[[70471,18715],[5,-4]],[[70476,18711],[-28,-39],[-20,-64]],[[70691,18879],[-21,-3]],[[70660,18829],[12,-20]],[[70643,18805],[-33,-51]],[[70601,18754],[-55,50]],[[70546,18804],[-84,-24]],[[70454,18755],[-1,-3]],[[70448,18739],[-1,-5],[9,-7]],[[71379,41113],[1,15]],[[71341,41080],[4,4],[0,1]],[[71360,41110],[-2,11]],[[83602,18365],[0,-11],[2,-1]],[[83614,18347],[-23,-10]],[[83578,18342],[-4,5],[-2,-2]],[[83570,18342],[-10,-10],[0,-5]],[[83560,18319],[0,-9],[11,-4]],[[83831,17898],[2,11],[-1,0]],[[83837,17937],[-1,35]],[[84018,17148],[42,-27],[157,-61]],[[84319,25248],[2,3],[0,35]],[[82662,24713],[-77,-175]],[[82563,24528],[-24,5]],[[82071,24184],[-39,17]],[[81882,24328],[-181,-18]],[[81681,24308],[-8,-1],[-100,-52]],[[81519,24208],[-5,-46],[2,-16]],[[81520,24101],[12,-124]],[[83540,18470],[55,-62]],[[84699,18418],[15,-7]],[[84743,18363],[-13,-20]],[[78781,52116],[10,-27]],[[79145,51107],[4,2],[75,108]],[[79304,51327],[188,59]],[[79672,51440],[285,-344]],[[79339,53775],[44,-7]],[[78368,52454],[-2,-54]],[[78340,52360],[-2,-2],[0,-5]],[[78339,52335],[0,-66],[9,-18]],[[78366,52122],[1,-10],[23,-40]],[[89316,10192],[-2,0],[2,-6]],[[89348,10104],[-31,-23],[1,-1]],[[87704,39911],[31,-5]],[[87753,39860],[-1,-43]],[[87750,39810],[-31,-78]],[[87690,39659],[-2,-3],[4,-11]],[[87703,39612],[10,-29],[20,-21]],[[24374,61004],[-1,-1],[20,-29]],[[24509,60838],[11,14]],[[25012,60652],[10,-1],[18,8]],[[24923,61204],[-2,6],[-3,-2]],[[24910,61206],[-9,-3],[-16,-20]],[[24860,61152],[-8,-11],[-23,-101]],[[24829,61040],[-59,-54],[0,-2]],[[24756,60944],[-12,-10]],[[24648,61081],[7,34]],[[24672,61199],[0,2],[-9,12]],[[24599,61295],[-15,20],[-11,3]],[[24567,61292],[-31,12],[-2,-3]],[[24525,61293],[-122,-121]],[[78715,45114],[-3,1],[-4,-5]],[[79025,44968],[-4,3],[-48,8]],[[78769,45080],[-28,34],[-9,0]],[[37240,49089],[-8,3],[-16,24]],[[37186,49094],[-4,1],[14,-31]],[[37292,49024],[0,24],[-22,34],[-8,2]],[[31275,67664],[143,51],[7,11]],[[31431,67736],[3,4],[-11,84]],[[31361,68058],[-65,-46],[-4,-10]],[[31278,67991],[-4,2]],[[25628,75418],[40,96]],[[25684,75529],[28,-4],[8,7]],[[26382,75016],[5,52],[-6,7]],[[26291,75142],[-4,24],[-13,5]],[[26272,75176],[-18,88]],[[26399,77021],[26,36]],[[26459,77388],[87,9]],[[26576,77399],[2,1],[-1,2]],[[26523,77505],[-13,22]],[[26508,77537],[22,24]],[[27018,78076],[5,0],[0,17]],[[26738,75094],[6,-4],[29,12]],[[26776,74750],[-2,-14]],[[32770,73743],[86,-13],[28,12],[3,98],[37,9],[-9,33],[8,39],[-19,54],[24,27],[34,140],[50,91],[58,39],[93,-13],[30,-55],[46,209]],[[33268,74444],[76,-2],[50,-119],[-17,-151],[6,-23],[35,-22],[27,38],[66,-1],[23,-17],[36,-86],[40,-24],[11,-51],[13,-7],[15,-108],[-25,-46],[3,-25],[47,-60],[1,-23],[-15,-18],[-29,-2],[-14,-39],[18,-63],[34,-52],[8,-64],[41,-17],[19,-53],[-18,-82],[0,-97],[13,-36],[38,-36],[81,-22],[88,20],[108,-80],[145,-15],[87,4],[84,37],[129,-21],[71,17],[-9,-149],[50,-95],[201,-2],[222,-45],[23,35],[37,2],[33,42],[21,-8],[46,25],[24,-12],[-13,-47],[11,-21],[23,55],[28,26],[-34,4],[16,81],[22,-26],[77,8],[24,-16],[30,31],[-9,67],[44,17],[-6,17],[-43,6],[7,45],[21,-1],[27,24],[34,-14],[4,38],[17,1],[26,41],[44,6],[76,52],[-76,-325],[-50,-326],[30,-508],[23,-49],[75,-66],[100,6],[7,-20],[50,-17],[32,27],[12,-12],[41,18],[23,-46],[40,7],[-13,25],[73,29],[32,91],[53,26],[23,-3],[2,-20],[29,40],[26,2],[-12,55],[25,-16],[28,23],[24,-32],[37,24],[11,-24],[30,-5],[0,-27],[17,-2],[35,73],[21,-41],[31,21],[13,-17],[18,39],[24,-4],[-30,33],[23,13],[9,32],[24,-31],[27,61],[21,-12],[-13,-54],[21,27],[19,-22],[19,37],[24,-17],[5,-23],[33,54],[-20,31],[49,-44],[40,40],[19,-35],[48,51],[-5,39],[45,4],[6,-55],[45,57],[31,-27],[23,25],[19,-89],[10,44],[35,-2],[6,-21],[20,-7],[-2,47],[33,-55],[41,-25],[21,19],[6,-23],[71,-1],[13,35],[33,-37],[21,50],[12,-47],[-23,-31],[25,5],[34,-31],[30,27],[24,-38],[25,-3],[128,-499],[66,-665],[-5,-172],[117,-406],[-35,-31],[-106,-225],[31,-171],[6,-250],[126,-145],[-95,-170],[-58,-229],[-74,-171],[-5,-122],[-31,-157],[102,-244],[-54,-228],[10,-160],[-168,-132],[-106,-6],[-147,-38],[-17,-28]],[[36800,68182],[-61,-22]],[[36725,68168],[-6,9]],[[34805,69554],[-267,97],[-3,0]],[[33673,66587],[12,-61],[15,-27]],[[33920,66078],[26,-117]],[[33787,65539],[-28,-44],[-111,-406],[-40,-225],[9,-160],[-244,-292],[-62,-108],[-12,-61],[81,-144],[10,-85],[-142,-545],[-32,-48],[-244,-20],[-411,-170],[-7,-36],[61,-199],[-54,-255],[-2,-252],[-491,-185],[-109,-89],[-30,-26],[-28,-176],[-57,-132],[-20,9],[-39,88],[-2,165],[-16,35],[-82,-86],[-604,-277],[-1,1]],[[31033,61866],[19,39],[-1,8]],[[31050,61920],[-1,6],[-35,-2]],[[28839,65910],[-18,48]],[[21237,76893],[-7,84],[-4,1]],[[20988,77313],[25,94]],[[21056,78006],[-8,19],[-71,80]],[[20977,78105],[-38,180]],[[21292,78592],[5,-7],[6,12]],[[21596,79793],[28,-9]],[[21634,79761],[9,-35],[3,8]],[[21868,79897],[7,9]],[[21889,79922],[6,2]],[[21968,79907],[2,-1],[-1,5]],[[21956,79974],[31,29],[0,1]],[[21967,80165],[-7,70]],[[21962,80261],[21,74]],[[20569,83077],[-27,161]],[[21111,82927],[3,-1],[19,6]],[[24484,77706],[2,-5]],[[24498,77657],[2,-15]],[[24594,77523],[14,-48]],[[25389,76583],[-1,-36]],[[25206,76386],[-65,-89]],[[25023,76162],[-92,-88],[-2,-7]],[[24924,76038],[9,-6],[10,-2]],[[24961,76026],[19,-5],[79,15]],[[25119,76005],[-15,-46]],[[25093,75957],[-51,0],[-18,-13]],[[25022,75943],[-1,-1],[1,-3]],[[25642,75295],[-60,31]],[[25530,75388],[-56,23]],[[25467,75418],[-9,24]],[[25314,75673],[-14,25]],[[25304,75695],[7,-9],[107,-62]],[[16835,81102],[32,640]],[[17262,81175],[-28,13],[-21,-2]],[[17184,81184],[-4,-1],[2,-7]],[[17299,80872],[63,-178]],[[17325,80604],[0,-4],[13,-15]],[[17347,80571],[-19,-13]],[[17624,79194],[13,-26]],[[17634,79166],[-24,5]],[[17434,79438],[0,15],[-6,16]],[[17408,79518],[-6,16],[-59,103]],[[16962,80321],[8,8]],[[16979,80339],[3,2],[-26,5]],[[16905,80913],[1,1],[-12,10]],[[16831,80989],[-2,10]],[[19768,75265],[-20,20],[21,68]],[[19834,75372],[-47,-40],[-1,-5]],[[46023,36821],[-3,-8]],[[46020,36813],[2,11]],[[38141,47483],[-4,-29]],[[38245,47728],[-9,1]],[[38200,47732],[-1,0]],[[38196,47732],[-15,1],[-7,-14]],[[22713,18965],[-35,96]],[[22398,19540],[-43,-13],[-26,47],[-44,15],[-46,-11],[-47,-65]],[[20398,21563],[1,29],[-9,12]],[[20381,21616],[-14,18],[12,26],[-6,35],[21,15],[-10,128],[12,50],[32,40],[137,71],[31,48],[54,44],[202,69],[55,-5],[48,26],[46,-29],[108,29],[19,-19]],[[21576,22949],[74,-83],[61,-112],[184,-117],[115,-36],[8,-33],[181,-110],[102,-87],[140,-67],[307,-305],[109,-26],[71,21],[59,40],[69,2],[90,-42],[106,-101],[95,-41],[244,-272],[129,-176],[122,-105],[24,-82],[3,-65],[100,-68],[14,-24],[115,-33],[106,30],[56,-21],[27,-63],[80,-68],[60,-20],[59,-1],[99,28],[55,44],[83,-94],[54,56],[26,0],[81,-89],[107,-17],[72,-47],[45,-92],[37,-28],[34,23],[22,42],[44,-14],[28,-61],[11,16],[-6,-33],[16,-26],[-13,-60],[31,-26],[35,3]],[[25692,19487],[154,-109],[-48,-26],[-59,-73],[62,-60],[2,-21],[-26,17],[-41,61],[-30,-22]],[[25145,18614],[-38,71]],[[24760,19124],[-265,181]],[[18404,76546],[-37,-37],[1,-9]],[[18373,76463],[10,-77]],[[18383,76386],[-26,-28]],[[19641,75444],[8,9]],[[19255,77714],[-15,-26]],[[19236,77686],[-18,12]],[[63106,13461],[-57,-138],[-24,9]],[[62989,13346],[-50,19]],[[62935,13325],[-202,128],[-312,234],[-67,20],[-58,151],[12,74],[-7,51],[35,73],[27,5],[-25,-81],[45,-59],[59,-23],[58,25],[117,112],[63,134],[33,129],[6,113],[-27,196],[-93,235],[-37,137],[-198,319],[-48,102],[-107,102],[-169,240],[-226,274],[-219,153],[-236,201],[-377,256],[-185,85],[-114,2],[-9,81],[39,48],[11,92],[-45,181],[-79,122],[-178,170],[-180,211],[-234,204],[-267,147],[-278,207],[-438,244],[-66,5],[-47,34],[-5,25],[28,32],[-27,6],[-18,-18],[-19,65],[-115,169],[-23,117],[21,111],[-18,12],[-29,85],[-29,29],[11,90],[-331,325],[-198,154],[-43,61],[-48,28],[-96,-30],[-28,14],[-7,36],[30,79],[-15,80],[-32,69],[-58,51],[-26,147],[-39,53],[-47,130],[4,40],[-62,115],[-311,234],[-145,64],[-52,65],[-52,115],[1,80],[46,147],[47,46],[4,145],[-19,79],[-81,154],[-79,86],[-145,107],[-91,7],[-9,17],[-76,-22],[-66,27],[-76,70],[-60,88],[-49,226],[168,160],[33,138],[80,56],[19,142],[-7,96],[-68,205],[-19,103],[-18,-10],[-73,139],[-102,149],[-95,95],[-26,45],[-87,73],[-538,282],[-237,202],[-112,34],[-114,5],[-1,19],[-64,-18],[-131,22],[-22,-7],[-20,-49],[-52,-25],[-56,37],[-27,53],[-43,21],[-28,36],[-51,118],[-34,123],[2,106],[36,158],[44,66],[45,34],[226,102],[65,121],[62,66],[36,79],[46,55],[16,81],[-30,119],[26,18],[33,-13],[30,17],[22,98],[1,174],[-23,232],[-19,110],[-55,184],[-89,198],[-60,74],[-1,29],[-115,139],[-77,155],[-49,62],[-28,5],[-107,86],[-17,34],[-18,-15],[-26,12],[-23,42],[-51,42],[-19,-16],[-15,43],[-49,29],[-41,-30],[-36,21],[-44,-15],[-15,37],[-62,68],[26,49],[-17,18],[-71,11],[-56,-79],[-20,27],[-34,-5],[-54,38],[-51,11],[-32,52],[-23,78],[-5,83],[-63,43],[-61,4],[-48,42],[-38,165],[-64,101],[-37,8],[-34,72],[-4,39],[-33,15],[-22,42],[26,69],[-6,74],[-14,35],[-41,-9],[1,41],[21,25],[-11,26],[-35,13],[-11,117],[-390,356],[-19,1],[-24,-32],[-9,46],[-17,17],[-85,30],[-128,88],[-93,31],[-36,1],[-10,-46],[-27,11],[-140,147],[3,27],[27,13],[2,28],[-44,111],[-105,82],[-113,2],[-1,16],[-65,8],[-73,-33],[-29,-33],[-22,-62],[-7,-135],[-87,-103],[-62,-42],[-40,-10],[-51,15],[-87,73],[-24,34],[-45,141],[-11,107],[-66,103],[4,57],[-13,38],[5,27],[33,27],[27,49],[110,85],[12,31],[9,84],[-23,60],[-15,29],[-55,28],[-16,43],[69,129],[-18,17],[28,51],[-9,69],[-38,50],[-5,64],[-97,180],[-70,76],[-105,64],[-40,60],[-41,18],[-168,179],[-62,10],[-85,139],[-134,58],[-129,9],[-32,19],[-34,-34],[-59,-8],[-20,-35],[-54,7],[-66,-115],[-8,-59],[-44,-40],[-8,-68],[-37,-79],[-139,-203],[-27,-122],[-15,-18],[-97,-46],[-138,45],[-73,66],[7,92],[22,36],[-21,105],[3,92],[63,73],[55,134],[5,112],[-67,183],[-6,59],[-98,98],[-77,47],[-35,53],[-53,277],[-54,50]],[[49821,31976],[2,-3]],[[49861,31959],[12,-24],[1,0]],[[49889,31940],[21,6]],[[49916,31945],[40,-25]],[[51888,31862],[25,-64],[14,-12]],[[52002,31791],[6,6],[1,4]],[[52211,32420],[38,59]],[[52894,30996],[40,5]],[[52888,30728],[-25,-52],[-5,-35],[16,-86]],[[53354,29879],[35,41]],[[60398,19150],[53,-52]],[[60662,19038],[8,-98],[7,-23]],[[60682,18871],[-4,-14],[7,-9]],[[60692,18839],[3,-5]],[[62690,16093],[-26,-68],[2,-2]],[[62681,15998],[-18,-23]],[[46487,37100],[23,-25],[43,28]],[[46523,36903],[-4,-4]],[[46517,36900],[5,43]],[[46510,36846],[5,3]],[[46413,37185],[27,-1],[17,30]],[[46392,36527],[10,2]],[[46267,37219],[-7,-13]],[[46219,37234],[0,4]],[[46233,36973],[6,9]],[[46200,36982],[12,-4]],[[46188,37452],[-1,4],[-3,-3]],[[46184,37453],[-1,7]],[[46186,37458],[3,-6]],[[46137,36984],[0,-18],[-17,7]],[[45992,37347],[27,-102]],[[46018,37230],[-9,3]],[[38068,49197],[27,32]],[[30947,56771],[32,10]],[[31009,56750],[21,-4],[14,13]],[[31049,56764],[0,0],[-5,26]],[[31137,57109],[12,4]],[[31165,57103],[6,-15],[50,-22]],[[31232,56900],[-23,-42]],[[29599,58450],[-4,-2]],[[29586,58444],[-76,-31]],[[29017,60495],[47,-1],[40,22]],[[24530,62880],[-2,-137],[2,-2]],[[79330,16162],[-9,-38],[5,-9]],[[79338,16077],[-12,-45]],[[77637,18505],[-23,-1],[-3,-3]],[[77570,18789],[2,4]],[[63459,12994],[5,-4],[-4,3]],[[19211,75752],[-34,-12],[-91,-51]],[[19435,75511],[-36,11]],[[19280,75631],[-12,53]],[[19254,75746],[-1,4],[-22,10],[-6,-3]],[[63070,24433],[-1,-7],[4,-4]],[[63143,24303],[-54,-45],[-8,-14]],[[62995,24124],[-157,-28],[-6,-6]],[[62819,24078],[-5,-6],[-13,-39]],[[67576,6914],[12,60],[5,229],[-33,230],[-12,0],[-4,13]],[[67544,7446],[1,1]],[[67632,6870],[-12,-2],[0,-2]],[[67617,6827],[-6,-3]],[[67607,6824],[-11,54]],[[67596,6878],[-20,25]],[[65705,10005],[-185,267],[-276,285],[-38,69],[-6,66],[-49,65],[-9,152],[-51,114],[-366,415],[-84,120],[39,22],[15,50],[-17,64],[6,86],[-45,109],[4,19],[-20,10]],[[64623,11918],[50,63]],[[64976,11864],[2,-2],[6,1]],[[64997,11867],[3,1],[28,63]],[[65125,12025],[23,38],[2,23]],[[65151,12092],[1,8],[-22,44]],[[65183,12440],[16,-11]],[[65279,12466],[5,-1],[7,21]],[[57869,28752],[-24,-27],[16,-16]],[[57415,28156],[-48,-18]],[[57356,28149],[-21,60]],[[24398,75986],[87,119],[2,11]],[[24452,76215],[-2,3],[-38,16],[-9,-7]],[[24344,76134],[-9,-8]],[[24087,76136],[-19,-17],[0,-10]],[[24068,76106],[1,-7],[6,1]],[[36581,53074],[-19,15],[82,-4]],[[37407,52181],[37,-1],[63,-30],[-63,17]],[[37542,52108],[67,-75],[29,-3],[24,-44],[12,-116]],[[37797,51747],[45,10],[18,-58]],[[38192,51577],[153,-132],[18,-66]],[[38396,51329],[71,-33],[31,-41],[-15,-58]],[[38585,51034],[145,-81],[40,-58],[24,-74],[-19,-165],[37,-127],[-82,-55],[-56,-67],[-46,-39],[-24,-2],[-15,-25]],[[38596,50418],[48,14]],[[38655,50435],[12,3],[32,47]],[[65893,30408],[17,-16],[-5,-13],[-9,20]],[[30730,64111],[-58,52]],[[30832,64050],[-40,40],[-4,1]],[[29903,64964],[-27,-7],[-3,-50]],[[57415,30752],[33,6],[1,2]],[[57825,31438],[0,62],[-1,3]],[[61947,31672],[-8,90]],[[62059,31515],[-56,90],[-32,34]],[[72936,8532],[4,11],[-10,-32],[-16,-15],[-12,-38],[-23,-14],[-64,81],[-55,39],[-21,54],[-76,-24],[-50,40],[-44,6],[-5,86],[-66,111],[-21,-21],[-84,13],[-8,-26],[-44,75],[-74,56],[-11,33],[-31,27],[-29,0],[-6,-24],[-18,27],[-27,-15],[-49,6],[15,42],[-53,215],[-65,120],[-35,100],[-13,9],[-16,-24],[2,34],[-21,-29],[7,22],[-16,-5],[22,27],[-5,100],[-17,24],[-34,4],[-127,171],[-37,85],[-8,115],[-34,68],[-90,72],[-40,-2],[-27,39],[-21,2],[-9,62],[21,30],[7,103],[-26,138],[16,16],[-10,88],[16,37],[68,4],[56,-17],[66,-79],[170,-99],[80,-168],[75,-90],[100,-55],[24,-53],[34,-23],[40,-23],[44,-1],[108,-108],[135,-18],[34,-21],[68,-69],[34,-62],[42,-34],[41,-81],[86,-59],[45,-5],[17,-56],[-9,-38],[22,-10],[11,-41],[-11,-77],[27,-21],[-6,-64],[12,-68],[-23,-56],[24,-71],[-15,-19],[19,-192],[-23,-55],[61,-61],[3,-26],[-16,-39],[22,12],[-7,-37]],[[72864,14546],[-10,-40]],[[78365,9559],[-25,11],[-14,45],[24,24],[-3,14],[-25,-5],[-11,18],[-15,-11],[-13,31],[20,1],[-30,38],[23,-20]],[[78247,9773],[27,-42],[-32,8],[-2,25],[-15,5],[6,-16],[-23,18],[-35,50],[-45,-29],[-13,18],[-21,-14],[-16,25],[-1,-18],[-32,-25],[15,-34],[-5,-31],[-19,4],[-2,112],[-23,14],[-5,26],[25,-24],[34,30],[12,44],[0,89]],[[78090,9968],[3,-9],[27,-16]],[[78244,9829],[-29,-18],[0,-7]],[[78215,9801],[0,-8],[17,-7]],[[78396,9531],[-11,-9],[-1,12]],[[78389,9809],[-15,5]],[[78342,9834],[14,17]],[[78375,9861],[4,-4]],[[78378,9852],[-28,-61]],[[78369,9689],[-8,15]],[[78310,9828],[15,13]],[[78327,9834],[2,-21]],[[76577,13248],[5,4],[1,31]],[[88249,18069],[100,95],[2,5]],[[88354,18180],[1,5],[-1,2]],[[88334,18212],[-33,41],[-10,-1]],[[25916,17983],[-21,43],[8,50],[46,28],[6,-23],[-39,-98]],[[22770,18334],[20,-23],[65,-19],[0,-22],[-26,-25],[3,-19],[68,-19],[41,-38],[-4,-82],[21,-87],[-90,-20],[-55,-72],[-37,-8],[-106,99],[-44,181],[96,122],[48,32]],[[25941,18825],[30,57],[119,-7],[39,-47],[-79,-82],[-92,50],[-17,29]],[[36983,52821],[-51,0],[-45,28]],[[36887,52849],[96,-28]],[[206,55552],[-19,59],[11,104],[28,21],[73,120],[39,102],[171,213],[68,-35],[32,-77],[-26,-165],[-28,-60],[-207,-174],[-69,-103],[-58,-14],[-15,9]],[[22001,60126],[1,12],[16,-13],[-7,-16],[-10,17]],[[65098,7139],[-33,18],[-85,117],[-16,57],[13,59],[30,3],[48,-35],[74,-101],[4,-75],[-12,-30],[-23,-13]],[[53709,27255],[71,2],[40,-66],[12,-52],[-32,-101],[14,-27],[-20,-30],[-111,5],[-117,72],[-13,32],[8,73],[26,3],[50,55],[72,34]],[[76078,10838],[14,-4],[-4,-20],[-14,2],[4,22]],[[75932,10882],[-12,31],[16,33],[48,-34],[-3,-63],[-60,-44],[11,77]],[[75994,11147],[10,-7],[-10,-8],[0,15]],[[75287,11669],[-5,22],[13,33],[-8,-55]],[[75317,11722],[13,-18],[-31,-14],[18,32]],[[75341,11726],[11,-4],[-7,-9],[-4,13]],[[75038,12104],[10,-3],[-12,-10],[2,13]],[[74830,51372],[11,-7],[-20,1],[9,6]],[[76841,10483],[8,9],[3,-15],[-11,6]],[[76858,10531],[26,12],[-7,-42],[-14,2],[8,6],[-8,-4],[-5,26]],[[76756,10731],[11,23],[-1,-25],[-10,2]],[[77238,9700],[-34,-15],[-7,18],[16,34],[39,-3],[-14,-34]],[[77434,10165],[7,-25],[-16,-46],[-46,-18],[9,37],[29,16],[17,36]],[[77292,10549],[17,27],[-15,-40],[-2,13]],[[78580,9460],[9,13],[9,-18],[-7,-36],[-11,41]],[[78300,9541],[-11,32],[14,2],[8,-22],[-11,-12]],[[77890,9608],[5,-17],[-12,0],[7,17]],[[78019,9701],[19,-2],[-2,-17],[-14,-1],[-3,20]],[[80049,8668],[0,-21],[-9,7],[9,14]],[[80081,8704],[23,6],[-2,-21],[-21,15]],[[79113,9436],[-8,9],[8,8],[0,-17]],[[79304,9588],[8,9],[3,-10],[-7,-17],[-4,18]],[[80288,9779],[103,51],[-26,-101],[-70,-18],[-41,8],[20,15],[14,45]],[[79535,9804],[-5,-13],[-5,10],[10,3]],[[79536,9819],[-17,-6],[10,16],[7,-10]],[[79411,9839],[-4,-33],[-10,24],[14,9]],[[79509,9857],[15,-8],[-17,-23],[-12,19],[14,12]],[[79863,10103],[6,21],[7,-6],[-13,-15]],[[79116,10851],[20,-61],[-10,-21],[-35,-12],[-58,20],[-20,69],[69,26],[34,-21]],[[79013,10995],[-63,-10],[-26,35],[6,49],[59,-22],[24,-52]],[[78962,11171],[-15,9],[12,8],[3,-17]],[[79786,11498],[48,2],[39,-27],[-27,-40],[1,-40],[-61,64],[-19,2],[-46,-123],[-78,-48],[-84,4],[-25,31],[13,69],[32,36],[25,4],[21,-18],[39,34],[66,-5],[56,55]],[[80019,11453],[29,2],[31,-39],[-7,-32],[-16,-15],[-23,13],[-60,-10],[-10,16],[56,65]],[[80262,11725],[3,35],[27,19],[-17,-59],[-13,5]],[[79695,12550],[-75,12],[18,31],[-16,-2],[-6,-23],[-26,16],[13,50],[-4,108],[43,22],[23,40],[-8,23],[-37,7],[-43,81],[-35,-11],[60,99],[11,-6],[-5,35],[18,25],[-2,35],[21,18],[-2,21],[32,3],[24,41],[61,8],[18,23],[64,-65],[86,31],[107,-4],[32,-16],[8,-44],[55,-89],[40,-7],[14,19],[37,1],[-49,-43],[-44,-4],[-16,-53],[-33,4],[18,-26],[-9,-70],[9,-33],[-41,-47],[-44,-93],[-11,-73],[-44,-61],[-68,2],[-128,-65],[-33,13],[-11,32],[18,-6],[6,25],[-15,19],[-6,-29],[-12,14],[-6,-28],[5,30],[-12,10]],[[80247,12906],[18,11],[14,-12],[-7,-49],[-17,-23],[-33,8],[0,85],[25,-20]],[[80055,13642],[19,38],[7,-14],[-23,-37],[-3,13]],[[79695,13814],[3,46],[17,21],[-27,89],[14,74],[-16,22],[-4,71],[16,78],[157,70],[35,49],[16,0],[111,-195],[42,-137],[38,-52],[68,-33],[89,-10],[-25,-97],[0,-52],[23,-24],[-1,-20],[-60,-18],[-25,37],[-65,-6],[-76,122],[-34,14],[-151,-50],[-22,7],[-11,28],[-48,-18],[-11,14],[-40,-38],[-13,8]],[[80428,14855],[20,3],[17,-27],[-16,-26],[-77,70],[-68,14],[-14,21],[5,16],[-42,42],[3,34],[74,-36],[98,-111]],[[80211,15049],[-25,-6],[22,37],[15,-4],[-12,-27]],[[80239,15641],[-17,20],[10,9],[12,-12],[-5,-17]],[[80371,15667],[-7,23],[24,-13],[-17,-10]],[[80589,17658],[-15,9],[36,-20],[-21,11]],[[82830,5064],[-24,-12],[-1,29],[10,7],[15,-24]],[[82831,5136],[-36,0],[11,30],[24,9],[1,-39]],[[84522,5415],[7,20],[9,-12],[-16,-8]],[[84480,5564],[-2,-15],[-10,9],[12,6]],[[85429,5973],[15,-54],[18,10],[-1,50],[-28,72],[29,-3],[8,-185],[-29,-45],[4,-27],[-39,-129],[-46,-58],[-52,-138],[-112,-144],[-127,-50],[-54,13],[-67,-53],[-48,-12],[-51,23],[-80,74],[-95,31],[-106,75],[-19,32],[0,59],[-25,73],[-66,49],[-8,40],[27,32],[-8,175],[52,109],[0,75],[29,79],[120,107],[-1,53],[43,37],[14,51],[96,30],[124,76],[132,26],[18,-29],[125,-39],[59,10],[73,-88],[40,-119],[-11,-119],[11,-86],[29,-48],[-16,-28],[23,-7]],[[85424,6308],[4,14],[11,-14],[-15,0]],[[90045,7487],[40,-3],[33,19],[72,93],[4,-25],[56,-59],[-2,-37],[-20,-33],[11,-40],[-25,-55],[-13,19],[-57,-3],[-5,17],[27,10],[-2,21],[-30,13],[-28,-16],[-2,-56],[13,-14],[-2,25],[11,3],[5,-44],[-84,-123],[-10,-98],[-46,-43],[-36,14],[-39,-37],[-25,5],[-28,63],[56,19],[28,33],[13,74],[43,68],[7,106],[35,84]],[[89016,7364],[-1,15],[14,-14],[-5,-13],[-8,12]],[[89664,7379],[28,49],[27,-100],[-29,5],[0,29],[-26,17]],[[90493,7378],[-12,29],[-57,11],[-31,34],[36,33],[130,1],[49,29],[38,-53],[-3,-146],[-96,13],[-54,49]],[[85905,7471],[-22,91],[16,40],[57,-130],[-13,-20],[-38,19]],[[90266,7613],[32,24],[47,-22],[4,-43],[-61,-87],[-20,55],[-2,73]],[[85727,8043],[11,16],[15,-25],[5,23],[12,2],[62,-45],[40,22],[41,-25],[55,35],[34,-85],[-40,-75],[-87,-23],[-110,-106],[-4,-45],[34,-3],[13,-66],[-29,-27],[-32,-94],[-23,-109],[-1,-157],[-52,-53],[-81,7],[-206,-113],[-67,-16],[-40,-22],[-13,-61],[-24,3],[-34,127],[2,98],[20,73],[-22,45],[-1,36],[-54,63],[-56,-31],[-43,1],[-42,30],[-13,56],[29,34],[-7,39],[19,38],[-27,47],[14,20],[74,-30],[37,47],[12,60],[69,-40],[36,29],[6,28],[-14,27],[25,32],[-78,74],[11,15],[0,60],[-17,73],[21,22],[-2,25],[26,-23],[24,24],[18,69],[-11,24],[52,-5],[21,-20],[35,40],[66,-150],[74,-14],[21,110],[39,-3],[33,40],[-7,71],[8,40],[-9,22],[18,22],[-12,29],[14,23],[1,52],[85,-81],[65,49],[15,32],[17,-9],[14,-53],[4,-132],[-92,-47],[-27,-70],[27,-64],[-10,-20],[13,-12]],[[90343,7738],[-31,-2],[27,58],[10,-20],[-6,-36]],[[90290,7819],[-1,-54],[-44,-11],[-2,42],[47,23]],[[90508,8321],[10,-10],[-3,13],[14,2],[23,77],[23,28],[-5,28],[17,10],[38,-11],[86,-75],[9,-32],[-50,-216],[-58,-158],[2,-77],[-41,-16],[-49,40],[-42,-19],[-57,60],[-12,-6],[-5,32],[-41,59],[6,82],[70,131],[33,33],[13,-12],[19,37]],[[90248,8308],[-10,-28],[-10,3],[2,18],[18,7]],[[88829,8274],[-10,13],[27,57],[10,-18],[-28,-33],[1,-19]],[[88633,8294],[-18,-5],[7,76],[26,18],[-15,-89]],[[90766,8463],[-30,-19],[-10,11],[7,21],[33,8],[0,-21]],[[90428,8486],[-29,-36],[-5,17],[34,19]],[[84828,8491],[-17,2],[3,15],[12,3],[2,-20]],[[81152,8708],[17,-7],[-5,-13],[-12,20]],[[81674,9003],[14,28],[41,-12],[39,-119],[-48,-54],[-10,42],[-96,-56],[-57,56],[4,64],[53,38],[60,13]],[[83140,9119],[22,-43],[-16,9],[-6,34]],[[86105,9144],[-23,-23],[-17,4],[-2,31],[29,13],[13,-25]],[[82171,9020],[-27,-13],[3,40],[-24,-1],[12,80],[-32,3],[26,44],[-5,32],[-17,15],[11,29],[-7,83],[25,13],[67,-167],[57,-57],[-4,-45],[16,-54],[-44,-64],[-11,21],[3,54],[-12,16],[-39,-9],[2,-20]],[[86013,9249],[8,-39],[-24,2],[16,37]],[[85944,9237],[-1,32],[33,27],[9,-28],[-41,-31]],[[81510,9337],[-13,-23],[12,-74],[-28,-10],[-5,-33],[20,-75],[-37,27],[3,-32],[-25,1],[-28,-23],[-37,66],[-106,0],[-14,-60],[-24,-11],[-67,-100],[-32,-85],[2,-24],[19,-7],[9,-30],[-4,-77],[-32,-24],[-14,-38],[-52,-62],[-70,-28],[-4,-17],[-62,12],[-12,25],[-39,-16],[-7,51],[-39,27],[-33,-14],[-12,16],[-36,-45],[-45,25],[-96,-15],[-76,41],[-19,32],[-43,7],[-14,-15],[-95,47],[-27,-8],[-36,-44],[-4,43],[-32,-5],[-28,18],[-14,-20],[-58,1],[-61,-25],[-21,7],[1,26],[-16,12],[-12,44],[-38,1],[-24,25],[1,28],[31,34],[82,23],[15,18],[23,-14],[63,95],[72,62],[26,70],[62,53],[34,53],[16,1],[-31,-112],[45,-69],[49,5],[116,50],[88,116],[4,55],[26,7],[62,79],[41,100],[37,-7],[11,-33],[-48,-127],[7,-85],[10,10],[32,-19],[76,26],[43,67],[6,50],[55,121],[-1,62],[-35,34],[10,47],[16,11],[60,-11],[17,74],[16,12],[17,111],[49,96],[20,-27],[6,-125],[-44,-81],[38,-70],[-10,-33],[24,-45],[18,9],[23,80],[26,35],[68,-155],[74,-89],[41,-5],[7,-65],[31,-36]],[[80922,9448],[-17,-3],[19,19],[-2,-16]],[[81954,9257],[20,3],[10,-153],[19,-19],[-21,4],[-18,-25],[-23,16],[-58,-53],[-59,11],[-10,19],[42,84],[6,40],[-26,31],[-5,48],[-17,11],[-23,-13],[5,25],[-29,52],[11,34],[-14,27],[-1,71],[-34,-1],[-11,16],[-44,-34],[2,37],[-24,30],[4,78],[-18,42],[-37,23],[-46,63],[-81,55],[-16,73],[81,8],[30,46],[-4,84],[-26,16],[33,54],[35,-4],[9,-170],[87,-17],[-24,-131],[44,-106],[39,-57],[74,-13],[22,-96],[67,5],[-12,-119],[41,-95]],[[80925,9783],[-10,17],[-20,-2],[19,18],[9,79],[48,-38],[-21,-58],[-25,-16]],[[81565,10131],[24,-19],[-4,-33],[-20,52]],[[90943,10152],[-10,-4],[0,13],[10,-9]],[[91001,10852],[-30,2],[-26,46],[44,-18],[12,-30]],[[90945,11091],[11,31],[11,-8],[0,-28],[-22,5]],[[91018,11140],[13,68],[16,9],[26,-26],[10,-55],[-10,-17],[-55,21]],[[91586,12552],[11,23],[0,-47],[-11,24]],[[91566,12780],[31,-18],[-9,-132],[-42,95],[20,55]],[[80758,15693],[42,78],[111,-49],[37,58],[19,1],[19,-14],[20,-53],[-42,1],[-19,-22],[0,-97],[35,-37],[31,32],[14,-45],[-42,-42],[-41,13],[-29,-11],[-31,-51],[-37,37],[-59,6],[28,19],[-1,22],[-8,34],[-35,30],[5,49],[-17,41]],[[82135,15744],[22,97],[-3,90],[15,22],[32,-317],[-66,108]],[[82314,15856],[-31,19],[-17,83],[-12,-5],[14,11],[-2,66],[71,-50],[-23,-124]],[[82215,16137],[-13,-33],[-31,23],[-8,48],[14,20],[31,-13],[7,-45]],[[80646,16247],[24,-17],[-11,-24],[-10,4],[-3,37]],[[80819,16957],[-22,25],[-5,40],[-11,1],[10,3],[-11,18],[6,22],[-26,14],[58,19],[14,-114],[-13,-28]],[[80696,18247],[-16,-22],[0,13],[-20,8],[11,21],[-18,50],[18,23],[29,-12],[12,-42],[-14,-52],[-2,13]],[[80707,18384],[-12,-3],[5,16],[7,-13]],[[92723,39773],[-52,5],[-23,73],[13,5],[51,-43],[11,-40]],[[57735,33126],[51,33],[29,-4],[19,-112],[17,-16],[63,-8],[23,-136],[34,-31],[13,-83]],[[60878,33709],[-26,40],[29,-11],[55,-106],[0,-49],[30,-69]],[[61897,33648],[6,28],[-11,27],[23,35],[-24,10],[7,36],[47,15],[-17,33],[10,58],[59,35],[35,-6],[19,20],[40,2],[12,-31],[33,13],[4,-49],[26,-27],[31,-6],[8,-21],[33,-7],[35,-54],[16,25],[41,-5],[35,22],[15,-40],[59,-59],[51,-6],[15,-55],[39,14],[54,-11],[25,21],[41,-34],[51,4],[40,-60],[21,6],[48,-32],[88,0],[27,-16]],[[63685,34911],[-94,-137],[-39,18],[-78,-46],[-36,17],[-49,-28],[-45,37],[-19,-10],[-21,19],[-6,-16],[-56,-7],[-8,-19],[-173,76],[0,34],[-37,57],[-41,-2],[-11,34],[31,5],[-17,41],[-29,-16],[8,41],[-92,65],[-4,80],[-27,10],[-8,31],[18,24],[-8,41],[27,77],[-34,4],[-3,34],[-19,24],[-20,-8],[-4,32],[-19,23],[10,40],[-32,8],[7,36],[-49,54],[-32,70],[2,49],[-21,-6],[-10,34],[-23,-1],[-22,43],[24,25],[-19,7],[-12,44],[-23,5],[15,34],[-14,31],[-23,4],[41,64],[-20,17],[7,32],[26,22],[-24,30],[-32,4],[5,37],[-28,9],[1,33],[-31,-12],[-37,23],[-8,60],[-36,26],[15,73],[31,8],[27,55],[-4,59],[-26,44],[3,36],[17,25],[-14,33],[12,31],[-17,47],[3,8],[29,11]],[[62492,36704],[2,9],[-15,53],[-33,18],[-2,9],[6,38],[-21,58],[34,60],[-29,63],[37,61],[-15,31],[-15,-6],[-2,6],[11,63],[28,20],[-4,57],[28,75],[4,4],[2,0],[8,-30],[18,-10],[40,46],[-12,31],[-29,9],[0,7]],[[62535,37369],[0,0],[29,-9]]],"transform":{"scale":[0.00005258101373639607,0.00003885912859128591],"translate":[101.022392,-6.174528]},"objects":{"kawasan_lampung":{"type":"GeometryCollection","geometries":[{"arcs":[[[0]],[[1,2]],[[3,4,5,6,7,8,9,10,11,12,13,14,15,16,17,18,19,20],[21,22,23]],[[24,25,26,27,28,29,30,31,32,33,34]],[[35,36,37,38,39,40]],[[41,42,43,44,45]],[[46,47,48,49,50]],[[51]],[[52,53,54,55]],[[56,57]],[[58,59,60,61,62,63,64,65,66,67,68,69,70]],[[71,72,73,74,75,76]],[[77,78,79]],[[80,81,82,83,84,85,86,87,88]],[[89,90,91,92,93,94,95,96,97,98,99,100,101,102,103,104,105,106,107,108,109,110,111,112,113,114,115,116,117,118,119,120]],[[121,122,123,124,125,126,127,128],[129,130]],[[131,132,133]],[[134,135,136,137,138,139,140,141,142,143,144]],[[145,146,147,148,149,150,151,152,153,154,155,156,157,158,159,160,161,162,163,164,165,166,167,168,169,170,171,172,173,174,175,176,177,178,179,180,181,182,183,184,185,186,187,188]],[[189,190,191]],[[192,193,194]],[[195,196,197,198,199,200,201,202,203,204,205,206,207,208,209,210]],[[211,212,213]],[[214,215]],[[216,217,218,219]],[[220,221,222]],[[223]],[[224,225,226,227,228,229,230,231,232,233,234,235,236,237,238,239,240,241,242,243,244,245,246,247,248,249,250,251,252]],[[253,254,255,256,257,258]],[[259,260]],[[261,262,263,264,265,266,267,268,269,270,271,272,273,274,275,276,277,278,279,280,281,282,283,284,285,286],[287,288,289,290,291]],[[292]],[[293,294,295,296,297,298,299,300,301,302,303,304,305,306,307,308,309,310],[311]],[[312,313,314,315,316]],[[317,318,319,320,321,322,323,324,325,326,327,328,329,330,331,332,333,334,335,336,337,338,339,340,341,342]],[[343,344,345,346,347,348,349,350,351,352]]],"type":"MultiPolygon","properties":{"F_KAW":"HP"}},{"arcs":[[[353,354,355,356]],[[357,358,359,360]],[[361]],[[362,363,364,365,366,367,368,369,370,371,372,373]],[[374,375,376,377,378,379,380,381,382,383,384,385]],[[386,387,388,389]],[[390,391,392,393,394,395,396,397,398,399,400,401,402,403,404,405,406,407,408,409,410,411,412,413,414,415,416,417,418,419,420,421,422,423,424,425,426,427,428,429,430,431,432,433,434,435,436,437]],[[438,439,440,441,442]],[[443,444,445,446,447,448,449,450]],[[451,452]],[[453,454,455,456,457]],[[458,459,460,461,462,463]],[[464,465]],[[466,467]],[[468,469,470,471,472,473]],[[474,475,476,477]],[[478,479,480,481]],[[482,483,484,485]],[[486,487,488,489,490,491,492,493,494],[495],[496]],[[497,498,499,500,501,502,503,504,505,506,507,508,509,510,511,512,513,514,515,516,517,518,519,520,521,522,523,524]]],"type":"MultiPolygon","properties":{"F_KAW":"TWA"}},{"arcs":[[[-4,525,526,-42,527,528,-49,529,530,531,532,533,534,535,536,537,538,539,540,541,542,543,544,545,546,547,548,549,-57,550,551,552,553,554,555,556,557]],[[-6,558,559,560,561,562,563,-110,564,-108,565,-106,566,-104,567,-102,568,-100,569,-98,570,-96,571,572,573,574,575,576,577,578]],[[-66,579,580,581,582,583,584,585,586,587,588,589,590,591,592,593,594,595,596,597,598,599,600,601,602,603,604,605,606,607,608,609,610,611,612,613,614,615,616,617,618,619,620,621,622,623,624,625,626,627,628,629,630,631,-68,632],[1073,1074,1075,1076,1077,1078,1079,1080,1081,1082,1083,1084,1085],[1086],[1087],[1088]],[[-76,633,634,-80,635,636,637,638,639,640,641,642,643,644,645,646,647,648]],[[-81,649,650,651,652,653,654,655,656,657,658,659,660,661,662,663,664,665,666,667,668,669,670,-120,671,-118,672,-116,673,674,675,676,677,678,679,680,681,682,683,684,685,686,687,688,689,690,691,692,693,694,695,696,697,698,699,700,701,702,703,704,705,706,707,708,709,710,711,712,713,714,715,716,717,718,719,720,721,722,723,724,725,726,727,728,729,730,731,732,733,734,735,736,737,738,739,740,741,742,743,744,745,746,747,748,749,750,751,752,753,754,755,756,757,758,759,760,761,762,763,764,765,766,767,768,769,770,771,772,773,774,775,776,777,778,779,780,781,782,783,784,785,786,787,788,789,790,791,792,793,794,795,796,797,798,799,800,801,802,803,804,805,806,807,808,-434,809,810,811,812,813,814],[876,877],[878,879,880,881,882]],[[-122,815,816,817,-127,818,-125,819,820,821,822,823,824,825,826,827,828,829,830,831,832,833,834,835,836,837,838,839],[999,1000,1001,1002,1003,1004,1005],[1006,1007,1008],[1009,1010],[1011,1012],[1013,1014,1015],[1016,1017],[1018,1019,1020],[1021,1022],[1023],[1024,1025,1026,1027,1028],[1029],[1030,1031],[1032],[1033],[1034,1035,1036,1037],[1089]],[[-199,840,841,842,843,844,845,846,847,848,849,850,851,852,853,854,855,856,-201,857],[1070,1071,1072]],[[858,859,860,861,862,863,864,865,866,867,868,869,870]],[[871,872,873,874]],[[875]],[[883,884,885,886,887,888,889,890,891,892]],[[893,894,895,896,897,898,899,900,901]],[[902,903,904,905,906,907,908,909,910,911,912,913,914]],[[915,916,917,918,919,920,921,922,923,924,925,926,927,928,929,930,931,932,933,934,935,936,937,938,939,940,941,942,943,944,945,946,947,948,949,950,951,952,953,954,955,956,957,958,959,960,961,962,963,964,965,966,967,968]],[[969,970,971,972,973,974,975,976]],[[977,978,979,980,981,982,983,984]],[[985,986,987,988,989,990,991,992,993,994,995,996,997,998]],[[1038,1039,1040,1041,1042,1043,1044,1045,1046,1047,1048,1049,1050,1051,1052,1053,1054,1055]],[[1056,1057,1058,1059,1060,1061]],[[1062,1063,1064,1065,1066,1067,1068,1069]]],"type":"MultiPolygon","properties":{"F_KAW":"HPT"}},{"arcs":[[[-72,-77,-649,1090,-647,1091,1092,1093,1094,1095,1096,1097,1098,1099,1100,-619,1101,-617,1102,-615,1103,-613,1104,-611,1105,-609,1106,1107,1108,1109,1110,1111,1112,1113,1114,1115]],[[-859,1116,1117,1118,-868,1119,1120,1121,1122]]],"type":"MultiPolygon","properties":{"F_KAW":"TB"}},{"arcs":[[[-591,1123,1124]],[[1125,1126,1127]],[[1128],[1129,1130,1131,1132],[1133,1134,1135,1136,1137]]],"type":"MultiPolygon","properties":{"F_KAW":"TAHURA"}},{"arcs":[[[1138],[1139],[1140],[1141],[1142]],[[1143,1144,1145,1146,1147,1148,1149,1150,1151,1152,1153,1154,1155,1156,1157,1158,1159,1160,1161,1162,1163,1164,1165,1166,1167,1168,1169,1170,1171,1172,1173,1174,1175,1176,1177],[1178],[1179],[1180],[1181],[1182],[1183],[1184],[1185]],[[1186,1187,1188,1189,1190,1191,1192,1193,1194,1195]],[[1196,1197,1198,1199,1200]],[[1201,1202,1203,1204,1205]]],"type":"MultiPolygon","properties":{"F_KAW":"CAL"}},{"arcs":[[[-25,1206,1207,1208,1209,1210,1211,1212,1213,-27,1214]],[[-47,1215,1216,1217,1218,1219,1220,1221,1222,1223,1224,1225,1226,-532,1227,1228]],[[-391,1229,-437,1230,-435,-809,1231,1232,1233,1234,1235,1236,1237,1238,1239,1240,1241,1242,1243,1244,1245,1246,-399,1247,-397,1248,-395,1249,-393,1250]],[[-541,1251,1252,1253,1254,1255,1256,1257,1258,-543,1259]],[[-750,1260,1261,1262,1263,1264,1265,1266,1267,1268,1269,1270,1271,1272]],[[-757,1273,1274,-759,1275]],[[-767,1276,1277,1278]],[[-769,1279,1280,1281,1282,1283,1284,1285]],[[-776,1286,1287,1288,1289]],[[-787,1290,1291,1292,1293]],[[-795,1294]],[[-873,1295,1296,1297,1298,1299,1300,-875,1301]],[[1302,1303,1304,1305,1306,1307,1308,1309]]],"type":"MultiPolygon","properties":{"F_KAW":"HPK"}},{"arcs":[[[-342,1310,1311,1312,1313,1314,1315,1316,1317,1318,1319,1320]],[[1321,1322,1323,1324]],[[1325,1326]],[[1327,1328,1329,1330]],[[1331,1332,1333,1334,1335,1336]],[[1337]],[[1338]],[[1339]],[[1340]],[[1341]],[[1342]]],"type":"MultiPolygon","properties":{"F_KAW":"0"}},{"arcs":[[[-558,1343,-556,1344,-554,1345,-552,1346,1347,1348,1349,1350,1351,1352,1353,1354,1355,1356,1357,1358,1359,1360,1361,1362,1363,1364,1365,1366,1367,1368,1369,1370,1371,1372,-525,1373,1374,1375,1376,1377,1378,1379,1380,1381,1382,1383,1384,1385,1386,1387,1388,1389,1390,1391,1392,1393,1394,1395,1396,1397,1398,1399,1400,1401,1402,1403,-741,1404,-739,1405,-737,1406,-735,1407,-733,1408,-731,1409,-729,1410,-727,1411,-725,1412,-723,1413,-721,1414,-719,1415,-717,1416,-715,1417,-713,1418,1419,1420,1421,1422,1423,1424,-689,1425,-687,1426,-685,1427,-683,1428,-681,1429,-679,1430,-677,1431,-675,-114,1432,-112,1433,-563,1434,-561,1435,-559,-5]],[[1436,-835,1437,-833,1438,-831,1439,-829,1440,-827,1441,-825,1442,1443,1444,1445,1446,1447,1448,1449,1450,1451,1452,1453,1454,1455,1456,1457,1458,1459,1460,1461,1462,1463,1464,1465,1466,1467,1468,1469,1470,1471,1472,1473,1474,1475,1476,1477,1478,1479,1480,1481,1482,1483,1484,1485,1486,1487,1488,1489,1490,1491,1492,1493,1494,1495,1496,1497,1498,1499,1500,1501,1502,1503,1504,1505,1506,1507,1508,1509,1510,1511,1512,1513,1514,1515,1516,1517,1518,-1174,1519,-1172,1520,-1170,1521,-1168,1522,-1166,1523,-1164,1524,-1162,1525,-1160,1526,-1158,1527,-1156,1528,-1154,1529,-1152,1530,-1150,1531,-1148,1532,-1146,1533,-1144,-1178,1534,-1176,1535,1536,1537,1538,1539,1540,1541,1542,1543,1544,-1188,1545,1546,-1195,1547,-1193,1548,-1191,1549,1550,1551,1552,1553,1554,1555,1556,1557,1558,1559,1560,1561,1562,-1197,1563,-892,1564,-890,1565,-888,1566,-901,1567,-899,1568,-897,1569,1570,1571,1572,1573,1574,1575,1576,1577,-903,-915,1578,-913,1579,1580,1581,1582,1583,1584,1585,1586,1587,1588,1589,1590,1591,1592,-940,1593,-938,1594,1595,1596,1597,-929,1598,1599,1600,-921,1601,1602,1603,-967,1604,-965,1605,-963,1606,1607,-957,1608,-955,1609,-953,1610,-951,1611,-949,1612,-947,1613,1614,1615,-972,1616,1617,1618,1619,-997,1620,-995,1621,-993,1622,-991,1623,-979,1624,1625,1626,-1202,-1206,1627,-1204,1628,1629,1630,1631],[1632,1633],[1634,1635,1636,1637]],[[-1179]],[[-1180]],[[-1181]],[[-1182]],[[-1183]],[[-1184]],[[-1185]],[[-1186]],[[1638,1639]],[[1640,1641,1642,1643,1644,1645,1646,1647,1648,1649,1650,1651,1652,1653,1654,1655,1656,1657,1658,1659,1660,1661,1662,1663,1664,1665,1666,1667,1668,1669,1670,1671,1672,1673,1674,1675,1676,1677,1678,1679,1680,1681,1682,1683,1684,1685,1686,1687,1688,1689,1690,1691,1692,1693,1694,1695,1696]]],"type":"MultiPolygon","properties":{"F_KAW":"TN"}},{"arcs":[[[-355,1697,1698,1699,1700,1701,1702]],[[-381,1703,1704,1705,1706,1707,1708,1709,1710,1711,1712,1713,1714,1715,1716,1717,1718,1719,1720,1721,1722,1723,1724,-375,1725,-385,1726,-383,1727]],[[-452,1728,1729,1730,1731,1732,1733,1734]],[[-479,-482,1735,1736]],[[-485,1737,1738,1739,1740,1741]],[[-860,-1123,1742,1743,1744,-864,1745,-862,1746]],[[-1140]],[[-1141]],[[-1142]],[[-1143]],[[1747,1748,1749,1750,1751]],[[1752,1753]],[[1754,1755]],[[1756,1757]],[[1758,1759,1760,1761]],[[1762,1763]],[[1764,1765,1766,1767]],[[1768,1769]],[[1770,1771,1772]],[[1773,1774]],[[1775,1776]],[[1777,1778,1779,1780,1781,1782,1783,1784,1785,1786]],[[1787,1788,1789,1790]],[[1791,1792,1793]],[[1794,1795]],[[1796,1797,1798,1799]],[[1800,1801]],[[1802]],[[1803]],[[1804]],[[1805,1806,1807]],[[1808]]],"type":"MultiPolygon","properties":{"F_KAW":"CA"}},{"arcs":[[[-59,1809]],[[1810,1811,1812,1813,1814,1815,1816,1817,1818,1819,1820,1821,1822,1823,1824,1825,1826,1827,1828,1829,1830,-588,1831,-586,1832,-584,1833,-582,1834,-63,1835,-61]],[[-70,1836,-631,1837,-629,1838,-627,1839,-625,1840,-623,1841,-621,1842,-1100,1843,1844,-1093,1845,-645,1846,1847,1848,1849,1850,1851,1852,1853,-1262,1854,-748,1855,-746,1856,1857,1858,1859,-1807,1860,1861,1862,1863,1864,1865,1866],[-1801,2201],[-1803],[-1804]],[[-135,1867,1868,1869,1870,1871,1872,1873,1874,1875,1876,1877,1878,1879,1880,1881,1882,1883,1884,1885,1886,1887,1888,1889,1890,1891,1892,1893,1894,1895,1896,1897,1898,1899,1900,1901,1902,1903,1904,-1511,1905,-1509,1906,-1507,1907,-1497,1908,-1495,1909,1910,1911,1912,1913,1914,1915,1916,1917,1918,1919,1920,1921,1922,1923,1924,1925,1926,1927,1928,1929,1930,1931,1932,1933,1934,-214,1935,1936,1937,1938,1939,1940,1941,1942,1943,1944,1945,1946,1947,1948,1949,1950,1951,1952,1953,1954,1955,1956,1957,1958,-143,1959,-141,1960,-139,1961,-137,1962],[2022,-222,2023,2024,2025,2026,2027,2028,2029,2030,2031,2032,2033,2034],[2202]],[[1963,1964,-191,1965,1966,1967,1968,-153,1969,-151,1970,-149,1971,-147]],[[1972,1973,1974,1975,1976,1977,1978,-850,1979,-848,1980,-846,1981,1982,-1069,1983,-1067,1984,1985,1986,-842,1987,-197,1988,-211,1989]],[[1990,-855,1991,-1052,1992,1993,1994,1995,1996,1997,-1062,1998,1999,2000,2001,2002,2003,2004,2005,2006,2007,-204,2008,-202,-857]],[[2009,2010,2011,2012,2013,2014,2015,2016,2017,2018,2019,2020,2021,-218]],[[2035,2036,2037,2038,-226]],[[-233,2039,2040]],[[2041,2042,2043,-237,2044,-235]],[[2045,2046,-241,2047,-239]],[[-245,2048,-243,2049,2050,2051]],[[2052,-248]],[[-252,2053,2054,2055]],[[-262,2056,2057,2058,2059,2060,2061,2062,2063,2064,2065,2066,2067,2068,-266,2069,-264,2070]],[[-823,2071,2072,2073,2074,2075,-1056,2076]],[[-871,2077,-869,-1119,2078,-1117]],[[2079,2080,2081,2082,2083,-885]],[[-895,2084,2085,2086,2087,-907,2088,-905,2089,-1577,2090,-1575,2091,-1573,2092,-1571,2093]],[[-911,2094,2095,2096,2097,2098,2099,2100,-941,-1593,2101,-1591,2102,-1589,2103,-1587,2104,-1585,2105,-1583,2106,-1581,2107]],[[-969,2108,-1603,2109,-919,2110,-917,2111]],[[-923,2112,-1600,2113,-927,2114,-925,2115]],[[2116,-1596,-936,2117,-934,2118,-932,2119,-930,-1598]],[[-945,2120,2121,2122,-975,2123,2124,-1615,2125]],[[2126,-1608,2127,-961,2128,-959]],[[-990,2129,2130,-1624]],[[-1054,2131]],[[2132,2133,2134,2135,2136,2137,2138,-1337,2139,-1312]],[[-1328,2140,-1327,2141,-1322,2142,2143,2144,-1330,2145]],[[-1444,2146]],[[-1447,2147,-1449,2148]],[[-1451,2149]],[[-1453,2150]],[[-1455,2151]],[[-1457,2152]],[[-1459,2153,2154]],[[-1462,2155,-1464,2156]],[[-1466,2157,-1468,2158]],[[-1470,2159,-1472,2160]],[[-1474,2161,2162]],[[-1477,2163]],[[-1479,2164,-1482,2165,2166]],[[-1484,2167]],[[-1486,2168]],[[-1488,2169]],[[-1490,2170]],[[-1492,2171,2172]],[[-1618,2173,2174]],[[-1697,2175,2176,-1641]],[[-1643,2177,2178,2179,2180,2181,2182,2183,2184,2185,2186,-1665,2187,-1663,2188,-1661,2189,-1659,2190,-1657,2191,-1655,2192,-1653,2193,-1651,2194,-1649,2195,-1647,2196,-1645,2197]],[[2198,-1794,2199,2200]],[[2203]],[[2204]],[[2205]],[[2206,2207,2208,2209]],[[2210,2211]],[[2212,2213]],[[2214,2215,2216,2217,2218,2219,2220,2221,2222,2223]],[[2224,2225,2226]],[[2227]],[[2228]],[[2229,2230,2231,2232]],[[2233,2234,2235,2236]],[[2237,2238,2239,2240]],[[2241,2242]],[[2243,2244,2245]],[[2246,2247,2248,2249,2250,2251,2252,2253,2254,2255,2256,2257,2258,2259,2260,2261,2262,2263,2264,2265,2266,2267,2268,2269,2270,2271,2272,2273,2274,2275,2276,2277,2278,2279,2280,2281,2282,2283,2284,2285,2286,2287,2288,2289,2290,2291,2292],[2293,2294],[2295,2296,2297,2298,2299,2300,2301],[2302,2303],[2304,2305,2306,2307]],[[2308,2309]],[[2310,2311,2312,2313,2314,2315,2316,2317,2318,2319,2320,2321,2322,2323,2324,2325,2326]],[[2327],[2328]],[[2329,2330,2331,2332,2333,2334]],[[2335]]],"type":"MultiPolygon","properties":{"F_KAW":"HL"}},{"arcs":[[[2337,-577,2338,-575,2339,-573,2340,-94,2341,-92,2342,-90,-121,-671,2343,-669,2344,-667,2345,-665,2346,-663,2347,-661,2348,-659,2349,2350,-656,2351,-654,2352,-652,2353,-650,-89,2354,-87,2355,-85,2356,-83,2357,-814,2358,-812,2359,-810,-433,2360,-431,2361,-429,2362,-427,2363,-425,2364,-423,2365,-421,2366,-419,2367,-417,2368,-415,2369,-413,2370,-411,2371,-409,2372,-407,2373,-405,2374,-403,2375,-401,2376,-1246,2377,-1244,2378,-1242,2379,-1240,2380,-1238,2381,-1236,2382,-1234,2383,-1232,-808,2384,-806,2385,-804,2386,-802,2387,-800,2388,-798,2389,-796,-1295,-794,2390,-792,2391,-790,2392,-788,-1294,2393,-1292,2394,-785,2395,-783,2396,-781,2397,-779,2398,-777,-1290,2399,-1288,2400,-774,2401,-772,2402,-770,-1286,2403,-1284,2404,-1282,2405,-1280,-768,-1279,2406,-760,-1275,2407,-755,2408,-753,2409,-751,-1273,2410,-1271,2411,-1269,2412,-1267,2413,-1265,2414,-1263,-1854,2415,-1852,2416,-1850,2417,2418,-1847,-644,2419,-642,2420,-640,2421,-638,2422,-636,-79,2423,-634,-75,2424,-73,-1116,2425,-1114,2426,-1112,2427,-1110,2428,-1108,2429,-607,2430,-605,2431,-603,2432,-601,2433,-599,2434,-597,2435,-595,2436,-593,2437,-1124,-590,2438,-853,2439,-851,-1979,2440,-1977,2441,-1975,2442,-1973,-1990,-210,2443,-208,2444,-206,2445,-2007,2446,-2005,2447,-2003,2448,-2001,2449,-1999,-1061,2450,-1059,2451,2452,-1997,2453,-1995,2454,2455,-1050,2456,-1048,2457,-1046,2458,-1044,2459,-1042,2460,-1040,2461,-2075,2462,-2073,2463,-821,2464,-123,-840,2465,-838,2466,-836,-1437,-1632,2467,-1630,2468,-456,2469,-454,-458,2470,-465,2471,-468,2472,-475,-478,2473,-1750,2474,-1748,2475,-1795,2476,-1736,-481,2477,-483,-486,-1742,2478,-1740,2479,2480,-1754,2481,-1799,2482,-1797,2483,-1767,2484,-1765,2485,-1769,2486,-1702,2487,-1700,2488,-1698,-354,-357,2489,-1771,-1773,2490,-359,2491,-361,2492,-373,2493,-371,2494,-369,2495,-367,2496,-365,2497,-363,2498,-1774,2499,-1776,2500,-1790,2501,-1788,2502,-390,2503,-388,2504,2505,-440,2506,-443,2507,-447,2508,-445,2509,-451,2510,-449,2511,-1734,2512,-1732,2513,-1730,2514,-1792,-2199,-2201,2515,2516,-54,2517,-56,-549,2518,-547,2519,-545,2520,-1258,2521,-1256,2522,-1254,2523,-1252,-540,2524,-538,2525,-536,2526,-534,2527,-1226,2528,-1224,2529,-1222,2530,-1220,2531,-1218,2532,-1216,-51,2533,-528,-46,2534,-44,2535,2536,-20,2537,-18,2538,-16,2539,-14,2540,2541,-11,2542,-9,2543,-7,-579],[-1],[-3,2336],[-28,-1214,2545,-1212,2546,-1210,2547,-1208,2548,-34,2549,-32,2550,-30,2551],[-36,2552,-40,2553,-38,2554],[-362],[-379,2758,-377,2759,-1724,2760,-1722,2761,-1720,2762,-1718,2763,2764,-1715,2765,-1713,2766,-1711,2767,-1709,2768,-1707,2769,-1705,2770],[-472,2774,-470,2775,-474,2776],[-872,-1301,2866,-1299,2867,2868,-1296],[-876],[-1126,-1128,2917],[-1305,2923,-1303,2924,-1309,2925,-1307,2926]],[[-22,-24,2544]],[[-130,2555]],[[2556,2557,-188,2558,-186,2559,-184,2560,-182,2561,-180,2562,-178,2563,-176,2564,-174,2565,-172,2566,-170,2567,-168,2568,-166,2569,-164,2570,-162,2571,2572,-159,2573,-157,2574,-155,2575,-1968,2576,-1966,-190,2577,-193,-195,2578,-261,2579,-1689,2580,-1687,2581,-1685,2582,-1683,2583,-1681,2584,-1679,2585,-1677,2586,-1675,2587,-1673,2588,-1671,2589,-1669,2590,-1667,2591,-2186,2592,-2184,2593,-2182,2594,-2180,2595,-2178,-1642,-2177,2596,-1695,2597,-1693,2598,-1691,2599,-2144,2600,-1324,2601,-1335,2602,-1333,2603,-2138,2604,-2136,2605,-2134,2606,-340,2607,-338,2608,-336,2609,-334,2610,-332,2611,-330,2612,-328,2613,-326,2614,-324,2615,-322,2616,-320,2617,-318,2618,-1320,2619,-1318,2620,-1316,2621,-1314,2622,-2325,2623,-2323,2624,2625,-2320,2626,-2318,2627,-2316,2628,-2314,2629,-2312,2630,-2327,2631,-2289,2632,-2287,2633,-2285,2634,-2283,2635,-2281,2636,-2279,2637,-2277,2638,-2275,2639,-2273,2640,-2271,2641,-2269,2642,-2267,2643,-2265,2644,-2263,2645,-2261,2646,-2259,2647,-2257,2648,-1518,2649,-1516,2650,-1514,2651,-1512,-1905,2652,-1903,2653,-1901,2654,-1899,2655,-1897,2656,2657,-1894,2658,-1892,2659,-1890,2660,-1888,2661,-1886,2662,-1884,2663,-1882,2664,-1880,2665,-1878,2666,-1876,2667,-1874,2668,-1872,2669,-1870,2670,-1868,-145,2671,-133],[-224],[-231,2710,-229,2711,2712,-2055,2713,-250,2714,-247,2715,-2051,2716,2717,-2043,2718,-2041,2719],[-255,2720,-259,2721,-257,2722],[-269,2723,-267,2724,-2068,2725,-2066,2726,-2064,2727,-2062,2728,-2060,2729,-2058,2730,-287,2731,-285,2732,-283,2733,-281,2734,-279,2735,-277,2736,-275,2737,-273,2738,-271,2739],[-293],[-295,2742,-311,2743,-309,2744,-307,2745,-305,2746,-303,2747,-301,2748,-299,2749,-297,2750],[-313,-317,2751,-315,2752],[-344,2753,-352,2754,-350,2755,-348,2756,-346,2757],[-460,2771,-464,2772,-462,2773],[-1129],[-2246,2971,-2244],[-2310,2985],[-2328],[-2330,2986,-2334,2987,-2332,2988],[-2336]],[[2672,-1934,2673,-1932,2674,-1930,2675,-1928,2676,-1926,2677,-2021,2678,-2019,2679,-2017,2680,-2015,2681,-2013,2682,-2011,2683,-220,2684,-1924,2685,-1922,2686,2687,-1919,2688,-1917,2689,-1915,2690,-1913,2691,-1911,2692,-1493,-2173,2693,2694,-2226,2695,2696,-2240,2697,-2238,2698,-1946,2699,-1944,2700,-1942,-1938,2701,-216,2702,-1936,-213],[-2231,2966,-2233,2967],[-2236,2968,-2234,2969]],[[2703,-2025,2704,-223,-2023,-2035,2705,-2033,2706,-2031,2707,-2029,2708,-2027,2709]],[[-290,2740,-288,-292,2741]],[[-312]],[[-496]],[[-497]],[[-499,2781,-1372,2782,-1370,2783,-1368,2784,-1366,2785,-1364,2786,-1362,2787,-1360,2788,-1358,2789,-1356,2790,-1354,2791,-1352,2792,-1350,2793,-1348,2794,-1639,2795,-2224,2796,-2222,2797,-2220,2798,-2218,2799,-2216,2800,-2214,2801,-1866,2802,-1864,2803,-1862,2804,-1808,-1860,2805,-1858,2806,-744,2807,2808,-1403,2809,-1401,2810,-1399,2811,-1397,2812,-1395,2813,-1393,2814,-1391,2815,-1389,2816,-1387,2817,-1385,2818,-1383,2819,-1381,2820,-1379,2821,-1377,2822,-1375,2823,-523,2824,-521,2825,-519,2826,-517,2827,-515,2828,-513,2829,-511,2830,-509,2831,-507,2832,-505,2833,-503,2834,-501,2835],[-487,-495,2777,-493,2778,-491,2779,-489,2780],[-1779,2948,-1787,2949,-1785,2950,-1783,2951,-1781,2952],[-1805],[-1809],[-2209,2963,-2207,2964],[-2211,2965]],[[-691,2836,-1424,2837,-1422,2838,-1420,2839,-711,2840,-709,2841,-707,2842,-705,2843,-703,2844,-701,2845,-699,2846,-697,2847,-695,2848,-693,2849]],[[2850,-765,2851,-763]],[[2852,2853,-817]],[[-1070,-1983,2854,-844,2855,-1986,2856,-1065,2857,-1063]],[[-866,2858,-1744,2859,-1759,2860,-1761,2861,-1764,2862,-1758,2863,-1755,2864,-1121,2865]],[[2869,-878]],[[-883,2870,-881,2871,-879]],[[-887,2872,-2083,2873,-2081,2874,-1626,2875,-985,2876,-983,2877,-981,2878,-2130,-989,2879,-987,2880,-999,2881,-1619,-2175,2882,-977,2883,-2122,2884,-943,2885,-2100,2886,-2098,2887,-2096,2888,-909,2889,-2087,2890,-2085,-894,-902,-1567]],[[-1000,-1006,2891,-1004,2892,-1002,2893]],[[-1007,-1009,2894]],[[-1011,2895]],[[-1012,2896]],[[-1014,-1016,2897]],[[-1017,2898]],[[-1019,-1021,2899]],[[-1022,2900]],[[-1024]],[[2901,2902,-1028,2903,-1026]],[[-1030]],[[-1032,2904]],[[-1035,2905,-1037,2906]],[[-1073,2907,-1071]],[[-1074,-1086,2908,-1084,2909,-1082,2910,-1080,2911,-1078,2912,-1076,2913]],[[-1087]],[[-1088]],[[-1089]],[[-1090]],[[-1094,-1845,2914,-1098,2915,-1096,2916]],[[-1130,2918,-1132,2919]],[[-1134,-1138,2920,-1136,2921]],[[-1200,2922]],[[-1498,-1908,-1506,2927,-1504,2928,-1502,2929,-1500,2930]],[[2931,2932,-1544,2933,-1542,2934,-1540,2935,2936,-1537]],[[-1550,2937,2938,-1562,2939,-1560,2940,-1558,2941,-1556,2942,-1554,2943,-1552,2944]],[[-1633,2945]],[[-1635,2946,-1637,2947]],[[-1812,2953]],[[2954,-1816]],[[-1818,2955]],[[-1820,2956]],[[-1822,2957]],[[2958,-1824]],[[-1826,2959,-1830,2960,-1828,2961]],[[2962,-1940]],[[-2203]],[[-2243,2970]],[[-2247,-2293,2972]],[[2973,-2255,2974,-2253,2975,-2251,2976,-2249]],[[-2291,2977]],[[2978,-2295]],[[-2296,-2302,2979,-2300,2980,-2298,2981]],[[2982,-2304]],[[-2308,2983,-2306,2984]],[[-2329]],[[2989]],[[2990]],[[2991]],[[2992,2993]],[[2994]],[[2995]],[[2996]],[[2997]],[[2998]],[[2999]],[[3000]],[[3001]],[[3002]],[[3003]],[[3004]],[[3005]],[[3006]],[[3007]],[[3008]],[[3009]],[[3010]],[[3011]],[[3012]],[[3013]],[[3014]],[[3015]],[[3016]],[[3017]],[[3018]],[[3019]],[[3020]],[[3021]],[[3022]],[[3023]],[[3024]],[[3025]],[[3026]],[[3027]],[[3028]],[[3029]],[[3030]],[[3031]],[[3032]],[[3033]],[[3034]],[[3035]],[[3036]],[[3037]],[[3038]],[[3039]],[[3040]],[[3041]],[[3042]],[[3043]],[[3044]],[[3045]],[[3046]],[[3047]],[[3048]],[[3049]],[[3050]],[[3051]],[[3052]],[[3053]],[[3054]],[[3055]],[[3056]],[[3057]],[[3058]],[[3059]],[[3060]],[[3061]],[[3062]],[[3063]],[[3064]],[[3065]],[[3066]],[[3067]],[[3068]],[[3069]],[[3070]],[[3071]],[[3072]],[[3073]],[[3074]],[[3075]],[[3076]],[[3077]],[[3078]],[[3079]],[[3080]],[[3081]],[[3082]],[[3083]],[[3084]],[[3085]],[[3086]],[[3087]],[[3088]],[[3089]]],"type":"MultiPolygon","properties":{"F_KAW":"APL"}},{"arcs":[[[-1948,3090]],[[-1950,3091]],[[-1952,3092]],[[-1954,3093]],[[-1956,3094,-1958,3095]]],"type":"MultiPolygon","properties":{"F_KAW":"SM"}}]}}}