{"type":"Topology","arcs":[[[68085,6036],[-7,-8],[0,19],[9,10],[8,1],[2,-13],[-12,-9]],[[68254,6045],[-3,-5],[-7,3],[4,5],[6,-3]],[[68172,6034],[-17,-1],[-10,7],[-13,-12],[-3,4],[-9,-3],[-9,6],[14,14],[7,-8],[2,9],[-3,10],[5,3],[13,-7],[13,-14],[11,3],[4,-3],[-5,-8]],[[68209,6051],[-19,1],[-2,5],[1,8],[4,4],[7,-11],[13,-2],[-4,-5]],[[68181,6063],[-1,-4],[-6,4],[7,0]],[[68091,6069],[-2,-8],[-6,0],[4,9],[4,-1]],[[69349,6074],[-2,-3],[-4,4],[4,2],[2,-3]],[[69580,6067],[-3,18],[11,-2],[4,-8],[-2,-6],[-5,-5],[-5,3]],[[68117,6060],[-5,-6],[-12,0],[-8,26],[-4,-5],[-6,4],[-4,-2],[1,-9],[-2,-4],[-5,1],[-4,-5],[-2,3],[4,19],[5,3],[1,7],[20,3],[12,-4],[14,-16],[2,-7],[-7,-8]],[[69619,6088],[-4,-27],[-8,1],[-3,12],[6,20],[5,3],[4,-9]],[[68145,6087],[3,1],[12,-15],[-5,-1],[-10,6],[0,9]],[[69326,6084],[1,-5],[-3,-2],[-2,3],[4,4]],[[69495,6089],[2,26],[7,5],[8,-1],[10,-7],[13,-23],[-1,-22],[-9,-12],[-8,0],[-12,16],[0,7],[-10,11]],[[69325,6118],[2,10],[5,1],[-7,-11]],[[69341,6149],[0,-6],[-7,-10],[-3,0],[0,7],[10,9]],[[69601,6153],[-1,15],[14,-3],[-2,-8],[-11,-4]],[[65077,6992],[-18,13],[-32,35],[-21,37],[-20,23],[-23,72],[2,36],[11,26],[17,5],[12,-2],[30,-24],[19,-10],[12,-19],[20,-18],[22,-29],[20,-36],[4,-20],[0,-55],[-11,-28],[-22,-9],[-2,-6],[-20,9]],[[71739,10375],[39,-25],[21,-10],[35,-27],[12,-7],[6,4],[7,-2],[17,-23],[30,-79],[25,-45],[6,-20],[16,-19],[30,-23],[28,-48],[11,-6],[14,1],[13,-6],[38,-33],[25,-11],[16,-30],[7,-23],[13,-5],[22,-18],[40,-23],[28,5],[15,-6],[21,-22],[15,-10],[15,-21],[13,-10],[20,-20],[8,-12],[16,-13],[30,-13],[50,5],[11,-4],[8,1],[24,-14],[14,5],[16,-15],[10,0],[31,-30],[17,-28],[26,-16],[35,-62],[42,-33],[41,-82],[30,-28],[18,-5],[37,-26],[26,-10],[6,1],[7,6],[7,-2],[12,-26],[-3,-4],[-5,4],[-1,-6],[9,-8],[-3,-8],[6,-2],[2,-6],[-8,-10],[9,-13],[-11,-9],[0,-7],[4,-8],[10,5],[8,-6],[2,-5],[-5,0],[-2,-4],[16,-32],[0,-4],[-6,-3],[4,-14],[-6,-12],[6,-9],[-9,-8],[7,-10],[-7,-9],[1,-14],[4,-6],[15,4],[8,-13],[-3,-12],[0,-30],[-3,-22],[1,-22],[6,-15],[4,-31],[-2,-25],[-5,-14],[-12,-6],[-3,-11],[17,-62],[6,-10],[-2,-6],[-12,-8],[0,-5],[1,-26],[7,-16],[4,-26],[-3,-22],[9,-102],[-3,-12],[-16,-28],[-4,-16],[2,-9],[11,-13],[22,-2],[8,-7],[4,-21],[12,-3],[2,-6],[4,-25],[-17,-35],[0,-4],[15,15],[8,-3],[-8,-38],[7,-3],[-2,-7],[-19,-23],[2,-68],[-7,-42],[-6,-17],[-17,-14],[-2,-16],[-6,-7],[-4,-16],[-14,-16],[-8,2],[-27,31],[-16,26],[-22,24],[-13,2],[-13,9],[-2,15],[-4,6],[-23,7],[-20,55],[-22,-3],[-13,-14],[-19,4],[-23,-12],[-15,5],[-18,22],[-16,13],[-25,1],[-22,8],[-3,11],[8,32],[-8,40],[-14,33],[-16,18],[-11,6],[-18,49],[-7,6],[-21,-21],[-6,0],[-6,12],[-10,-7],[-37,3],[-9,5],[-15,-1],[-5,-5],[-3,-21],[-6,8],[-10,30],[-10,13],[-11,4],[-7,20],[-28,14],[-26,30],[-21,13],[-11,33],[-7,8],[-3,-3],[-8,6],[-13,16],[-19,3],[-9,-3],[-7,-24],[-10,21],[-7,6],[-10,0],[-17,-15],[-31,-3],[-18,9],[-4,12],[18,30],[-14,32],[-3,16],[3,32],[-4,13],[-10,13],[-8,18],[-3,48],[-14,44],[-18,21],[-5,34],[-42,65],[-12,40],[-3,22],[-20,38],[-13,9],[-4,-3],[-2,-11],[-9,-11],[7,22],[-6,13],[-4,3],[-6,-23],[-10,-9],[-3,2],[10,20],[-7,-2],[-3,-5],[-5,-3],[-2,5],[4,9],[16,11],[3,7],[3,76],[-9,24],[-16,24],[-29,0],[-5,4],[0,11],[-14,7],[-17,26],[-34,30],[-13,16],[-19,26],[-30,56],[-8,22],[-16,22],[-13,41],[-2,89],[-6,26],[-13,37],[-21,31],[-90,72],[-18,5],[-23,-7],[-6,4],[-9,7],[-11,28],[-10,4],[-11,-2],[-4,33],[-6,8],[3,26],[19,25],[0,31],[6,27],[0,45],[-6,54],[-19,85],[4,11],[10,1],[1,4],[-9,88],[8,27],[7,10],[39,6],[30,-2],[56,-18],[9,-6],[44,-62],[54,-41],[11,-3]],[[69071,11617],[6,-3],[-4,-2],[-2,5]],[[74842,11781],[4,-4],[-2,-11],[-11,5],[0,8],[6,5],[3,-3]],[[74780,11804],[7,-9],[0,-6],[-8,1],[-8,10],[2,4],[7,0]],[[74914,11858],[-1,5],[4,3],[-3,-8]],[[74929,11863],[-2,-1],[0,9],[4,1],[-2,-9]],[[75011,11948],[-3,-1],[0,6],[11,3],[-8,-8]],[[74917,11985],[9,5],[4,-9],[-5,-2],[-3,5],[-5,-4],[-2,3],[2,2]],[[48944,32109],[-1,53],[8,9],[0,7],[-12,28],[-35,30],[-7,28],[2,14],[-3,24],[7,22],[-4,38],[-5,7],[-17,6],[-28,19],[-5,8],[0,16],[13,29],[15,13],[14,-6],[22,6],[5,-4],[9,-19],[19,-6],[15,50],[29,7],[10,11],[2,16],[-7,11],[-3,22],[3,49],[-3,64],[-10,21],[5,9],[2,48],[5,6],[7,1],[11,-7],[7,-10],[13,1],[6,12],[11,64],[6,6],[11,0],[6,4],[11,20],[2,12],[-10,30],[-3,33],[8,7],[3,22],[14,14],[1,20],[13,-5],[8,2],[6,-5],[2,-13],[-9,-11],[-2,-9],[2,-8],[8,-9],[17,4],[12,27],[22,2],[7,-5],[7,-7],[6,-23],[-5,-35],[8,-20],[5,-5],[24,4],[31,-4],[0,-16],[4,-6],[12,17],[0,13],[18,-2],[9,7],[-3,26],[2,10],[4,2],[19,-9],[9,1],[9,-7],[14,9],[25,-7],[20,9],[9,16],[20,4],[15,13],[51,-3],[24,18],[18,18],[8,18],[-4,40],[2,19],[-4,9],[-54,21],[-4,6],[2,7],[45,96],[14,21],[9,10],[21,7],[63,85],[42,33],[21,32],[46,84],[3,17],[-3,5],[-12,-1],[-7,-13],[-7,5],[19,55],[13,-7],[20,-1],[16,-33],[6,-6],[6,6],[-6,19],[-1,13],[5,8],[29,11],[14,-8],[0,-10],[-16,-42],[1,-11],[6,-10],[20,-17],[3,-16],[8,-3],[9,0],[12,13],[40,11],[10,10],[13,21],[5,1],[12,-6],[9,1],[16,24],[21,54],[14,58],[2,49],[8,33],[8,13],[16,5],[23,-6],[5,6],[3,12],[5,3],[20,-9],[7,2],[7,7],[19,38],[52,69],[10,5],[22,-2],[18,12],[13,26],[2,30],[4,14],[11,9],[32,10],[1,6],[-10,27],[19,31],[11,6],[11,-6],[8,-17],[-2,-30],[5,-10],[4,-1],[9,10],[19,6],[1,24],[9,9],[6,20],[16,12],[20,-3],[21,-15],[20,2],[19,-10],[5,9],[-4,17],[3,7],[37,14],[11,14],[13,26],[17,15],[14,5],[29,2],[20,14],[5,0],[12,-11],[11,2],[5,11],[2,18],[0,47],[5,12],[9,10],[15,6],[23,-13],[18,27],[11,9],[22,-14],[29,18],[-1,8],[-11,16],[-1,7],[5,20],[8,11],[25,14],[37,-4],[28,2],[16,37],[25,76],[9,18],[13,8],[23,-8],[15,0],[22,7],[20,12],[11,10],[18,27],[7,31],[11,22],[45,44],[8,12],[3,11],[-6,7],[-20,14],[-5,18],[-12,24],[4,13],[8,9],[34,12],[10,13],[2,13],[-6,12],[-14,16],[-5,21],[26,61],[14,18],[27,-12],[11,9],[6,12],[300,407],[363,8],[314,101],[449,403],[2,10]],[[52643,35805],[28,-16],[67,-14],[15,-10],[21,-6],[9,-7],[3,-24],[-9,-73],[7,-70],[-1,-28],[19,-68],[13,0],[23,9],[30,-2],[22,-12],[16,15],[29,5],[16,10],[12,-17],[8,-28],[3,-21],[22,-21],[12,-17],[31,-90],[14,-19],[11,-2],[7,25],[0,21],[8,15],[8,5],[14,0],[14,-8],[16,-1],[27,2],[9,-13],[23,-10],[23,-19],[37,-3],[19,-34],[21,-17],[22,-28],[12,-10],[-1,-33],[-14,-70],[-3,-27],[-17,-29],[-47,-40],[6,-30],[-9,-22],[-6,-25],[2,-11],[15,-27],[17,-110],[19,-13],[4,-6],[2,-21],[-8,-18],[18,-34],[3,-28],[22,-1],[32,-12],[7,3],[8,14],[10,8],[28,-1],[45,24],[43,-25],[25,11],[25,0],[33,-30],[30,4],[13,-6],[11,0],[30,19],[15,-8],[51,-54],[7,-14],[31,-92],[3,-36],[15,-56],[1,-21],[19,-1],[24,-10],[37,-8],[32,-22],[2,-4],[-6,-22],[20,-24],[11,-21],[15,-19],[0,-18],[5,-16],[37,-68],[25,-28],[6,-28],[2,-35],[15,-17],[43,-25],[8,-14],[0,-47],[-5,-59],[44,-50],[8,-38],[12,-19],[2,-12],[-3,-29],[-22,-63],[-13,-46],[-17,-122],[3,-47],[10,-37],[-4,-59],[-23,-95],[1,-22],[-17,-51],[3,-95],[-17,-33],[-46,-35],[-30,-29],[-49,-91],[-35,-47],[-126,-313],[-31,-89],[-62,-138],[-6,-107],[37,-65],[89,-11],[125,-3],[124,61],[1366,847],[53,-127],[35,-71],[12,-22],[14,-15],[6,-21],[17,-26],[357,-385],[34,-23],[19,4],[30,24],[10,-3],[38,-27],[22,-10],[42,3],[63,-33],[21,-3],[26,4],[53,18],[59,65],[28,25],[4,8],[2,24],[5,14],[16,-7],[11,1],[22,20],[12,4],[19,-2],[13,-7],[41,-54],[12,-22],[9,-8],[19,-11],[43,-9],[9,-6],[9,3],[15,14],[8,36],[26,7],[12,17],[22,16],[9,29],[15,27],[8,34],[21,28],[13,7],[11,-9],[28,-40],[46,-30],[38,-42],[26,-19],[217,121],[21,0],[7,15],[7,5],[31,12],[37,22],[29,-7],[25,-12],[23,12],[28,2],[57,-36],[28,-8],[27,4],[31,-4],[23,24],[41,-1],[20,8],[18,2],[29,37],[2,16],[-4,70],[12,17],[23,10],[20,37],[34,25],[21,37],[0,21],[-16,57],[50,42],[45,17],[12,19],[30,-4],[1,-46],[5,-33],[5,-16],[16,-27],[24,-10],[37,4],[11,-9],[7,-13],[3,-51],[8,-53],[12,-33],[8,-9],[19,-7],[4,-50],[8,-26],[2,-36],[12,-42],[-2,-13],[-21,-37],[0,-26],[8,-31],[23,-4],[24,-14],[21,0],[14,-9],[25,1],[18,-10],[59,-3],[41,-70],[18,1],[57,-17],[5,-39],[9,-23],[35,-25],[15,3],[6,-26],[7,-6],[19,-4],[14,-17],[18,-2],[13,5],[29,-12],[39,-28],[23,5],[34,-38],[24,-6],[25,2],[29,-11],[9,1],[34,28],[24,11],[8,-3],[18,-38],[7,-6],[36,14],[87,-6],[93,-70],[7,4],[35,2],[74,24],[18,18],[41,68],[43,21],[37,13],[29,4],[39,-12],[21,-2],[11,2],[25,14],[9,-52],[30,-46],[15,-47],[39,10],[18,49],[40,41],[33,-29],[23,-6],[10,2],[15,14],[24,36],[27,23],[4,11],[7,42],[10,30],[5,71],[11,25],[11,6],[25,3],[10,6],[34,45],[19,10],[26,31],[35,11],[12,-6],[21,10],[35,0],[29,14],[9,-2],[38,15],[8,12],[6,20],[13,16],[8,28],[20,15],[31,125],[54,92],[85,158],[10,3],[9,-7],[14,24],[3,15],[-6,38],[10,17],[12,2],[2,6],[-6,40],[3,25],[39,59],[1,8],[-2,14],[6,11],[2,24],[17,33],[4,13],[-16,31],[-3,20],[-1,28],[4,46],[-2,54],[-18,56],[14,77],[60,-36],[37,-2],[38,14],[12,-5],[28,0],[18,27],[22,-6],[18,17],[13,6],[18,-6],[12,10],[43,14],[27,24],[29,12],[28,27],[31,1],[24,8],[15,-15],[31,-22],[14,-3],[20,5],[1,-13],[24,-23],[13,-35],[26,-1],[12,-10],[22,-57],[33,-50],[2,-8],[-2,-40],[11,-19],[11,-36],[18,-38],[16,-15],[14,-35],[11,-10],[-5,-17],[15,-21],[7,-33],[22,-21],[24,-46],[14,-3],[31,6],[32,13],[46,-17],[37,12],[20,-1],[8,-2],[30,-22],[27,-4],[17,-12],[39,-11],[55,-4],[15,-9],[40,17],[46,38],[17,-7],[22,3],[9,6],[6,-8],[9,0],[16,-11],[19,4],[9,14],[14,35],[7,9],[21,16],[22,2],[14,10],[1,30],[3,6],[8,1],[15,-8],[13,3],[7,39],[17,4],[6,11],[22,14],[11,18],[0,17],[2,5],[19,19],[13,19],[6,0],[7,-7],[6,2],[27,44],[7,22],[-1,9],[-10,29],[-7,9],[1,8],[7,9],[0,7],[-2,6],[-8,3],[-1,15],[5,10],[13,7],[6,21],[-4,3],[-17,-1],[-4,8],[11,19],[-3,17],[22,3],[13,12],[8,-4],[4,4],[-3,19],[-14,12],[2,10],[8,7],[-5,11],[1,28],[20,19],[10,2],[33,18],[37,-6],[17,20],[18,-3],[22,6],[7,-8],[1,-17],[6,-7],[6,1],[15,14],[8,1],[3,-9],[-5,-27],[8,-16],[14,-8],[12,-19],[30,-6],[7,-9],[2,-12],[33,-7],[9,-14],[12,-7],[14,-34],[9,4],[2,16],[5,6],[9,0],[16,-6],[16,1],[9,4],[16,17],[10,1],[15,-40],[13,-2],[7,-21],[15,-6],[24,-31],[20,3],[13,-11],[12,6],[6,-3],[2,-25],[13,-30],[5,0],[9,11],[12,-7],[13,9],[9,-8],[45,-2],[16,19],[9,2],[16,-20],[11,6],[14,-20],[18,5],[18,-10],[5,10],[10,-1],[40,-61],[20,7],[20,-15],[17,-6],[11,-11],[14,2],[34,-9],[41,6],[33,-18],[28,-2],[20,-8],[10,4],[10,17],[10,11],[-1,22],[37,30],[12,20],[13,15],[2,10],[-6,27],[4,38],[18,27],[12,29],[27,36],[6,13],[22,9],[13,18],[46,134],[30,28],[13,-3],[9,4],[12,15],[23,15],[14,16],[31,18],[3,11],[-7,18],[1,7],[11,7],[11,23],[35,46],[25,8],[8,9],[2,24],[15,17],[3,24],[8,25],[-13,28],[-2,21],[-21,54],[18,52],[-17,14],[12,15],[25,2],[20,24],[8,22],[0,38],[17,33],[8,28],[22,17],[20,42],[26,25],[29,37],[9,32],[10,6],[1,33],[-56,-39],[-7,9],[-32,8],[-13,-12],[-25,-5],[-19,-17],[-24,-12],[-8,2],[-14,14],[-11,1],[-15,-12],[-34,-15],[-29,18],[-16,19],[-4,0],[-8,-9],[-7,-1],[-21,18],[-4,-1],[-2,-14],[-15,3],[-11,-4],[-17,0],[-14,-6],[-3,-4],[-2,-15],[-4,0],[-40,26],[-15,-4],[-24,21],[-46,3],[-14,11],[-14,4],[-7,10],[-10,3],[-2,8],[4,11],[-4,16],[-13,14],[-1,12],[-13,9],[-3,12],[-5,3],[-2,7],[-7,0],[-11,-10],[-6,1],[-16,8],[-11,18],[-1,14],[4,6],[21,-6],[7,7],[-2,10],[-16,31],[-8,0],[-20,-16],[-4,10],[12,26],[-1,5],[-17,1],[-4,4],[-2,15],[-15,6],[-6,15],[-21,5],[-9,12],[-17,7],[0,31],[-3,13],[-1,37],[-4,4],[-24,5],[-1,15],[-6,16],[2,11],[16,13],[-8,32],[0,9],[8,39],[15,12],[4,7],[0,20],[-7,5],[-27,-1],[-3,33],[-19,24],[-7,1],[-8,-8],[-5,0],[-4,32],[-19,22],[1,9],[13,15],[-4,17],[-11,8],[-21,0],[-2,13],[8,13],[0,10],[-37,45],[-11,9],[-3,20],[-11,17],[-3,16],[-15,17],[7,22],[-5,28],[-9,4],[-12,-11],[-3,4],[-4,27],[-3,3],[-24,0],[-5,19],[-16,24],[3,5],[17,6],[4,13],[-19,7],[-5,32],[-7,13],[-24,4],[-1,11],[17,11],[0,12],[-15,31],[-6,4],[-13,-3],[-3,4],[3,18],[21,11],[17,35],[-3,8],[-17,9],[6,32],[7,9],[17,3],[3,10],[-24,30],[-10,3],[-16,-4],[-6,4],[-2,10],[7,21],[0,7],[-28,9],[2,25],[-2,8],[-30,-12],[-11,16],[-20,2],[-6,5],[-5,13],[0,35],[-3,12],[-6,7],[-21,4],[-9,15],[17,49],[-2,24],[31,9],[20,27],[7,28],[-4,58],[-21,30],[-6,15],[2,30],[19,34],[-3,12],[-11,17],[11,32],[-10,18],[-6,29],[3,8],[17,2],[13,10],[3,4],[0,10],[-5,29],[-10,24],[-11,14],[-8,3],[-11,-3],[-3,4],[-3,9],[6,21],[0,17],[-21,58],[35,60],[-8,9],[-22,48],[2,9],[35,56],[-15,33],[-16,-4],[7,58],[5,12],[20,8],[7,10],[-1,9],[-6,14],[3,34],[9,32],[20,45],[6,1],[0,-18],[6,-11],[18,-10],[17,23],[23,24],[-2,12],[-9,18],[-11,7],[-15,0],[-4,3],[1,18],[-8,35],[11,12],[-1,12],[-22,14],[-21,-1],[-25,14],[-4,7],[0,9],[9,25],[0,9],[-7,5],[-15,2],[-6,6],[1,9],[60,44],[0,9],[-8,9],[-14,35],[-8,41],[1,15],[9,20],[0,14],[-23,15],[-6,27],[1,8],[28,35],[-342,17],[-8,17],[0,9],[3,9],[9,6],[3,17],[-14,13],[-2,25],[6,17],[-2,10],[-5,11],[-16,-2],[-7,7],[0,19],[11,40],[-12,21],[-1,10],[4,7],[17,11],[-6,15],[-11,13],[-3,8],[4,12],[9,11],[29,8],[6,9],[1,6],[-11,16],[-20,7],[-13,26],[0,9],[8,0],[9,10],[1,21],[-4,9],[-23,15],[-3,12],[4,5],[44,-7],[4,8],[-3,12],[-15,18],[-6,28],[-7,3],[-20,-4],[-9,5],[-3,9],[12,22],[42,43],[2,27],[-6,29],[6,10],[10,5],[7,12],[0,36],[6,0],[9,-13],[7,-2],[13,23],[0,44],[-10,37],[-9,18],[1,11],[28,45],[18,67],[29,6],[9,11],[3,43],[-6,37],[11,23],[1,20],[-22,52],[-13,48],[-34,4],[-5,6],[4,9],[20,11],[18,51],[25,16],[0,11],[-11,3],[-1,4],[15,52],[-1,12],[-5,12],[-2,21],[5,40],[-22,23],[-3,20],[2,11],[24,9],[33,6],[2,16],[-7,32],[3,11],[34,-15],[14,11],[30,75],[-5,52],[35,6],[20,18],[24,-6],[24,15],[20,-6],[12,1],[63,36],[8,41],[12,16],[2,8],[-1,10],[-8,7],[-3,25],[5,4],[24,-4],[10,11],[7,29],[8,15],[3,14],[-3,70],[10,17],[18,5],[5,-2],[-1,-30],[3,-9],[16,-19],[13,-7],[18,6],[26,-1],[31,18],[14,1],[10,6],[16,64],[-2,19],[-8,28],[1,10],[16,43],[6,1],[-1,4],[3,3],[17,4],[12,15],[31,60],[1,9],[-14,25],[1,7],[12,11],[9,3],[14,-22],[7,-1],[8,24],[25,33],[2,11],[-6,15],[1,9],[21,1],[3,4],[-8,82],[-4,6],[-11,6],[-4,11],[-1,15],[6,18],[27,37],[35,6],[18,22],[11,21],[28,13],[25,23],[15,7],[-61,703],[-55,476],[-20,-23],[-7,-20],[-10,8],[-11,-7],[-31,-1],[-18,-14],[-13,4],[-14,-13],[-15,12],[-6,31],[-19,13],[-15,24],[-12,11],[-19,3],[-2,-10],[6,-9],[-10,-7],[-25,78],[-22,134],[-65,258],[-29,169],[-58,272],[-43,218],[10,-8],[7,-25],[14,-1],[15,7],[13,-11],[11,19],[4,25],[14,8],[31,6],[13,-7],[21,-23],[11,2],[28,15],[0,-17],[20,-26],[142,-4],[-25,349],[-18,63],[0,44],[11,-2],[5,5],[2,44],[7,0],[9,-7],[11,3],[14,17],[7,1],[1,17],[-6,20],[-9,17],[-27,9],[-7,17],[-9,10],[-16,75],[-3,36],[1,53],[-8,14],[-19,17],[-8,26],[-1,30],[4,28],[23,30],[-20,77],[1,39],[-6,7],[-20,3],[-4,5],[-4,39],[0,16],[4,12],[-33,69],[-19,87],[25,29],[13,9],[-16,135],[197,667],[11,12],[32,9],[4,6],[4,19],[-3,25],[10,8],[2,6],[-1,17],[-6,14],[1,17],[-5,22],[4,13],[-2,14],[1,18],[8,8],[1,8],[7,4],[3,10],[21,6],[16,15],[19,8],[9,28],[11,7],[6,23],[12,6],[2,17],[15,0],[3,3],[4,17],[-7,24],[2,11],[4,2],[5,-5],[17,16],[-5,27],[5,32],[-7,29],[1,13],[5,14],[5,0],[2,6],[6,3],[2,12],[22,12],[0,16],[-10,5],[-1,9],[10,21],[30,25],[1,7],[-5,3],[-4,17],[1,6],[9,1],[3,6],[-4,18],[-6,2],[3,19],[8,0],[6,11],[1,14],[-4,15],[8,29],[-1,18],[-4,12],[4,18],[8,9],[15,6],[3,13],[-3,13],[4,5],[1,11],[18,10],[10,-3],[6,6],[4,19],[-7,20],[4,18],[13,-3],[9,5],[3,-2],[2,3],[-4,4],[2,2],[11,-3],[17,-19],[4,14],[12,2],[4,11],[-4,11],[-1,14],[6,2],[1,-13],[10,3],[0,10],[6,3],[5,12],[0,13],[14,11],[11,34],[-2,8],[7,7],[19,-2],[4,30],[7,15],[4,2],[15,-14],[5,-1],[13,12],[6,0],[6,9],[9,-3],[1,6],[-5,6],[3,7],[20,-1],[2,20],[7,3],[8,16],[3,20],[5,11],[21,12],[11,15],[16,8],[6,18],[13,13],[0,12],[7,16],[21,20],[19,5],[22,42],[14,10],[5,29],[4,2],[6,-4],[2,5],[4,0],[1,-13],[6,-3],[22,6],[1,21],[5,14],[12,5],[6,10],[14,10],[26,13],[16,20],[2,18],[-8,15],[-1,16],[3,8],[13,8],[4,28],[11,18],[-7,24],[-14,15],[2,8],[11,-2],[6,5],[1,10],[-4,13],[-11,2],[-1,7],[18,24],[5,14],[-6,9],[-1,11],[-9,8],[0,4],[7,10],[9,-3],[12,4],[20,27],[0,4],[-16,6],[3,22],[-23,29],[0,16],[16,38],[4,23],[0,11],[-8,7],[-1,6],[8,17],[14,12],[0,23],[7,17],[-1,6],[-8,5],[0,5],[23,18],[-1,12],[3,10],[-6,11],[0,6],[7,5],[9,32],[13,1],[0,13],[-11,22],[12,9],[25,10],[9,16],[48,31],[11,-6],[13,3],[13,-12],[10,4],[3,-8],[6,-3],[6,3],[12,14],[12,5],[8,16],[-6,17],[16,11],[-3,23],[8,7],[3,15],[4,4],[4,-10],[7,-1],[22,15],[1,9],[-10,13],[-2,9],[1,12],[5,7],[17,-7],[20,9],[10,-19],[11,-1],[0,-10],[3,-2],[5,3],[20,32],[9,4],[9,-10],[3,-10],[11,-6],[0,-3],[-8,-3],[-1,-4],[7,-6],[1,-8],[5,-2],[4,8],[-5,10],[14,3],[6,4],[-1,4],[-8,3],[2,7],[9,2],[-5,9],[9,6],[10,-5],[2,6],[-4,10],[3,8],[8,5],[28,-5],[12,4],[14,-14],[0,16],[2,2],[7,-7],[6,1],[-7,17],[3,7],[12,-8],[12,2],[11,-12],[6,12],[5,1],[12,-12],[42,41],[3,37],[3,4],[7,0],[-16,12],[14,14],[8,3],[1,12],[-4,15],[2,12],[3,2],[11,-13],[7,-1],[1,19],[8,10],[3,10],[14,4],[12,-3],[14,24],[11,7],[0,6],[-9,7],[-1,10],[3,3],[10,0],[1,6],[-17,33],[1,21],[11,6],[-6,10],[6,13],[7,-4],[45,36],[8,-10],[7,-2],[2,-14],[14,11],[-2,15],[-17,13],[0,13],[9,10],[6,0],[-6,-14],[0,-7],[18,13],[14,40],[6,8],[-3,17],[2,8],[4,1],[4,-8],[8,2],[13,17],[-6,9],[1,7],[14,4],[6,9],[12,0],[8,21],[22,3],[25,-11],[10,10],[4,12],[20,-5],[7,2],[4,7],[-2,13],[8,10],[7,-1],[5,-18],[10,18],[11,2],[3,5],[3,11],[-3,13],[12,7],[-5,6],[1,27],[-13,15],[-1,12],[9,19],[7,25],[-8,32],[-8,15],[-11,4],[2,26],[7,6],[-3,23],[16,4],[5,13],[32,20],[1,19],[12,20],[5,-19],[2,-2],[11,17],[38,3],[0,12],[3,3],[22,-7],[12,20],[-13,0],[0,6],[28,16],[21,1],[2,5],[-10,3],[0,6],[22,-2],[4,5],[3,18],[4,-1],[0,-11],[11,4],[4,7],[-8,7],[16,4],[11,14],[17,5],[11,16],[11,-1],[13,-25],[14,0],[4,-18],[9,5],[7,-8],[14,2],[18,-19],[21,15],[6,-4],[2,-21],[6,3],[1,-3],[-4,-11],[13,-6],[1,-16],[11,-11],[-1,-6],[-8,-6],[12,-10],[-1,-13],[4,-10],[-16,-3],[3,-29],[16,-13],[6,-30],[25,-8],[5,-5],[1,-14],[-5,-17],[10,-11],[-2,-11],[10,-6],[-3,-14],[6,-9],[12,-4],[23,9],[5,-4],[10,-18],[0,-12],[11,-8],[3,-7],[10,0],[20,-16],[13,-2],[13,1],[7,12],[13,5],[5,25],[16,-12],[7,2],[0,10],[-7,12],[3,11],[27,-6],[16,-12],[11,3],[11,16],[11,38],[23,25],[20,11],[2,6],[-5,8],[2,5],[7,2],[1,17],[34,29],[6,13],[13,11],[4,9],[-2,8],[-15,-1],[13,28],[-6,31],[4,3],[16,-1],[6,5],[0,6],[-17,15],[1,7],[9,5],[-1,17],[-29,54],[-10,22],[0,11],[7,0],[16,-13],[10,-27],[9,-8],[4,1],[14,19],[-1,6],[-11,12],[2,9],[16,-5],[6,-12],[12,6],[4,10],[-2,21],[14,-6],[9,11],[-3,17],[-15,10],[1,14],[15,24],[13,6],[8,-4],[5,6],[1,8],[-11,11],[2,11],[16,3],[11,-8],[0,-12],[-10,-30],[15,-11],[0,-20],[7,-2],[2,4],[-3,19],[2,9],[8,-2],[2,-62],[6,0],[3,18],[5,3],[9,-5],[5,-10],[17,4],[9,-9],[6,-17],[-4,-9],[-26,11],[-4,-4],[0,-10],[8,-10],[-3,-17],[15,-6],[12,-12],[10,4],[16,20],[-3,16],[-7,16],[2,4],[4,1],[8,-7],[7,-14],[0,-8],[-5,-6],[2,-8],[7,-8],[9,0],[3,3],[1,19],[15,36],[13,10],[4,32],[13,3],[1,10],[9,10],[14,-5],[0,6],[-16,22],[2,17],[9,15],[11,6],[13,-4],[7,14],[10,-1],[6,-17],[-8,-20],[12,-16],[-11,-23],[3,-10],[7,-1],[5,5],[3,20],[5,7],[9,-3],[5,-20],[4,-4],[23,14],[1,14],[9,13],[-6,10],[1,10],[22,15],[22,51],[13,-1],[4,5],[-1,7],[-8,14],[1,15],[14,20],[14,3],[6,14],[-3,9],[-11,9],[1,5],[6,4],[8,-7],[15,9],[2,7],[-3,17],[5,14],[11,-17],[7,1],[6,48],[7,7],[8,-4],[5,2],[1,6],[-5,7],[-19,4],[-2,22],[-6,8],[1,7],[15,11],[16,-16],[9,0],[1,7],[-7,7],[-1,6],[12,17],[5,3],[6,-8],[14,-33],[6,-32],[10,2],[2,19],[5,6],[11,-11],[7,1],[10,14],[-3,14],[-11,17],[-2,10],[9,39],[32,6],[9,18],[7,5],[9,-7],[16,-24],[10,-1],[2,6],[0,24],[19,14],[7,26],[6,7],[34,-20],[7,-9],[4,-18],[-6,-5],[-6,5],[-6,21],[-7,-2],[0,-14],[8,-17],[36,-29],[12,-3],[14,227],[1,118],[220,-17],[7,100],[127,42],[107,46],[71,37],[134,91],[100,79],[78,21],[179,94],[120,50],[37,37],[130,101],[54,33],[-2,68],[9,-3],[5,9],[11,2],[9,21],[3,-2],[-1,-27],[12,21],[14,-2],[6,15],[8,0],[-3,12],[10,0],[3,8],[7,0],[6,-19],[8,5],[10,-9],[12,10],[3,-7],[9,-5],[1,9],[-4,12],[16,19],[2,14],[-1,9],[15,1],[4,18],[11,3],[5,8],[17,6],[-3,29],[9,1],[2,-11],[4,-1],[3,17],[6,-6],[2,2],[-4,16],[14,16],[-4,8],[-8,-6],[-4,1],[-1,7],[5,8],[3,20],[-17,11],[-4,22],[-8,1],[8,15],[2,26],[13,9],[9,-5],[1,14],[7,2],[2,22],[7,-3],[3,-14],[8,9],[-2,-16],[5,-5],[15,10],[-5,7],[3,5],[17,8],[5,7],[10,-1],[4,13],[8,-8],[9,2],[2,4],[-5,7],[-1,17],[6,12],[3,-1],[1,-12],[4,-6],[12,-4],[12,6],[8,22],[0,26],[9,13],[12,0],[5,9],[9,2],[-7,24],[25,9],[5,-9],[13,-2],[12,14],[13,25],[14,-3],[13,-17],[19,3],[7,22],[-2,9],[10,1],[7,-25],[3,-55],[15,-8],[1,-15],[12,-38],[13,-5],[22,-18],[-10,-25],[-16,-18],[-33,-12],[-18,-22],[-12,-3],[-4,-16],[-11,-8],[-1,-17],[-24,-21],[-3,-9],[7,-33],[11,-25],[-2,-12],[3,-39],[15,-27],[-5,-15],[22,2],[5,9],[5,3],[12,-10],[8,-1],[2,-23],[-10,-6],[9,-14],[-2,-24],[4,-25],[6,-5],[16,0],[0,-18],[11,-11],[-11,-25],[-5,-26],[-15,-15],[-14,-2],[-18,13],[-12,-14],[-18,4],[0,-9],[6,-14],[5,-37],[27,-42],[12,-6],[23,-28],[22,-10],[38,4],[42,-34],[137,0],[1,27],[16,0],[0,30],[21,15],[2,-6],[21,-10],[20,-2],[17,-37],[20,0],[10,-6],[16,-1],[14,-18],[27,-11],[17,57],[3,30],[13,-19],[14,-29],[82,-42],[24,-4],[28,-28],[13,-8],[0,-18],[23,-1],[98,-19],[10,-5],[53,-49],[20,-34],[32,-13],[37,-29],[24,-12],[81,-63],[130,19],[1,12],[-19,88],[39,73],[9,2],[55,-11],[58,8],[73,-67],[78,-29],[61,-45],[32,-51],[11,-49],[11,21],[14,15],[66,37],[18,-6],[11,-20],[10,-6],[132,0],[22,-11],[12,4],[26,27],[5,19],[11,10],[9,41],[17,12],[29,-4],[6,-6],[13,3],[36,-21],[18,5],[11,7],[8,-4],[11,6],[3,-8],[15,-11],[21,1],[10,-11],[6,5],[4,12],[11,11],[8,1],[0,-10],[3,0],[13,23],[8,0],[17,-13],[15,13],[4,14],[9,1],[7,8],[0,31],[16,-2],[1,15],[12,5],[0,7],[-4,7],[3,13],[13,11],[10,-7],[3,8],[-1,14],[12,1],[9,17],[11,2],[10,-6],[-3,15],[5,4],[1,13],[12,-10],[19,6],[5,-15],[8,9],[2,-13],[12,2],[11,-4],[15,4],[7,14],[0,11],[7,-1],[6,9],[8,-6],[3,6],[6,1],[4,-7],[4,6],[11,4],[-4,-6],[1,-4],[30,-13],[19,16],[5,-5],[-3,-14],[6,-4],[2,-8],[8,-9],[4,-20],[4,2],[-3,17],[5,4],[6,-10],[15,-1],[3,-12],[4,11],[11,9],[5,13],[7,-4],[18,4],[-4,28],[8,1],[6,15],[7,0],[4,-7],[4,1],[2,-8],[6,-1],[13,13],[5,10],[4,1],[3,-3],[1,-8],[23,-19],[1,-9],[7,-5],[3,-11],[9,-10],[6,-19],[28,-7],[8,-29],[9,0],[-6,-12],[5,-2],[4,5],[0,-11],[5,0],[2,12],[8,-1],[3,7],[10,-5],[5,2],[5,-17],[3,1],[1,8],[1,-1],[1,-14],[3,-4],[5,4],[6,14],[8,3],[1,18],[10,5],[8,-8],[15,1],[15,-44],[5,-2],[3,4],[-3,16],[2,3],[8,-24],[0,-9],[9,-4],[4,-38],[4,2],[2,15],[5,-3],[0,-11],[-5,-7],[9,-2],[-6,-6],[11,-25],[13,12],[3,-4],[9,-1],[4,-10],[11,-1],[3,-7],[11,0],[13,-14],[-1,-19],[5,-5],[8,-2],[0,9],[10,-4],[13,3],[22,-27],[-6,-12],[2,-12],[12,-3],[12,7],[10,-2],[16,-26],[2,-8],[10,-14],[-1,-7],[16,-34],[22,-8],[12,1],[8,-15],[9,-1],[-3,-7],[4,-7],[5,0],[6,17],[9,-4],[6,-10],[-5,-15],[-2,-32],[13,-9],[1,-14],[6,-1],[11,23],[-2,10],[13,12],[9,1],[7,-6],[6,12],[-2,5],[0,11],[-8,-4],[7,13],[8,0],[9,5],[6,-8],[-1,28],[-6,21],[19,4],[6,10],[0,6],[-11,22],[6,7],[3,13],[-6,8],[-3,16],[3,4],[18,3],[4,4],[2,12],[-19,2],[-2,4],[9,3],[1,6],[-23,19],[3,7],[13,7],[6,-4],[1,6],[-12,14],[-18,11],[-6,-2],[1,-9],[-6,4],[-1,11],[4,18],[-2,8],[2,9],[2,1],[1,-6],[3,1],[4,19],[18,16],[5,38],[3,-10],[3,1],[-1,9],[5,4],[2,-15],[3,2],[4,11],[7,0],[12,-13],[0,-3],[-4,-3],[1,-7],[14,10],[10,-5],[9,7],[2,-19],[10,-7],[23,8],[3,11],[16,17],[1,-17],[15,18],[7,-2],[1,-8],[3,0],[-1,6],[7,-2],[-4,19],[7,7],[10,1],[3,-2],[1,-15],[5,-15],[5,-3],[-1,7],[4,8],[-7,11],[5,17],[16,10],[3,13],[5,5],[0,5],[-8,2],[-1,5],[11,-3],[5,6],[8,-10],[10,-2],[3,15],[-7,20],[17,12],[-2,10],[11,6],[1,-8],[4,12],[4,3],[4,-6],[-2,-9],[6,0],[4,12],[13,-8],[1,16],[-3,16],[8,9],[7,15],[18,17],[0,7],[7,-9],[5,0],[-1,16],[17,24],[12,-17],[20,5],[12,9],[3,-20],[6,8],[19,4],[2,4],[-2,12],[9,4],[13,-2],[7,11],[8,-2],[14,11],[0,-15],[-8,0],[-1,-10],[9,-5],[14,5],[6,7],[2,-3],[-4,-9],[3,-3],[6,12],[6,-2],[-6,-17],[1,-4],[10,-3],[-5,-19],[4,-6],[7,5],[8,14],[24,-5],[1,5],[-7,5],[-1,6],[13,-2],[8,2],[1,25],[22,38],[-2,4],[-11,-4],[0,12],[12,15],[21,-11],[9,7],[2,-14],[8,3],[7,-7],[7,10],[7,-9],[-1,19],[10,1],[3,9],[8,3],[1,-5],[-5,-7],[0,-5],[13,-9],[-4,-13],[15,-4],[2,18],[21,4],[14,-24],[5,-2],[7,9],[-3,11],[4,0],[9,-12],[6,14],[20,25],[3,10],[7,-3],[13,-22],[8,-4],[5,10],[5,-2],[2,17],[13,-4],[-3,12],[4,2],[9,-4],[-4,-12],[1,-21],[25,6],[4,-11],[13,8],[3,11],[4,1],[14,-4],[-5,-12],[0,-7],[17,7],[1,-2],[-2,-10],[13,-2],[-4,25],[2,10],[2,-10],[17,1],[8,-12],[2,13],[6,-1],[1,-9],[9,10],[10,-9],[-1,-12],[4,-7],[20,1],[-1,4],[-10,4],[0,8],[3,3],[4,-8],[24,-18],[1,-4],[-7,-2],[-1,-4],[8,-4],[-9,-7],[2,-8],[9,-1],[-5,-8],[2,-4],[14,5],[4,17],[7,10],[13,8],[20,7],[6,-2],[22,-38],[17,1],[2,16],[7,16],[8,-10],[2,11],[9,15],[7,-3],[0,-13],[2,0],[4,17],[11,-4],[10,14],[5,-6],[5,0],[0,9],[5,7],[-7,6],[1,6],[11,2],[12,11],[10,-1],[6,9],[11,4],[0,10],[-5,8],[-4,-2],[-1,-10],[-2,-2],[-13,15],[0,4],[9,2],[2,6],[-2,6],[-11,7],[0,5],[10,5],[6,17],[8,1],[-1,10],[5,2],[0,10],[8,-7],[1,12],[15,1],[8,28],[7,8],[-7,8],[1,6],[8,-6],[11,3],[4,-9],[20,10],[9,0],[4,-8],[10,-5],[0,-6],[-4,-10],[6,-6],[3,1],[2,8],[7,-1],[-1,11],[13,-20],[9,11],[11,-5],[3,5],[-4,13],[8,-1],[13,-11],[10,-5],[10,-17],[13,-6],[-6,-11],[3,-16],[-10,-6],[-2,-7],[15,-16],[6,-1],[0,14],[4,9],[12,-3],[-2,15],[10,-4],[9,5],[10,-1],[2,4],[-4,9],[6,14],[4,-1],[1,-14],[4,-2],[10,4],[2,10],[6,3],[-1,3],[-21,9],[0,4],[8,1],[1,4],[-12,7],[24,16],[0,4],[-7,5],[1,6],[12,-5],[-3,20],[-9,-7],[-5,5],[6,23],[-1,16],[-7,20],[4,10],[15,0],[1,5],[-6,11],[7,4],[-14,12],[1,6],[9,5],[-11,6],[-1,21],[-10,0],[-4,14],[-8,2],[-5,5],[1,13],[7,7],[-4,21],[5,8],[10,0],[-2,11],[3,8],[9,-6],[0,12],[5,14],[-2,6],[-20,17],[0,5],[6,3],[0,5],[-8,10],[-8,2],[5,23],[17,5],[23,-5],[8,13],[13,-6],[0,11],[2,1],[26,-40],[14,-8],[4,23],[12,0],[8,6],[3,-9],[12,-3],[8,19],[14,-19],[12,-2],[10,4],[1,-5],[6,1],[2,10],[12,0],[1,7],[6,4],[-8,4],[-1,5],[5,17],[33,-15],[0,-21],[10,-7],[5,4],[0,40],[8,-10],[5,-2],[-2,14],[4,4],[13,-23],[11,0],[-4,12],[4,3],[4,-4],[1,-9],[5,-1],[7,21],[-12,21],[0,22],[3,8],[8,-1],[1,3],[-12,17],[10,7],[-18,9],[-6,23],[12,10],[-6,9],[5,20],[8,-1],[6,9],[6,-4],[4,3],[-8,22],[16,14],[3,20],[4,2],[6,-5],[14,19],[14,1],[-4,-12],[9,-3],[-6,-15],[1,-10],[12,0],[13,-15],[11,-3],[2,-7],[-4,-10],[2,-7],[4,0],[4,10],[7,-4],[11,2],[14,-16],[3,-7],[5,4],[2,16],[10,-1],[5,14],[13,-3],[13,5],[16,-6],[2,8],[9,1],[2,5],[-3,6],[2,11],[-11,9],[1,12],[10,5],[12,-6],[-4,32],[14,-3],[6,8],[-1,7],[-10,-5],[6,18],[-8,4],[9,7],[1,6],[-11,-1],[-3,5],[6,22],[10,12],[-6,20],[14,-4],[1,15],[28,22],[-2,24],[40,4],[11,-8],[12,14],[13,6],[12,15],[13,-2],[0,5],[-8,5],[1,6],[23,9],[13,-13],[5,-1],[3,23],[4,0],[2,-8],[3,0],[17,20],[13,-3],[11,-12],[6,24],[7,-4],[-7,-33],[3,-8],[9,1],[7,12],[5,-13],[11,-2],[7,12],[10,5],[1,7],[-6,5],[3,5],[11,-21],[7,-2],[1,40],[16,14],[-3,13],[4,-1],[8,-11],[6,3],[-7,16],[6,20],[19,4],[-1,-16],[13,-10],[12,18],[8,23],[18,-7],[9,2],[16,24],[18,51],[7,8],[8,-3],[-7,-13],[2,-7],[12,-2],[22,10],[7,-21],[15,40],[12,13],[4,-11],[10,-11],[-1,-6],[-6,-3],[1,-4],[27,-4],[-11,-33],[4,-3],[14,3],[10,-7],[-1,30],[15,12],[9,17],[1,11],[-4,2],[-15,-10],[-3,6],[30,28],[12,25],[12,4],[8,-3],[-3,-12],[1,-7],[10,-5],[-8,-12],[3,-11],[7,-7],[6,1],[10,16],[12,-5],[0,25],[12,-5],[9,8],[6,-10],[8,6],[5,-11],[5,11],[4,0],[10,-18],[0,-14],[4,0],[5,10],[21,-27],[4,2],[3,11],[5,2],[5,-2],[-4,-10],[2,-9],[8,-1],[14,6],[4,4],[-1,7],[-11,4],[-3,7],[8,37],[8,8],[12,-4],[9,21],[12,-6],[1,13],[9,11],[-13,26],[20,1],[2,7],[-6,4],[-2,8],[13,1],[-9,45],[6,13],[2,19],[11,9],[-1,4],[-11,5],[0,12],[11,9],[11,-12],[7,0],[14,25],[0,21],[9,13],[8,-2],[6,-9],[7,2],[-4,18],[7,16],[-5,11],[2,10],[19,15],[4,-1],[4,-11],[16,12],[11,3],[6,-4],[-1,-14],[2,-8],[13,6],[15,-6],[16,13],[-4,32],[14,8],[6,24],[5,1],[4,-11],[13,4],[6,-9],[6,-2],[4,4],[1,13],[4,5],[16,-3],[-3,12],[2,6],[36,7],[2,6],[-2,30],[11,-3],[8,6],[7,0],[3,4],[0,13],[11,-5],[7,1],[12,36],[11,-4],[-1,-13],[15,-8],[2,-31],[11,-4],[3,-7],[7,10],[-3,15],[10,3],[-1,9],[13,3],[3,13],[13,-14],[11,-3],[12,8],[12,0],[16,7],[19,0],[5,8],[12,-12],[8,-2],[6,12],[6,2],[13,-13],[12,7],[6,-21],[8,-9],[4,2],[3,9],[11,-6],[13,13],[13,5],[5,-18],[-1,-15],[5,-7],[18,3],[16,-3],[3,10],[5,3],[23,-9],[2,-8],[-5,-12],[2,-5],[25,7],[24,-8],[10,7],[14,-2],[-3,-19],[9,-2],[11,-13],[11,0],[-6,-27],[4,-9],[7,2],[11,18],[5,2],[25,-26],[5,-1],[1,16],[11,3],[4,13],[10,7],[-1,5],[-3,1],[1,5],[13,-2],[-8,16],[2,3],[11,-10],[19,-8],[23,3],[4,-17],[18,-25],[8,-20],[8,-7],[11,3],[-12,17],[12,9],[4,-1],[-1,-11],[5,-4],[14,20],[7,-2],[4,-15],[3,-2],[15,8],[9,11],[12,-4],[10,27],[11,11],[11,22],[4,-4],[-5,-18],[1,-11],[14,-1],[14,-16],[11,3],[3,4],[-4,16],[1,10],[15,22],[1,21],[2,2],[9,-4],[9,-19],[29,21],[17,3],[5,-6],[1,-17],[11,-4],[2,-14],[5,-2],[6,10],[0,26],[7,20],[9,11],[-4,14],[1,14],[5,0],[6,-12],[5,1],[9,18],[18,7],[-1,16],[4,10],[29,25],[-4,13],[4,24],[-6,20],[22,0],[6,18],[9,-17],[19,0],[4,5],[1,27],[7,21],[-6,15],[0,9],[4,8],[12,5],[6,8],[3,22],[6,19],[-3,3],[-8,-9],[-6,-1],[-11,23],[7,25],[-17,11],[0,15],[8,15],[-5,19],[18,-1],[9,5],[5,8],[-2,14],[4,3],[30,-15],[10,0],[11,7],[-6,20],[-19,3],[-4,27],[3,5],[21,2],[2,11],[-8,20],[1,11],[9,12],[12,-1],[6,11],[2,10],[-5,18],[-4,51],[12,18],[-4,31],[5,3],[8,-13],[11,4],[2,28],[9,14],[2,16],[4,2],[9,-6],[35,12],[11,-2],[2,2],[12,21],[3,13],[7,5],[1,24],[-8,25],[2,5],[10,-10],[14,0],[10,-7],[5,16],[32,16],[8,-1],[11,-15],[7,0],[31,32],[11,0],[13,-14],[5,0],[7,19],[-3,12],[3,3],[12,-2],[10,4],[41,-22],[33,-12],[2,-16],[5,-10],[8,-3],[11,3],[-3,-12],[2,-7],[13,-3],[17,1],[10,12],[5,11],[-2,5],[-10,6],[1,6],[8,16],[15,11],[-1,6],[-8,10],[3,12],[5,6],[6,-1],[5,-20],[6,2],[-1,20],[-11,20],[10,9],[11,24],[-1,9],[-10,8],[0,4],[20,6],[15,23],[1,12],[-12,17],[1,13],[3,6],[30,14],[5,16],[14,-11],[4,1],[2,30],[14,8],[-4,28],[5,6],[45,23],[2,12],[-5,14],[3,6],[11,3],[11,13],[7,2],[5,-20],[12,8],[-1,-23],[3,-6],[5,-3],[4,6],[2,17],[14,13],[0,5],[-10,8],[-2,7],[10,25],[17,12],[5,11],[0,11],[-9,15],[22,11],[-3,16],[20,17],[3,7],[-12,26],[8,19],[1,16],[-4,5],[-9,-4],[-2,5],[11,41],[-5,2],[-17,-17],[-1,7],[8,21],[1,16],[-2,5],[-3,-1],[-7,-15],[-6,5],[0,12],[18,19],[0,15],[-28,21],[-4,8],[3,5],[13,1],[7,14],[-9,45],[2,18],[5,16],[-4,2],[-8,-8],[-9,4],[-3,6],[4,16],[-3,12],[-10,13],[-4,-13],[-4,-1],[-5,13],[2,15],[8,14],[12,16],[17,11],[0,21],[6,24],[-4,9],[-10,-4],[-5,3],[8,25],[-1,11],[-13,-11],[-4,7],[5,11],[0,5],[-13,-5],[-6,3],[1,7],[14,8],[2,7],[-11,3],[-6,7],[-6,28],[2,4],[10,1],[1,7],[-12,6],[-2,9],[15,18],[26,-5],[-1,10],[4,9],[18,7],[19,1],[24,22],[6,10],[14,4],[2,20],[4,9],[17,5],[33,30],[20,4],[19,16],[28,37],[9,18],[11,10],[9,15],[3,14],[16,17],[5,12],[19,9],[0,8],[-9,21],[0,14],[8,13],[16,6],[10,21],[1,12],[-4,42],[4,40],[5,6],[11,-1],[12,13],[8,4],[-7,25],[3,41],[5,10],[9,-18],[9,-1],[5,4],[2,10],[-4,33],[8,23],[12,9],[0,26],[-8,13],[-8,-6],[-6,9],[5,32],[6,13],[-2,12],[8,10],[15,28],[10,6],[9,12],[6,1],[6,18],[13,0],[7,14],[17,15],[4,14],[6,-8],[12,-1],[28,23],[8,-1],[4,6],[3,19],[-4,16],[7,9],[-2,12],[3,12],[-17,27],[2,8],[8,7],[2,35],[-13,20],[-2,10],[2,19],[-12,18],[-1,8],[10,14],[-1,13],[8,15],[-6,6],[12,18],[11,56],[10,13],[8,1],[12,13],[3,17],[6,11],[25,3],[9,12],[-2,14],[2,14],[-12,-3],[-4,3],[2,20],[38,5],[5,3],[1,9],[51,16],[24,-12],[35,-1],[31,-9],[11,-11],[8,-19],[10,-14],[6,0],[7,14],[8,-3],[10,-15],[6,-25],[5,-6],[7,1],[7,7],[6,21],[9,-1],[3,-18],[20,-28],[-2,-4],[-24,-9],[2,-13],[9,-17],[11,9],[20,-2],[11,11],[8,3],[33,-3],[8,-11],[4,1],[51,47],[24,17],[9,13],[5,16],[1,23],[-5,39],[2,15],[15,33],[6,52],[14,38],[3,34],[-18,39],[-4,17],[9,20],[0,10],[-13,24],[-41,41],[-13,32],[-18,18],[-14,6],[-12,28],[-52,27],[-19,-16],[-28,-13],[-5,-10],[-4,-20],[-5,-10],[-11,-4],[-7,4],[-28,59],[-2,13],[-8,20],[-1,28],[-16,24],[1,10],[5,12],[-8,37],[6,50],[-2,25],[18,66],[-3,29],[7,60],[9,32],[15,22],[11,26],[0,17],[-10,12],[-1,11],[19,28],[24,-1],[8,4],[24,25],[18,29],[3,12],[-5,17],[8,18],[6,24],[-5,26],[1,16],[45,92],[28,20],[32,14],[14,-12],[44,-4],[14,-9],[24,-5],[46,-43],[7,0],[32,17],[27,32],[25,53],[11,14],[19,35],[40,99],[12,48],[2,25],[-7,13],[-9,53],[-11,23],[-14,49],[3,39],[8,18],[4,23],[8,14],[67,84],[58,53],[4,14],[-3,35],[8,46],[11,44],[14,31],[7,25],[-3,47],[13,118],[-6,60],[-28,70],[-12,9],[-33,9],[-42,32],[-16,26],[-12,43],[-9,100],[2,31],[21,35],[9,26],[16,63],[7,45],[10,27],[48,39],[19,30],[11,12],[50,5],[29,7],[49,27],[26,4],[16,-9],[13,-16],[9,-33],[9,-63],[19,-49],[10,-13],[45,-18],[83,2],[42,13],[27,21],[100,168],[18,41],[11,41],[6,51],[-2,41],[-8,32],[-22,47],[-12,40],[-3,36],[4,26],[18,44],[35,54],[90,166],[42,60],[87,58],[50,20],[134,87],[60,52],[18,22],[45,41],[34,41],[39,32],[21,7],[54,-5],[68,-23],[57,-35],[47,-19],[14,-2],[23,6],[31,18],[28,22],[26,31],[41,27],[44,15],[37,-6],[38,-40],[22,-35],[7,-33],[1,-62],[17,-92],[20,-62],[15,-30],[62,-60],[27,-21],[70,10],[109,61],[43,32],[27,31],[18,24],[18,35],[18,49],[40,85],[38,103],[21,67],[25,47],[30,34],[101,54],[55,36],[36,41],[34,55],[22,63],[26,113],[46,159],[65,183],[116,195],[10,41],[14,128],[1,33],[-6,45],[-9,26],[-17,33],[-34,50],[-114,96],[-10,20],[-18,63],[-9,72],[1,58],[28,105],[24,195],[-4,108],[1,23],[-10,167],[4,53],[5,23],[16,34],[35,42],[113,-35],[76,-15],[45,1],[17,11],[42,39],[35,52],[21,43],[4,19],[26,130],[28,113],[14,94],[3,109],[-3,117],[-3,35],[-21,130],[2,35],[7,52],[16,50],[48,48],[26,55],[23,115],[24,83],[47,215],[13,81],[15,52],[20,44],[25,29],[54,45],[52,31],[74,33],[35,12],[30,-6],[23,-15],[19,-16],[67,-82],[16,-25],[25,-57],[46,-154],[62,-181],[28,-106],[22,-110],[7,-97],[-1,-178],[-13,-107],[-8,-121],[0,-85],[5,-59],[31,-203],[34,-146],[26,-70],[46,-62],[48,-32],[31,-16],[6,1],[9,-5],[34,2],[47,12],[16,14],[14,23],[12,50],[25,55],[46,72],[82,106],[158,148],[38,21],[46,14],[71,8],[82,3],[64,7],[145,30],[50,3],[55,-6],[41,-8],[142,-66],[68,-44],[69,-33],[36,-23],[40,-41],[15,-25],[17,-47],[8,-61],[-3,-35],[-22,-65],[-19,-118],[-20,-255],[-10,-83],[-19,-87],[-32,-102],[-7,-37],[0,-44],[6,-33],[14,-32],[16,-21],[33,-25],[23,-9],[27,-4],[165,15],[72,0],[58,-6],[44,-9],[100,-27],[66,2],[35,6],[70,26],[157,118],[31,14],[30,1],[24,-10],[15,-13],[18,-27],[15,-32],[11,-41],[16,-114],[6,-26],[28,-94],[12,-27],[42,-67],[14,-15],[41,-30],[41,-16],[20,-3],[98,0],[62,-6],[56,-1],[53,9],[64,18],[105,42],[41,2],[33,-7],[26,-26],[28,-53],[16,-73],[2,-54],[-2,-23],[-7,-27],[-11,-28],[-57,-126],[-32,-81],[-79,-166],[-62,-117],[-18,-47],[-6,-44],[3,-37],[27,-86],[155,-326],[51,-93],[27,-29],[31,-18],[50,-5],[18,3],[17,8],[30,28],[30,43],[105,210],[53,88],[28,20],[19,4],[18,-1],[18,-8],[28,-27],[11,-21],[18,-52],[35,-76],[17,-32],[49,-79],[35,-42],[42,-31],[24,-11],[165,-59],[35,-29],[12,-17],[8,-21],[4,-24],[1,-53],[-10,-54],[-54,-150],[-37,-91],[-42,-118],[-50,-105],[-14,-38],[-6,-24],[-2,-32],[2,-24],[5,-19],[12,-18],[19,-16],[25,-13],[86,-37],[204,-131],[16,-7],[30,-1],[18,7],[14,11],[12,16],[23,42],[25,62],[56,105],[41,64],[17,20],[35,28],[22,4],[16,-2],[16,-10],[15,-18],[78,-151],[108,-157],[19,-53],[5,-29],[-2,-34],[-7,-28],[-12,-26],[-15,-18],[-33,-22],[-156,-23],[-90,-31],[-43,-31],[-21,-22],[-11,-27],[-6,-25],[2,-67],[5,-23],[26,-46],[42,-39],[196,-131],[23,-12],[77,-26],[20,-10],[15,-14],[9,-18],[12,-57],[9,-134],[8,-70],[16,-77],[22,-62],[66,-147],[56,-110],[149,-242],[23,-56],[4,-34],[-8,-67],[-15,-47],[-64,-124],[-90,-136],[-130,-165],[-24,-45],[-20,-58],[-41,-164],[-30,-108],[-74,-219],[-11,-67],[2,-24],[6,-29],[29,-53],[34,-46],[24,-23],[19,-11],[30,-7],[32,1],[67,15],[40,22],[26,31],[11,46],[-1,37],[-10,75],[-1,52],[2,49],[9,48],[11,33],[20,38],[23,25],[22,11],[36,-9],[22,-16],[22,-21],[124,-155],[34,-28],[35,-16],[48,-4],[44,8],[214,87],[25,5],[33,1],[17,-4],[23,-12],[25,-18],[11,-15],[21,-42],[8,-25],[4,-33],[-1,-39],[-4,-22],[-23,-47],[-45,-55],[-29,-26],[-84,-47],[-111,-49],[-33,-24],[-21,-28],[-6,-14],[-4,-28],[3,-34],[41,-182],[37,-194],[20,-73],[18,-50],[19,-39],[38,-46],[30,-22],[26,-10],[51,-3],[74,14],[25,10],[53,36],[20,25],[16,35],[9,29],[6,55],[15,94],[11,34],[24,52],[22,25],[21,15],[30,10],[36,0],[29,-17],[31,-29],[29,-54],[15,-44],[8,-83],[-2,-116],[-21,-199],[4,-35],[7,-16],[16,-22],[37,-27],[52,-25],[29,-8],[28,-2],[39,4],[102,24],[33,1],[27,-4],[33,-11],[31,-18],[35,-34],[33,-59],[11,-26],[10,-36],[1,-46],[-17,-89],[-19,-46],[-48,-78],[-45,-53],[-81,-89],[-27,-41],[-17,-38],[-6,-27],[-2,-36],[3,-79],[17,-65],[32,-59],[38,-39],[24,-15],[52,-20],[28,-3],[26,4],[29,7],[52,34],[37,32],[28,31],[29,40],[29,28],[49,26],[25,9],[56,-7],[30,-12],[36,-24],[25,-32],[19,-32],[24,-48],[41,-99],[28,-48],[31,-30],[23,-13],[60,-19],[39,16],[73,47],[207,118],[81,39],[41,27],[38,43],[18,48],[7,45],[-3,95],[-11,110],[1,88],[9,82],[14,56],[38,42],[20,9],[38,-4],[34,-19],[56,-48],[71,-69],[68,-57],[55,-38],[53,-23],[161,-19],[91,-36],[50,-34],[41,-50],[32,-53],[60,-138],[31,-121],[37,-195],[34,-294],[-63,-19],[-1,-6],[3,-4],[-2,-9],[3,-10],[-4,-12],[4,-6],[-1,-7],[5,-2],[5,-17],[-2,-10],[8,-18],[3,-70],[5,-10],[-3,-21],[4,-18],[0,-35],[-8,-5],[5,-8],[9,-6],[7,-18],[2,-42],[5,-9],[5,-39],[11,-27],[27,-116],[6,-56],[9,-13],[5,-18],[2,-32],[2,-7],[7,-6],[0,-6],[6,-21],[-1,-10],[6,-14],[-9,-21],[16,-35],[0,-12],[-4,-10],[7,-8],[-6,-5],[1,-5],[8,-2],[1,-3],[-3,-10],[-4,-4],[7,-10],[-6,-11],[9,-19],[-1,-10],[-2,0],[4,-29],[-4,-14],[0,-29],[-7,-49],[0,-22],[-9,-37],[0,-11],[-6,-15],[1,-7],[-3,-14],[-7,-8],[3,-7],[-3,-14],[1,-6],[-6,-21],[0,-11],[-4,-8],[0,-9],[-5,-8],[6,-13],[-7,-10],[-6,-30],[-9,-22],[0,-11],[-5,-9],[-9,-55],[-6,-9],[1,-6],[-2,-6],[4,-6],[-4,-7],[2,-3],[-4,-6],[-6,-29],[-8,-23],[1,-8],[4,-2],[-12,-48],[-1,-8],[4,0],[1,-3],[-3,-5],[-2,2],[1,-9],[-9,-18],[4,-13],[-8,-20],[1,-15],[-2,-4],[2,-4],[-5,-16],[1,-12],[-5,-14],[1,-24],[-6,-29],[4,-6],[-3,-9],[2,-10],[-4,-1],[1,-6],[-6,-16],[-1,-23],[-4,-13],[3,-4],[-6,-21],[1,-12],[-4,-11],[-1,-19],[3,-13],[14,-5],[0,-5],[15,-2],[1,-9],[10,-13],[1,-15],[3,-2],[-3,-5],[-5,7],[-34,-2],[-7,-5],[0,-27],[13,-9],[-5,-2],[1,-17],[8,-10],[29,13],[4,-19],[-10,-17],[-12,4],[-4,-10],[1,-19],[-4,-34],[4,-12],[-1,-57],[-5,-38],[2,-13],[-7,-32],[2,-24],[-4,-37],[0,-45],[-4,-15],[-2,-52],[-5,-36],[2,-6],[-4,-21],[0,-71],[-3,-27],[-2,-123],[-5,-83],[1,-10],[3,-5],[-4,-8],[-3,-20],[1,-6],[4,-1],[-4,-7],[2,-5],[-2,-5],[4,-14],[10,0],[14,-8],[2,-12],[-13,-6],[-1,-6],[-8,-4],[-2,-18],[3,-7],[1,-53],[-5,-58],[2,-10],[-3,-15],[5,-14],[-3,-6],[2,-18],[-3,-6],[4,-15],[-2,-5],[6,-15],[-1,-9],[3,0],[2,-9],[4,-1],[-6,-2],[-6,9],[-12,-3],[-7,-6],[-3,-5],[2,-10],[-8,-18],[1,-12],[-8,0],[-6,-8],[-1,-106],[-4,-26],[1,-30],[-4,-42],[3,-10],[-3,-57],[4,-5],[-6,-23],[8,-5],[2,4],[1,-4],[-1,-7],[-6,1],[-4,-7],[-1,-25],[-1,4],[-5,-6],[4,-6],[0,-14],[-7,-3],[0,-22],[-4,-4],[-1,-11],[-7,-1],[-1,-5],[2,-6],[5,0],[-5,-6],[1,-6],[4,-3],[-7,-4],[1,-7],[5,-2],[-6,-3],[2,-7],[6,-1],[1,-36],[17,-8],[-5,-60],[2,-24],[8,-11],[1,-6],[-3,-10],[4,-14],[-5,-31],[10,-13],[18,0],[1,-6],[-5,-12],[5,-34],[0,-21],[-3,-9],[7,0],[-10,-36],[3,-16],[8,-4],[3,-7],[-4,-9],[4,-3],[-1,-8],[6,-2],[-4,-6],[-1,-10],[6,-14],[-2,-14],[5,-12],[-3,-10],[4,-22],[-2,-3],[4,-32],[-1,-21],[5,-22],[-4,-3],[1,-7],[11,-35],[-4,-10],[6,-16],[-4,-14],[7,-16],[-3,-14],[1,-23],[6,-29],[-1,-8],[-6,-10],[14,-63],[1,-22],[10,-26],[-5,-44],[5,-8],[-1,-6],[9,-10],[-8,-17],[8,-22],[10,-5],[3,-8],[-12,-10],[-12,-20],[5,-32],[7,-5],[10,3],[6,-5],[0,-14],[4,-18],[23,-13],[-6,-10],[4,-9],[-6,-14],[7,-17],[-3,-13],[6,-8],[-4,-22],[-7,-8],[1,-6],[34,-85],[6,-6],[1,-6],[7,1],[2,-6],[8,-3],[-5,-3],[0,-6],[12,-16],[-2,-5],[4,-4],[0,-8],[6,-5],[-5,-6],[2,-9],[-5,-7],[0,-5],[14,-6],[1,-17],[18,-6],[-3,-16],[9,-17],[18,-16],[3,-11],[22,-19],[15,-8],[20,-35],[16,-14],[3,-10],[8,-6],[10,-32],[8,-7],[11,-22],[8,-5],[11,-21],[38,-48],[2,-5],[-4,-4],[0,-4],[30,-16],[13,-22],[17,-10],[3,-12],[6,-3],[4,-9],[9,-1],[3,-7],[8,-5],[3,-9],[6,-1],[3,-7],[13,-4],[1,-6],[8,-4],[3,-7],[10,1],[1,-19],[7,-1],[3,5],[4,-3],[12,1],[5,-10],[26,-3],[-1,-11],[6,2],[2,-18],[12,-14],[8,-2],[5,-7],[13,2],[22,-7],[21,-21],[3,-15],[11,-10],[7,-11],[0,-4],[9,2],[-1,9],[4,1],[14,-7],[6,-13],[5,-1],[5,-12],[5,-3],[0,-18],[14,-14],[4,-12],[9,-9],[-7,-11],[5,-4],[15,-46],[-2,-8],[3,-4],[-3,-6],[4,-39],[-4,-10],[10,-10],[-1,-41],[3,-18],[3,-3],[2,-10],[-4,-7],[2,-8],[-4,-11],[4,-6],[-4,-15],[8,-9],[3,4],[2,-8],[-7,-3],[-4,-11],[4,-15],[-7,-6],[-1,-12],[-12,0],[4,-5],[-2,-11],[3,-5],[-1,-4],[-6,-1],[-3,-16],[-4,-2],[0,-11],[5,0],[1,-4],[-7,-7],[3,-12],[-7,-7],[4,-8],[-1,-11],[-10,-2],[-1,-16],[-5,-1],[1,-5],[-5,-4],[0,-8],[-4,-3],[-3,-13],[-4,0],[0,-5],[-4,-3],[4,-8],[-9,-4],[5,-6],[-4,-12],[-7,1],[6,-10],[-9,-3],[2,-7],[-11,-14],[2,-6],[-5,-8],[4,-5],[-15,-13],[-3,-17],[-8,-3],[-6,-9],[-1,-12],[-11,-8],[-13,-23],[-17,-10],[31,-192],[26,-2],[2,3],[4,-4],[16,4],[65,-5],[9,6],[9,-1],[4,-4],[6,0],[3,5],[6,-4],[9,4],[9,-6],[9,8],[19,-5],[8,5],[8,-14],[13,11],[5,-10],[12,-6],[1,-6],[11,-15],[6,1],[6,-4],[0,-12],[3,-4],[5,3],[4,-14],[3,-5],[5,1],[0,-10],[4,-1],[5,-13],[7,0],[-1,-4],[5,-10],[10,-3],[-1,-12],[7,-1],[5,-17],[8,1],[4,-2],[0,-4],[8,-1],[-3,-16],[8,-6],[7,1],[-1,-10],[10,-3],[-3,-5],[13,-15],[0,-8],[6,-4],[-3,-11],[7,1],[8,-5],[-3,-14],[18,-12],[-3,-6],[3,-9],[10,-4],[1,-11],[7,-4],[-3,-11],[8,-9],[-1,-3],[8,-3],[-2,-8],[4,-8],[8,-3],[-3,-9],[4,-4],[-3,-3],[7,-1],[8,-7],[1,-14],[6,-2],[-2,-8],[11,-1],[-2,-6],[4,-4],[-2,-5],[9,-7],[-6,-5],[14,-12],[-1,-8],[7,-5],[-1,-8],[9,-8],[-2,-6],[5,-2],[-1,-10],[5,-3],[-2,-6],[4,-4],[-1,-6],[12,-8],[-1,-6],[3,3],[8,-2],[0,-9],[9,-6],[8,-17],[13,-11],[0,-4],[3,1],[-2,-10],[5,1],[15,-19],[21,-37],[40,-32],[15,-21],[3,-15],[5,2],[13,-4],[30,-28],[19,0],[5,10],[0,9],[4,-2],[2,11],[7,-5],[8,-1],[2,4],[12,-2],[1,5],[15,2],[12,14],[8,2],[2,5],[4,-3],[3,6],[8,-1],[15,11],[21,-3],[2,3],[41,9],[15,7],[5,12],[6,0],[4,5],[9,4],[9,-5],[8,7],[0,-7],[4,-3],[9,2],[1,4],[7,-2],[21,-10],[40,-26],[6,2],[42,-14],[14,-1],[11,5],[13,-4],[13,-16],[-1,-10],[7,-34],[-5,-9],[2,-13],[-3,-14],[-15,-31],[-10,-47],[-16,-28],[-4,-28],[-34,-104],[-39,-139],[-8,-34],[0,-18],[-25,-106],[-15,-53],[-16,-101],[-9,-29],[-22,-175],[1,-19],[-10,-66],[-4,-62],[-5,-23],[-1,-41],[-4,-7],[-1,-24],[-4,-18],[-7,-128],[-3,-13],[-7,-92],[-5,-137],[3,-19],[-3,-21],[3,-3],[2,-41],[-1,-71],[4,-62],[-2,-36],[3,-21],[-2,-3],[3,-6],[-2,-25],[7,-132],[-2,-10],[2,-8],[5,-77],[-1,-11],[-7,-13],[6,-1],[5,-15],[2,-48],[20,-152],[5,-18],[1,-22],[-2,-6],[7,-2],[-2,-9],[1,-11],[6,-16],[11,-57],[-4,-8],[9,-70],[27,-139],[26,-158],[5,-11],[-8,-32],[-17,-18],[-5,-16],[-9,-13],[-11,-10],[-13,-7],[-17,2],[-16,-21],[-34,-24],[-4,-11],[-39,-50],[-36,-57],[-7,-6],[-4,2],[-30,-61],[-30,-67],[-6,-22],[-7,-5],[-10,-33],[-21,-41],[-5,-25],[-9,-4],[-8,-31],[4,-13],[-5,-12],[-3,-1],[-1,-19],[-5,-9],[-1,-13],[-3,-8],[-5,2],[6,-11],[-3,-4],[-10,8],[6,-24],[-5,-5],[2,-14],[-3,-3],[-14,6],[-4,-10],[3,-13],[-8,-23],[3,-6],[-7,-6],[2,-18],[-4,-8],[0,-8],[-7,-6],[3,-10],[-5,-6],[1,-7],[-4,-13],[5,-23],[-3,-10],[-8,-1],[-9,-18],[-2,-28],[7,-1],[-4,-24],[3,-6],[-1,-16],[-18,-37],[3,-9],[-4,-4],[3,-7],[10,-3],[4,-15],[0,-19],[-11,-11],[2,-15],[-3,-28],[15,-11],[-9,-12],[-4,-24],[9,-6],[-1,-4],[-6,-4],[7,-8],[-5,-14],[6,-1],[-10,-8],[-13,3],[6,-12],[5,-1],[2,4],[5,-3],[-20,-12],[-2,-7],[3,-8],[16,-1],[5,-5],[-6,-18],[3,-19],[8,-16],[-12,-14],[2,-16],[-3,-11],[15,-19],[0,-7],[-7,-7],[8,-25],[6,3],[2,-2],[-12,-10],[2,-3],[6,1],[0,-4],[-12,-3],[0,-7],[7,-6],[3,-8],[9,-4],[-2,-9],[12,-5],[-3,-19],[-11,-4],[-6,-11],[-3,-1],[1,-25],[3,-4],[13,-3],[-1,-10],[-6,-9],[2,-7],[6,-6],[9,0],[-10,-29],[8,-7],[4,8],[8,-1],[11,-11],[-1,-6],[-8,0],[-7,-12],[0,-7],[7,-7],[-4,0],[0,-6],[-5,-7],[2,-4],[-8,-25],[3,-1],[7,6],[9,-1],[15,11],[5,-7],[2,-29],[-2,-6],[6,-32],[-3,-2],[-10,5],[-3,-3],[-5,-36],[6,-33],[15,-15],[-4,-13],[1,-15],[-6,-4],[-3,-12],[4,-22],[8,-24],[10,-7],[-4,-8],[8,-22],[3,-25],[15,-15],[0,-14],[8,8],[4,-2],[2,17],[12,9],[-4,9],[12,5],[2,7],[7,8],[-3,5],[5,3],[4,-11],[-2,-8],[3,-7],[-4,-7],[5,-12],[-2,-9],[2,-10],[-20,-5],[8,-23],[-8,9],[-8,-5],[-11,-1],[12,-41],[38,-1],[1,17],[-8,29],[2,1],[1,-5],[4,2],[2,-6],[11,-8],[-8,2],[1,-5],[-3,-3],[0,-9],[3,-2],[3,-17],[8,-12],[-6,-6],[1,-17],[2,-3],[-3,-2],[-1,4],[-2,-5],[3,-18],[2,16],[8,12],[3,-18],[24,-11],[7,6],[8,-4],[7,-10],[1,-8],[6,3],[17,-12],[-1,-13],[4,5],[5,-1],[4,-3],[-1,-4],[4,2],[4,-4],[-1,-8],[6,5],[12,-7],[8,-12],[-2,-5],[4,0],[-3,-11],[12,-10],[-3,-5],[2,-5],[-4,-5],[3,-7],[15,-3],[17,-26],[37,16],[4,-4],[6,0],[16,20],[5,-2],[-1,-9],[9,-2],[2,-8],[-4,-1],[-3,-5],[-19,1],[7,-15],[-9,-7],[-1,-7],[5,-2],[5,9],[6,-5],[-1,-11],[6,2],[0,-4],[-12,-9],[7,2],[-7,-11],[4,-8],[14,17],[4,-1],[4,-7],[0,-22],[7,-4],[-1,-7],[7,-8],[11,-26],[1,-9],[-5,-5],[4,-2],[0,-6],[5,5],[5,-17],[-1,-11],[7,-5],[4,-12],[8,-8],[-4,-10],[-4,2],[6,-13],[4,8],[9,-7],[8,3],[2,12],[-4,5],[-3,21],[-5,-2],[-4,6],[3,8],[-2,6],[-7,6],[11,11],[4,13],[3,29],[-12,17],[-3,12],[-6,-2],[-11,13],[-3,9],[12,4],[-2,19],[3,2],[16,-11],[10,3],[27,-18],[39,-56],[18,-12],[7,-21],[4,-26],[-5,-52],[3,-16],[-6,-31],[-17,-24],[3,-13],[-11,-11],[1,-10],[-14,-33],[-8,-34],[-10,-18],[-13,-42],[-15,-24],[0,-11],[-16,-31],[-7,-23],[-7,-9],[-12,-44],[-28,-71],[-11,-46],[-10,-18],[-9,-29],[-4,-3],[1,-10],[-18,-64],[-6,-9],[-3,-20],[-32,-117],[-3,-8],[-6,-2],[4,-11],[-2,-4],[-9,-2],[4,-9],[-6,-1],[2,-7],[-6,-6],[4,-9],[-4,-5],[2,-8],[-4,-8],[0,-19],[-4,-6],[1,-8],[-3,-16],[-5,-5],[2,-7],[-4,-27],[-5,-13],[-5,-5],[0,-9],[-5,-1],[3,-5],[-6,-5],[2,-9],[-9,-7],[2,-4],[-8,-18],[-11,-9],[-8,-2],[-18,-18],[-10,-6],[-18,4],[-23,-11],[-6,4],[-6,11],[-8,-3],[-22,10],[-38,4],[-26,8],[-13,11],[-26,13],[-3,6],[-10,6],[-5,0],[-6,5],[-13,-1],[-6,22],[-15,9],[-18,3],[-3,6],[-45,-25],[-19,-26],[-35,-107],[3,-17],[-6,-2],[-3,-6],[4,-12],[-2,-6],[8,-10],[-2,-5],[12,-22],[-2,-3],[10,-17],[0,-10],[7,-11],[1,-10],[11,-10],[6,-14],[16,-16],[1,-6],[8,-6],[13,-21],[18,-39],[3,-22],[9,-9],[8,-18],[2,-16],[9,3],[8,-23],[2,-23],[5,-10],[-4,-10],[0,-19],[-5,-10],[1,-7],[-7,-4],[2,-10],[-11,-36],[-46,-78],[-24,-28],[-30,-52],[-30,-74],[-11,-13],[-3,-23],[-11,-28],[-13,-57],[-7,-17],[-2,-23],[-10,-42],[-25,-79],[-4,-28],[-9,-28],[-2,-27],[-19,-71],[-11,-83],[-7,-17],[1,-12],[-16,-81],[-5,-53],[-9,-34],[1,-25],[-6,-25],[0,-10],[-12,-64],[-4,-10],[-6,-63],[-6,-20],[1,-15],[-7,-43],[2,-10],[-8,-45],[-9,-108],[-4,-16],[2,-7],[-3,-51],[-4,-11],[-9,-69],[1,-18],[-5,-21],[-1,-23],[4,-9],[-5,-12],[3,-16],[-2,-20],[-4,-10],[3,-7],[0,-18],[-6,-36],[-4,-69],[-4,-8],[3,-10],[1,-16],[-5,-39],[2,-10],[-6,-50],[1,-41],[-3,-10],[-5,-2],[3,-6],[-4,-43],[3,-13],[0,-20],[-5,-31],[0,-60],[3,-20],[-4,-25],[-4,-7],[3,-36],[-4,-49],[3,-16],[-3,-40],[2,-18],[-4,-34],[2,-13],[-2,-7],[3,-3],[1,-9],[4,-7],[-6,-23],[1,-51],[-3,-19],[2,-41],[-1,-43],[4,-9],[-2,-7],[3,-42],[-4,-37],[4,-16],[-4,-80],[4,-76],[-3,-20],[4,-70],[4,-21],[-1,-28],[5,-28],[0,-67],[4,-32],[0,-40],[23,-205],[-4,-51],[1,-24],[6,-13],[9,-53],[9,-104],[-2,-10],[4,-48],[5,-49],[4,-8],[-2,-6],[3,-31],[12,-103],[38,-201],[40,-178],[39,-152],[50,-169],[24,-68],[7,-5],[77,-170],[48,-86],[35,-49],[50,-54],[20,-27],[83,-145],[32,-67],[82,-250],[32,-127],[8,-73],[5,-103],[-9,-210],[-10,-29],[-12,-21],[-12,-46],[-30,-40],[-36,-34],[-43,-29],[-53,-45],[-45,-33],[-68,-71],[-53,-39],[-33,-40],[-9,-6],[-6,4],[-3,-6],[4,-3],[-15,-17],[-23,-37],[-23,-50],[-34,-96],[-43,-144],[-37,-151],[-32,-158],[-54,-298],[-49,-415],[-21,-230],[-11,-183],[-35,-299],[-7,-76],[-17,-360],[-2,-386],[-5,-17],[-12,-23],[-4,-103],[16,-390],[12,-174],[8,-194],[1,-77],[-5,-194],[4,-166],[10,-123],[12,-230],[15,-146],[4,-13],[20,-238],[4,-76],[1,-130],[-17,-346],[-6,-44],[2,-51],[-3,-193],[-6,-114],[3,-73],[-2,-76],[12,-380],[9,-176],[-2,-172],[16,-342],[9,-91],[5,-153],[7,-74],[2,-121],[6,-35],[-4,-36],[-10,-23],[4,-14],[8,-4],[7,-26],[-14,-47],[-35,-87],[-4,-26],[-19,-47],[-8,-33],[-79,-206],[-57,-197],[-48,-116],[-11,-11],[-8,-15],[-13,-45],[-21,-50],[-17,-63],[-21,-60],[-11,-21],[-5,-36],[-5,5],[4,18],[3,50],[-1,21],[8,38],[5,43],[10,26],[3,32],[3,7],[1,4],[-7,10],[0,6],[12,30],[8,9],[4,25],[12,17],[2,21],[3,11],[36,50],[14,54],[12,21],[9,26],[-3,6],[8,25],[-9,0],[-14,-24],[-17,-16],[-33,-55],[-13,-12],[-3,-11],[-4,-1],[-14,-19],[-8,-7],[-32,-11],[-53,-30],[-48,-51],[-59,-95],[-11,-27],[-7,-36],[13,-37],[0,-8],[-11,-4],[-7,3],[-8,-5],[-11,-37],[-17,-17],[-46,-78],[-23,-46],[-33,-106],[-20,-39],[-7,-31],[-34,-105],[-9,-14],[-29,-118],[-5,-48],[-20,-102],[1,-15],[-14,-73],[-6,-98],[-31,-202],[-5,-79],[0,-41],[-4,-11],[-1,-28],[-5,-19],[1,-34],[-3,-52],[3,-14],[18,-2],[1,-27],[-2,-17],[-6,-11],[-5,-30],[0,-23],[-5,-18],[9,-6],[1,-51],[6,-16],[12,-9],[4,-30],[-2,-12],[8,-28],[5,-4],[2,-20],[17,-2],[0,-16],[8,-1],[0,-3],[-24,0],[-5,-8],[-7,-40],[-2,-117],[-5,-116],[1,107],[-4,2],[-5,-43],[1,-56],[5,-10],[-2,-22],[1,-48],[9,-196],[3,-30],[6,-9],[-5,-14],[7,-54],[-5,-1],[-2,-10],[3,-74],[-3,-4],[5,-13],[26,-406],[-4,-91],[0,-80],[16,-386],[-2,-34],[-4,-14],[3,-44],[-7,-183],[4,-115],[4,-34],[5,-16],[1,-45],[7,-76],[-3,-25],[5,-55],[-3,-41],[6,-200],[0,-85],[-3,-69],[5,-8],[1,-15],[3,-115],[-2,-18],[-11,1],[-1,-8],[3,-28],[-3,-35],[-3,-9],[-10,1],[-5,-54],[9,-4],[-1,-52],[-4,-35],[7,0],[-3,-35],[-9,1],[4,-53],[-8,-5],[-4,-19],[7,-36],[-7,-71],[2,-7],[5,-1],[3,-32],[-13,-86],[6,-42],[0,-29],[-6,-27],[11,-32],[16,-12],[5,-9],[-2,-22],[9,-19],[9,-42],[13,-25],[-4,-32],[4,-19],[-6,-43],[-3,-62],[-3,-15],[4,-8],[-2,-24],[5,-50],[-2,-21],[8,-20],[-2,-6],[-18,-6],[-9,-26],[-3,0],[-2,77],[5,60],[-11,17],[6,-21],[-4,-42],[-8,-40],[-9,-4],[-8,-44],[-3,0],[-2,16],[-9,-23],[-15,-11],[-5,-36],[-20,-51],[-24,-104],[-12,-38],[-9,-108],[19,-103],[33,-52],[54,-39],[33,-10],[4,-50],[-5,-29],[-3,-3],[0,-10],[3,-6],[1,-31],[-4,-12],[0,-12],[-4,-9],[4,-16],[-1,-31],[9,-43],[-7,-37],[-6,-8],[-6,-23],[0,-14],[5,-4],[0,-11],[-5,-7],[-12,-2],[15,0],[3,-5],[1,4],[5,-22],[5,-46],[-9,-12],[4,-2],[-4,-3],[-11,4],[-5,11],[3,-12],[-6,-2],[0,-5],[-5,-7],[-12,21],[-6,36],[-3,9],[-16,-3],[6,-34],[-4,-11],[-3,1],[-9,44],[-5,1],[5,-40],[6,-19],[-5,-8],[-2,-40],[-3,-11],[4,-12],[-2,-34],[4,-7],[0,-21],[4,-22],[7,-14],[0,-17],[6,-13],[0,-21],[5,-17],[0,-17],[5,-6],[-5,-12],[4,-13],[7,6],[4,-9],[9,44],[0,14],[2,6],[2,-3],[1,2],[-2,27],[-8,0],[2,-12],[-4,-3],[-2,3],[-4,22],[1,17],[3,0],[6,-13],[6,11],[6,-2],[2,-9],[-4,-6],[5,-1],[-2,-4],[2,0],[-6,-10],[10,7],[-1,29],[3,3],[4,-6],[-3,-20],[-2,5],[0,-13],[-3,-3],[5,-1],[2,-24],[-9,-27],[2,-6],[-5,-3],[2,-4],[-6,-11],[0,-41],[-4,3],[2,14],[-4,2],[5,3],[-2,7],[-4,-1],[1,-3],[-2,-3],[3,-18],[-2,-2],[-4,3],[-1,-2],[-3,0],[-3,5],[-6,3],[0,-4],[-10,8],[5,-4],[2,-10],[8,4],[5,-4],[13,-4],[2,-12],[4,8],[-4,-13],[2,-5],[-4,0],[2,-2],[-3,-2],[3,-9],[4,-1],[-2,-4],[4,-16],[-2,-4],[-4,2],[-7,18],[-3,-3],[-1,-50],[-5,-12],[-25,-18],[-19,3],[-12,-10],[-6,0],[39,-105],[4,2],[3,-10],[8,-1],[3,7],[8,4],[11,-4],[-2,-6],[5,-9],[3,4],[4,-6],[3,3],[4,-3],[6,4],[11,0],[-3,9],[3,7],[3,-3],[5,6],[2,-4],[17,-4],[5,5],[9,-17],[13,-4],[1,-11],[6,-11],[4,-45],[0,-10],[-5,3],[-2,-10],[3,-57],[-1,-98],[-8,-40],[-4,-3],[-2,3],[-2,22],[-33,8],[1,-83],[29,-6],[-2,-3],[-28,2],[0,-36],[-4,-26],[10,-3],[-9,-1],[-5,-39],[2,-26],[2,-21],[16,-6],[1,-11],[-3,0],[-4,11],[-12,1],[-1,17],[-18,-3],[-1,-42],[-12,-2],[2,-31],[15,2],[-12,-4],[-1,-21],[9,0],[-9,-2],[-1,-19],[4,-4],[-3,-1],[-5,-51],[6,-2],[-1,-12],[-7,-29],[6,30],[-2,4],[-9,-42],[-4,-28],[5,-3],[-6,1],[-1,-27],[4,-1],[10,14],[-13,-33],[0,-17],[-2,-8],[-5,-3],[1,-7],[-4,-9],[-5,-33],[-6,-2],[-7,-45],[-5,-8],[-6,-22],[-1,-19],[-16,-3],[2,-9],[-9,-53],[-32,-136],[-2,-24],[-6,-28],[1,-2],[-7,0],[0,-3],[6,0],[-6,-4],[-12,-57],[-1,-28],[-12,-1],[-1,-4],[-5,-38],[9,-3],[4,-9],[-5,-57],[-3,-8],[0,-6],[3,-2],[-3,-4],[1,-16],[-8,-30],[-3,-29],[-2,-4],[-4,0],[-6,-14],[-8,-86],[-3,-3],[-6,-37],[-3,-32],[3,-9],[-5,-5],[-1,7],[-5,-24],[-4,-2],[19,-20],[1,-8],[-3,-3],[-4,2],[6,-17],[-3,-5],[0,-17],[-3,20],[-36,-3],[4,-65],[-8,-3],[-1,-34],[1,-3],[13,-2],[-9,-3],[2,-19],[2,-3],[-5,-35],[11,-5],[-1,-17],[14,-2],[10,-8],[3,-19],[-4,-14],[4,-10],[-6,-15],[3,-17],[-5,-17],[-1,-31],[-4,-14],[4,-56],[-7,-14],[0,-10],[5,-3],[-1,-21],[-8,-42],[-1,-51],[-7,-50],[1,-26],[-5,-17],[-1,-70],[-3,-22],[3,-13],[-4,-118],[-10,-94],[0,-21],[-3,-24],[2,-4],[-6,-20],[-2,-50],[-13,-65],[-2,0],[1,-3],[-7,-11],[-3,2],[-1,-8],[5,2],[-4,-13],[-3,5],[2,-8],[-3,-7],[1,4],[-2,4],[0,-15],[-14,-13],[2,-7],[-5,4],[2,-6],[-2,-4],[-36,-59],[1,-16],[-9,7],[-5,-10],[-17,-14],[-9,-20],[-8,0],[-5,-5],[1,-17],[-6,-8],[0,-6],[-11,-13],[-5,-16],[-12,-14],[-11,-27],[-7,3],[3,-6],[-4,-9],[-5,2],[-11,-17],[2,-6],[-4,-10],[4,-3],[-1,-13],[-9,-3],[-29,-74],[-13,-52],[-9,-21],[-14,-22],[1,-5],[4,-2],[-1,-15],[-25,-110],[-18,-118],[-6,-137],[-3,-7],[5,-26],[1,-50],[4,-4],[3,-63],[4,-5],[5,-43],[9,-3],[14,-19],[3,-16],[13,-27],[16,-77],[5,-1],[15,-39],[6,0],[-4,-3],[17,-11],[17,-46],[4,-21],[-2,-4],[-3,-61],[13,-114],[-1,-16],[-23,-50],[-10,-42],[-22,-128],[-10,-82],[5,-9],[-10,-108],[-7,-2],[-2,-8],[1,-15],[11,-12],[6,0],[6,11],[17,0],[-14,-2],[1,-7],[-4,-8],[-2,-16],[32,-13],[-39,7],[-4,-3],[-7,-19],[-6,-85],[-5,-16],[-10,-6],[-9,-14],[-14,-96],[4,-178],[9,-80],[16,-47],[13,-10],[5,-12],[10,-3],[17,-16],[9,10],[1,6],[7,4],[7,-2],[9,10],[4,-22],[-1,-29],[-4,-15],[-6,-5],[-5,6],[-3,23],[-9,6],[-16,-1],[-23,-15],[26,-77],[-2,-6],[-3,2],[-1,14],[-19,55],[-23,-7],[-17,-12],[-10,-14],[0,-7],[-5,-3],[-10,-25],[-1,-19],[-7,-14],[-4,-3],[-3,-20],[-9,-23],[-6,-26],[-7,-2],[-21,12],[6,-18],[-8,-24],[19,-13],[12,-2],[-4,-22],[3,-14],[-7,-9],[1,-13],[-4,-6],[-4,3],[0,-6],[-7,-1],[8,-10],[-4,-24],[-6,-7],[-11,3],[-4,-4],[-8,14],[-15,-1],[-11,5],[-53,7],[-21,-9],[-8,-18],[-14,-47],[-2,-37],[2,-12],[11,-6],[8,5],[14,1],[15,-13],[5,2],[2,-7],[-20,-49],[-11,-61],[3,-17],[-2,-4],[5,-1],[1,-8],[-5,-9],[-10,2],[23,-17],[-35,18],[-31,1],[-13,6],[-1,-9],[-17,11],[-6,-12],[-8,-39],[2,-19],[17,-5],[9,-1],[7,7],[3,-5],[8,7],[28,-8],[-2,-4],[8,-7],[-3,-15],[15,-13],[-3,-7],[-23,15],[-15,-3],[-12,21],[-16,-6],[-26,-55],[-6,-38],[-12,-38],[9,-96],[4,-12],[-2,-13],[11,-1],[-3,-5],[4,-5],[6,-1],[0,6],[2,0],[8,-16],[6,-39],[0,-50],[-8,-34],[-13,-28],[-3,-1],[-4,9],[-14,-13],[-3,-9],[3,-13],[-20,-26],[-14,-9],[-6,4],[-20,1],[0,-31],[-3,-4],[2,-3],[-19,-35],[-10,6],[-4,23],[-4,-1],[4,-44],[-17,-20],[-8,10],[0,-5],[-8,12],[-6,-2],[0,10],[-5,5],[-2,-5],[2,-3],[-3,-3],[3,-9],[-4,-8],[-9,-2],[16,-13],[11,-23],[-5,-2],[-1,-10],[-14,-5],[-2,-15],[3,-7],[-5,-9],[-17,-15],[-8,2],[-1,-5],[-15,-5],[-3,-10],[5,-8],[-6,0],[2,-7],[-3,-1],[-2,9],[-7,-11],[8,-12],[1,-13],[-12,9],[-4,-1],[-11,-20],[7,-13],[-13,1],[-3,-3],[0,-19],[11,-32],[-1,-5],[-5,0],[-4,-12],[7,2],[-2,-9],[-13,-3],[-11,-13],[-16,-3],[1,-11],[-7,-14],[-8,4],[-13,-9],[-4,-14],[-5,-6],[-6,-2],[-5,7],[-7,1],[-4,7],[-5,-3],[0,-7],[36,-24],[-4,-16],[5,-10],[-3,-23],[-7,-15],[-8,-7],[-14,19],[-5,-10],[3,11],[-6,8],[-2,-3],[2,-9],[-6,-12],[-14,-3],[-2,-6],[2,-15],[-8,-3],[0,-4],[8,-2],[3,-6],[-5,-17],[-17,11],[14,-18],[0,-4],[-4,-16],[-10,6],[-3,-11],[-7,-1],[-4,-18],[8,10],[18,-18],[-20,-38],[6,-6],[-8,-22],[-4,1],[-12,-44],[-4,-8],[-4,1],[-14,-23],[-6,3],[-2,-6],[3,-6],[-4,-6],[-4,2],[-18,-31],[-4,2],[-20,-33],[-8,5],[-18,-23],[-4,5],[1,4],[-13,18],[-11,-1],[-4,-6],[-6,8],[-5,-8],[8,-13],[6,5],[-2,-9],[-18,-15],[-11,-14],[-7,6],[-8,-5],[0,-6],[-22,26],[-4,-7],[16,-27],[-8,-9],[-16,9],[0,-13],[-4,2],[-8,-15],[-5,-4],[-5,3],[-11,-2],[-16,-19],[-2,-11],[-5,-3],[-7,10],[-7,-2],[-8,13],[-8,-6],[2,-7],[-9,-5],[-8,-20],[15,-27],[-11,-15],[-20,0],[-27,-14],[-5,4],[-7,-1],[-4,-7],[0,-11],[-6,-4],[0,-11],[-2,-6],[2,-16],[-6,-12],[2,-4],[-5,-9],[-22,-22],[11,-36],[2,-24],[-3,-24],[-5,-5],[-10,4],[-28,-37],[-5,-13],[0,-17],[-10,-19],[-3,-24],[-25,-5],[3,-5],[-5,-5],[6,1],[-7,-5],[-3,-8],[0,-24],[-14,-24],[3,-14],[-17,-26],[-1,-17],[24,-5],[-23,2],[3,-12],[19,-1],[1,4],[1,-4],[-3,-5],[-21,1],[1,-5],[19,-3],[-16,-44],[-49,-52],[-19,-16],[-6,-17],[-12,-17],[-20,0],[-23,7],[-13,10],[-35,-12],[-2,-6],[6,-16],[-1,-10],[-26,-29],[-2,-29],[-10,-19],[-15,-5],[-21,16],[-15,28],[-10,12],[-4,-1],[-6,7],[8,-1],[16,13],[17,26],[4,27],[-12,19],[16,14],[4,9],[0,38],[-11,29],[6,23],[9,13],[-3,18],[14,41],[2,56],[-2,39],[-5,26],[4,116],[-2,42],[-4,14],[2,28],[5,9],[1,13],[2,61],[-17,29],[-11,31],[-23,0],[-7,5],[-4,-13],[-5,1],[0,15],[10,13],[2,71],[-11,57],[-14,32],[3,15],[-14,84],[-12,27],[-4,3],[3,8],[21,11],[11,23],[8,62],[0,35],[-9,34],[-19,35],[-11,-8],[-5,14],[-6,-3],[-5,6],[3,17],[-1,18],[-10,11],[-3,20],[-11,4],[-18,19],[-7,20],[-8,-1],[-5,8],[-15,2],[-7,10],[-10,0],[-6,15],[5,24],[-3,5],[-17,7],[-5,33],[-19,8],[-42,-5],[-48,12],[-19,-8],[-8,7],[-37,6],[-44,19],[-15,10],[-3,6],[-22,4],[-29,-5],[-17,-21],[-6,-19],[-7,-12],[-30,-7],[-9,-12],[-6,7],[-6,-3],[0,17],[-21,10],[-21,0],[-2,21],[-6,9],[-41,14],[-22,18],[1,9],[-12,28],[-7,30],[-9,9],[-8,2],[-6,10],[-8,3],[-11,16],[-4,16],[2,16],[-2,32],[-13,14],[-38,19],[-55,-11],[-31,9],[-12,-4],[-6,-7],[0,-6],[-2,6],[-15,2],[-41,1],[-19,-3],[-36,11],[-49,39],[-28,9],[-36,19],[-6,-5],[0,5],[-3,2],[-2,-5],[-1,3],[-16,3],[-5,-9],[-7,3],[-28,-8],[-15,-16],[-43,-22],[-30,4],[-14,11],[-5,-1],[-12,8],[-13,2],[-2,5],[-22,10],[-11,-11],[-31,-1],[1,-8],[-4,10],[-8,-1],[-9,-5],[1,-9],[-3,6],[-40,-21],[-5,-6],[3,-10],[-4,9],[-17,-13],[-17,-3],[-6,-6],[-22,-6],[-17,0],[-33,14],[-35,21],[-10,-2],[-4,-10],[-4,15],[2,7],[-19,8],[-19,-3],[-4,-25],[-17,4],[-5,14],[11,27],[-14,30],[-13,10],[-13,3],[-44,-14],[-33,-3],[-43,3],[-29,-14],[-50,5],[-6,-11],[2,14],[-22,13],[-25,28],[-10,-8],[7,14],[-14,15],[-24,10],[-36,4],[-5,8],[-19,3],[-15,9],[-17,1],[-23,11],[-3,30],[-11,18],[-1,20],[-6,32],[-7,13],[-10,12],[-13,6],[-23,20],[-1,8],[-10,21],[-64,71],[-5,-1],[-4,6],[-21,61],[0,25],[-5,20],[4,21],[-6,25],[-2,26],[2,16],[-3,-1],[-7,13],[-5,1],[-31,36],[-35,12],[-12,20],[-28,22],[-15,17],[-4,9],[-9,4],[-33,35],[-14,26],[-19,61],[-5,-3],[4,6],[-7,19],[29,69],[-2,3],[8,28],[-3,8],[-5,0],[6,2],[-1,5],[-6,-1],[4,2],[0,9],[10,26],[-2,30],[-18,55],[-14,11],[-22,44],[-31,41],[-10,24],[-5,5],[-7,23],[1,24],[8,8],[1,13],[-9,55],[16,40],[-1,32],[9,37],[9,16],[-1,23],[6,23],[1,20],[0,50],[-10,47],[5,31],[-4,10],[1,21],[-9,47],[-11,31],[0,30],[6,21],[12,24],[20,19],[4,28],[15,14],[9,35],[-1,14],[6,18],[8,8],[9,31],[11,11],[3,11],[-1,34],[9,4],[14,45],[1,18],[6,17],[1,34],[-5,22],[-3,0],[-7,12],[-6,3],[-5,15],[1,8],[10,10],[-1,20],[-4,7],[5,17],[24,27],[0,7],[10,7],[3,8],[-24,17],[-4,7],[1,8],[3,-13],[14,-10],[7,12],[-15,12],[4,32],[5,11],[-8,-41],[10,-10],[10,38],[14,-4],[-12,7],[-3,7],[7,-2],[-2,-4],[9,-3],[4,11],[4,-1],[2,8],[1,49],[3,15],[-2,71],[-7,39],[-14,38],[-45,95],[-64,101],[-14,33],[-22,23],[-61,99],[-105,146],[-22,16],[-11,14],[-30,15],[2,8],[-7,6],[-5,13],[-13,15],[-8,-2],[-4,4],[4,6],[-3,16],[-43,26],[-40,37],[-11,16],[-10,28],[-11,15],[-10,28],[-12,47],[-1,22],[-6,12],[-14,15],[-22,8],[1,11],[-3,4],[-6,1],[-4,-6],[-9,17],[-31,14],[-8,19],[1,14],[5,1],[3,7],[2,52],[11,19],[4,40],[10,28],[20,24],[13,43],[-1,20],[-15,-1],[21,6],[-22,0],[23,3],[7,23],[1,16],[5,5],[-2,32],[4,17],[0,27],[2,9],[10,15],[8,54],[1,35],[4,8],[-3,39],[6,34],[20,39],[14,9],[-7,19],[-3,51],[-9,21],[-26,32],[-34,25],[-45,7],[-26,-6],[-21,-20],[-13,-43],[-12,-16],[-2,-18],[-17,-53],[-20,-19],[-11,-23],[-12,-8],[-37,4],[-11,15],[-9,31],[1,12],[10,26],[-1,23],[-6,33],[-18,39],[-27,24],[-25,7],[-29,-6],[-52,-49],[3,-8],[-38,-14],[-2,2],[-25,-13],[-12,-18],[-9,-60],[2,-8],[22,-10],[-16,5],[-34,-61],[-5,-50],[9,-4],[-1,-13],[-10,-15],[-3,-20],[2,-12],[8,-4],[-7,2],[-6,-17],[10,-5],[-12,2],[-1,-47],[-14,-33],[-1,-15],[-7,-30],[1,-9],[7,-3],[-5,-19],[4,-7],[1,-21],[-4,-19],[10,-9],[-13,-40],[-14,-18],[5,-11],[-16,19],[-63,-36],[-8,-18],[-15,-14],[-15,-4],[-14,14],[-4,24],[-16,29],[-13,12],[-17,9],[-17,1],[-18,-14],[-3,-10],[-5,0],[1,-5],[-7,2],[-2,-5],[4,12],[-9,22],[1,27],[-8,13],[-5,-6],[-2,1],[-1,14],[6,0],[1,6],[5,1],[-2,3],[3,-1],[-6,6],[1,4],[4,-1],[4,-7],[9,5],[6,32],[-8,28],[-6,6],[-7,0],[2,10],[-2,2],[4,4],[-1,5],[-4,1],[6,13],[3,-2],[-3,11],[2,8],[-11,12],[-3,-1],[-4,-8],[-3,2],[7,28],[-5,2],[-2,-4],[-1,8],[-3,-4],[4,10],[-10,13],[-5,1],[-5,-7],[-5,3],[4,8],[-6,10],[-23,14],[-5,-4],[-3,26],[-9,18],[-17,16],[-19,33],[-24,31],[-83,82],[-18,5],[-3,10],[5,20],[-5,18],[-10,16],[-43,40],[-20,17],[-9,2],[-17,-6],[-5,-6],[1,-7],[-6,-4],[0,4],[-7,2],[-9,-10],[-1,9],[-4,3],[-21,-1],[-10,-6],[1,-9],[-5,-1],[-2,2],[3,10],[-8,16],[-33,28],[-22,12],[-11,15],[-2,-2],[-13,20],[-16,3],[-28,-19],[-6,0],[-4,-7],[-4,3],[-13,0],[-5,14],[0,15],[-20,64],[-47,37],[-13,2],[-23,-12],[-11,4],[-12,11],[-15,5],[-12,18],[-14,8],[-10,22],[-1,-10],[-19,18],[-1,12],[2,14],[-9,7],[-9,1],[-27,-10],[-36,-4],[-24,8],[-9,11],[-29,17],[-5,-2],[-5,-10],[-6,-15],[6,-5],[-10,-16],[-8,-4],[-14,9],[-1,8],[2,4],[20,13],[12,23],[14,14],[0,15],[4,12],[-2,30],[16,85],[0,29],[4,22],[-4,12],[-9,12],[-9,3],[-30,-8],[-23,23],[-16,2],[-20,-19],[-24,-38],[-23,-18],[-35,-6],[-45,6],[-34,11],[-76,67],[-28,34],[-19,46],[-27,16],[-12,14],[-10,32],[-3,49],[-8,38],[-26,33],[-32,14],[-13,-9],[-46,-2],[-16,-32],[-12,-5],[-10,2],[-20,26],[-13,45],[-13,23],[-11,2],[-7,10],[-12,5],[-57,-5],[-18,7],[-13,13],[-10,37],[-13,16],[-15,3],[-9,-11],[-11,0],[-52,40],[-19,23],[-36,19],[-10,17],[-11,-12],[-8,1],[-4,10],[5,11],[2,16],[-7,12],[-30,14],[-23,18],[-16,-1],[-44,16],[-13,0],[-11,-12],[-8,-3],[-4,12],[-2,-3],[-4,7],[0,13],[-12,4],[-4,-5],[-3,3],[-3,-4],[-5,0],[-5,25],[-12,2],[-14,-7],[-1,6],[4,0],[-1,12],[-7,1],[2,7],[0,16],[-18,18],[-3,8],[1,10],[4,6],[0,6],[-4,-1],[0,8],[6,4],[7,14],[-4,3],[-21,40],[-11,38],[-7,10],[-2,28],[-5,11],[-23,28],[-20,36],[-8,3],[7,10],[-7,21],[-44,52],[-28,14],[-15,17],[-16,52],[-6,-1],[6,7],[-1,4],[-2,5],[-8,-6],[6,7],[-6,10],[-16,16],[-19,10],[-32,40],[-35,33],[-30,57],[-12,51],[-14,33],[-28,51],[-4,3],[-18,-13],[19,16],[3,7],[-27,-16],[22,20],[-12,14],[-28,-17],[1,4],[22,17],[0,4],[-22,27],[-25,19],[-2,6],[0,13],[-3,6],[-25,-13],[25,23],[-8,16],[-38,42],[-11,31],[-4,32],[1,32],[4,1],[0,4],[-5,1],[5,5],[-7,0],[3,3],[2,13],[-18,86],[-2,27],[-9,46],[-13,43],[-5,25],[-23,61],[-63,93],[-60,47],[-20,45],[-20,86],[-4,9],[-3,3],[-2,-4],[-38,-22],[-1,25],[5,27],[3,-1],[-4,-30],[3,-9],[10,4],[20,16],[2,13],[-7,-1],[6,5],[-4,4],[6,3],[0,8],[-5,8],[2,4],[-6,14],[-5,46],[3,2],[2,-10],[4,0],[3,3],[-1,6],[-5,3],[3,4],[0,11],[25,7],[0,16],[-6,25],[-12,-1],[-3,9],[5,-7],[11,4],[5,23],[-13,1],[-1,6],[8,0],[-1,12],[-9,0],[2,-33],[-5,1],[-4,53],[3,4],[-11,21],[-6,1],[4,0],[6,7],[-9,-3],[-7,15],[-4,1],[2,5],[-12,30],[15,14],[-1,13],[-2,0],[-16,29],[-3,14],[2,1],[0,6],[-9,14],[2,6],[-3,7],[-11,-2],[-5,15],[8,2],[-3,9],[7,7],[-2,5],[-8,-2],[-8,16],[-12,-3],[1,8],[-6,-6],[-3,5],[4,6],[-2,3],[-25,-27],[-9,17],[7,10],[-5,10],[4,4],[-13,20],[16,16],[-2,5],[-29,-26],[-13,19],[5,6],[-5,8],[-13,17],[-4,-4],[-17,25],[25,24],[-1,8],[-7,22],[-8,9],[-6,-3],[0,9],[-4,6],[-5,-1],[3,5],[-2,15],[-9,19],[-7,5],[5,10],[-5,-4],[-24,32],[-25,24],[-30,-44],[-34,47],[-13,30],[-3,1],[1,4],[-13,32],[2,5],[-13,16],[-17,33],[-7,34],[-21,43],[-9,39],[-6,5],[-46,93],[-3,13],[11,14],[-1,5],[-8,8],[-14,-15],[-3,8],[14,13],[-6,13],[-12,-11],[-4,8],[2,4],[-8,5],[-24,42],[-25,9],[-7,9],[-8,27],[-11,21],[-22,21],[1,7],[-7,12],[-5,24],[-3,-2],[-28,16],[-5,-3],[3,-2],[-1,-10],[-32,-5],[-19,24],[-5,-8],[6,-12],[-9,13],[11,15],[-5,7],[-9,-9],[-7,14],[-12,-19],[-6,-3],[-26,21],[-7,-5],[-11,11],[7,14],[-3,-2],[-15,19],[-4,-4],[-4,6],[2,5],[-3,6],[2,4],[-26,77],[0,23],[-4,5],[0,8],[2,9],[6,-1],[-2,7],[4,11],[3,-1],[-6,12],[3,4],[-4,-2],[4,10],[-8,10],[-5,24],[24,9],[1,50],[-10,4],[10,-1],[6,31],[-22,3],[-1,26],[-21,0],[-2,3],[1,22],[13,1],[9,10],[18,2],[-5,2],[4,6],[-21,-4],[12,6],[3,4],[-3,1],[4,4],[-2,3],[5,7],[-17,-10],[13,19],[-6,8],[-10,-8],[-3,16],[4,3],[0,4],[-7,1],[2,5],[-2,8],[-4,0],[2,6],[-4,0],[-6,13],[4,15],[-6,1],[-6,-5],[-3,4],[-4,-8],[-7,0],[0,-5],[-6,-3],[3,14],[-2,2],[-4,-4],[-5,5],[-4,-2],[-8,13],[16,16],[-5,6],[4,5],[-5,-2],[-5,9],[12,14],[-14,-10],[-5,0],[1,8],[-5,-6],[-1,4],[9,10],[-9,-7],[8,12],[-9,-5],[-3,6],[-7,1],[1,4],[-5,0],[8,13],[-5,10],[-3,0],[3,7],[-3,4],[-7,4],[-7,-8],[-4,4],[7,4],[-2,8],[-9,-9],[-15,15],[-12,-24],[-24,20],[16,37],[-11,17],[4,9],[-4,8],[1,8],[36,22],[6,25],[2,26],[-15,13],[-20,-46],[-6,5],[16,38],[5,0],[14,33],[27,-19],[3,6],[-3,6],[16,40],[3,0],[5,7],[-2,10],[-72,56],[-38,76],[3,7],[-44,90],[-4,22],[3,5],[-5,-1],[-4,18],[-28,38],[-12,14],[-29,17],[-2,16],[-1,-15],[-5,-8],[-3,10],[-3,-3],[-29,13],[22,61],[-14,-25],[4,10],[-9,10],[-10,-15],[-4,8],[-24,10],[-1,5],[4,14],[-5,3],[-25,3],[-8,-14],[-2,9],[-17,22],[2,10],[-5,3],[-7,-16],[-27,11],[-1,2],[15,-5],[3,7],[-4,7],[-15,13],[-18,12],[-19,3],[-13,-3],[-16,14],[-7,17],[-3,0],[-1,-5],[-7,3],[-57,42],[-15,7],[-7,13],[3,21],[-16,8],[-2,6],[-10,-1],[-4,-8],[-11,0],[-2,-4],[-11,-4],[-6,3],[0,-34],[-8,-6],[-17,-2],[-4,6],[-14,-1],[-2,12],[-7,6],[-1,-5],[-6,0],[-4,-12],[-6,-6],[-5,12],[-1,-17],[-8,-5],[-3,-38],[-43,-4],[0,14],[-10,8],[1,14],[31,5],[-23,5],[-11,-4],[-1,-3],[-6,0],[-5,2],[-1,6],[-8,5],[-22,3],[-26,-10],[-6,1],[-20,-9],[-2,-4],[-5,3],[-29,-15],[-2,2],[-1,-7],[-8,5],[-10,-6],[-4,2],[-30,-20],[-8,-8],[9,-9],[-3,-7],[-5,2],[6,-13],[-3,-2],[-5,7],[-1,-5],[4,-7],[-2,-1],[-10,10],[13,-21],[-5,-7],[-3,2],[0,-4],[-8,1],[2,-7],[-2,-5],[6,-6],[-1,-3],[-8,4],[-8,-4],[-11,-16],[-7,-1],[-12,20],[0,7],[-4,-8],[-3,2],[-1,-3],[-1,6],[2,2],[-6,1],[-3,-11],[-21,-9],[-7,-7],[4,-14],[8,-5],[12,8],[0,19],[8,-1],[13,-11],[5,3],[4,-10],[9,0],[1,3],[-4,1],[2,2],[18,0],[11,-15],[-8,-8],[-7,-16],[-17,-23],[1,-16],[-10,-32],[1,-54],[-5,0],[-7,11],[-2,-14],[7,-28],[-3,-1],[-17,43],[-5,-3],[-6,-19],[-9,13],[-6,0],[-14,12],[-9,14],[-5,-7],[-6,3],[-2,9],[-6,-7],[-5,12],[5,16],[5,5],[2,-4],[5,12],[2,-5],[0,7],[4,2],[-3,3],[-9,-4],[-21,-35],[-9,-10],[-9,-2],[-2,-9],[-7,10],[-70,-36],[-5,-4],[0,-5],[3,-1],[3,-11],[-4,1],[-14,22],[14,-33],[-6,-4],[-12,10],[-4,-3],[-6,7],[-8,-23],[1,-4],[-8,-6],[5,-12],[-16,-29],[0,-22],[-4,-18],[-11,-25],[9,-36],[-15,5],[-1,-6],[11,-6],[-4,0],[1,-5],[-16,0],[-11,-6],[-7,0],[-4,4],[-6,-8],[-2,-17],[4,-56],[30,-1],[-10,-19],[0,-33],[3,-19],[6,-3],[1,-12],[14,-40],[4,-34],[-22,-3],[7,-39],[7,-13],[2,-27],[6,-11],[8,-2],[-6,-1],[0,-7],[-6,-6],[9,1],[3,-4],[-12,-4],[10,0],[-3,-8],[-4,0],[3,-6],[-11,-76],[3,-13],[4,-1],[-3,-3],[5,-5],[-2,-14],[8,-3],[0,-13],[-4,-6],[-3,-22],[-5,0],[-3,-25],[-4,5],[-6,-1],[-3,-7],[-7,0],[0,-13],[4,-5],[-2,-6],[4,-27],[4,-14],[5,-3],[2,-15],[18,-50],[-3,-19],[3,2],[11,-28],[6,-29],[2,-32],[9,-14],[1,-18],[-6,-2],[-1,-5],[6,-4],[1,-27],[9,-25],[11,-5],[13,-17],[4,-19],[7,-9],[1,-26],[-3,-15],[3,-44],[7,-7],[13,6],[0,5],[-3,4],[1,8],[4,-4],[4,-35],[-16,-10],[-13,-3],[-7,-5],[1,-8],[3,-6],[14,11],[19,6],[-11,-11],[8,-26],[12,-14],[4,0],[9,-11],[2,2],[0,-4],[7,-2],[-3,-10],[12,8],[-3,-9],[10,-17],[37,-21],[12,-42],[7,0],[1,-13],[6,-1],[0,-7],[7,-3],[0,-7],[-3,-2],[2,-5],[10,2],[2,-5],[-8,-4],[-3,-12],[0,-28],[38,-4],[3,-4],[-7,-2],[4,-26],[-33,-21],[-15,-4],[-11,7],[-15,17],[-25,-9],[-15,-13],[-10,-2],[-5,-6],[2,-4],[-6,2],[-4,-9],[-5,1],[-20,-23],[0,-7],[-27,-21],[-9,-17],[-6,-3],[-14,-26],[-9,-5],[-16,54],[2,2],[-14,16],[-2,11],[-20,19],[0,5],[-6,12],[3,2],[-4,13],[1,6],[-17,31],[-7,63],[3,15],[6,8],[-8,-2],[4,10],[-4,5],[2,5],[-10,-21],[-14,19],[0,21],[-9,-8],[-10,3],[-15,-10],[-18,6],[-2,-2],[10,-13],[10,0],[5,-10],[0,-5],[-9,-7],[9,-30],[-2,-8],[3,2],[2,-8],[0,-10],[-3,-1],[-6,6],[-16,-8],[-5,-12],[2,-8],[-5,-7],[-11,-5],[-7,-25],[-13,-14],[7,-7],[6,-1],[10,-20],[-3,-16],[-5,-1],[-3,5],[1,-13],[3,-6],[3,3],[7,-6],[0,7],[7,3],[9,-6],[-1,-10],[4,0],[-1,-8],[6,1],[-7,-31],[4,-14],[-3,-27],[27,2],[2,3],[16,-5],[15,-20],[3,-20],[-5,-11],[-22,-8],[1,-6],[-7,-7],[6,-15],[16,-5],[8,-25],[-3,-14],[-26,-10],[-5,-8],[-15,-6],[-14,-24],[-15,-11],[30,-18],[8,-14],[-5,-15],[-8,-12],[2,-9],[21,-4],[-4,-27],[2,-23],[11,-24],[-7,-60],[-6,-4],[-36,-1],[6,-14],[-3,-8],[-7,-2],[0,-9],[10,-32],[5,1],[12,15],[6,1],[33,-62],[16,5],[13,-20],[22,-14],[-3,24],[18,53],[0,9],[13,9],[11,5],[27,-8],[20,2],[3,-5],[23,-1],[16,17],[41,-20],[-12,10],[10,0],[7,-15],[-15,-22],[-13,-6],[-4,1],[-2,-12],[-5,2],[-19,-20],[-7,-1],[-3,-19],[-7,-7],[2,-10],[-2,-7],[-7,-6],[-2,2],[-1,-10],[-12,-16],[-19,-15],[-8,5],[-9,-3],[-3,-10],[-11,-8],[-5,-1],[-5,12],[-8,-7],[1,-5],[5,4],[2,-5],[-2,-7],[9,-13],[0,-17],[-33,-68],[-2,-44],[6,-17],[18,-21],[4,-45],[15,-20],[-1,-2],[-7,9],[-12,5],[-7,-5],[-3,-10],[5,-4],[1,-8],[-1,-3],[-3,7],[1,-8],[-5,-8],[2,-14],[-21,-20],[-10,-21],[-10,-6],[-4,-9],[-5,1],[-9,-13],[-6,7],[-18,3],[-8,25],[-8,1],[0,5],[-8,2],[-9,18],[-18,14],[-7,-4],[-12,13],[-2,-7],[-3,-1],[5,-5],[-4,-2],[-23,36],[-3,-1],[19,-34],[0,-5],[-6,-11],[-2,2],[-10,-15],[-18,-17],[-26,-8],[-11,6],[-10,-9],[-8,-2],[-14,4],[-9,9],[-11,2],[12,-7],[-2,-4],[4,-2],[-1,-3],[4,-4],[-6,-5],[5,-5],[-2,-18],[7,-5],[-1,-6],[14,-15],[-2,-5],[7,-14],[-2,-8],[19,-6],[10,-18],[1,-13],[-2,-10],[1,-5],[-5,-9],[7,-5],[2,-12],[2,1],[8,-17],[-1,-3],[3,1],[1,-5],[1,6],[9,4],[9,-7],[11,7],[4,-5],[-7,-10],[5,-1],[1,4],[28,-4],[16,-6],[-3,-4],[3,-2],[0,4],[6,4],[5,-1],[1,7],[12,-2],[8,-17],[-11,6],[5,-6],[-2,-13],[2,-13],[4,-1],[0,-5],[9,-7],[-2,10],[7,1],[6,-5],[11,-27],[0,-17],[19,-9],[0,-5],[-4,-1],[-48,15],[-2,-5],[0,-14],[-8,-1],[-3,-9],[-9,-2],[2,-54],[10,-6],[0,-10],[5,-10],[-7,-22],[-8,-7],[-1,-8],[-5,0],[-1,15],[-3,4],[-2,-11],[5,-17],[-13,-12],[0,-7],[-6,-1],[-4,8],[-7,3],[-6,-18],[0,-21],[-7,-24],[1,-27],[1,-4],[3,10],[7,-7],[4,-36],[5,-16],[-1,-9],[-4,-1],[-8,10],[-4,-2],[-6,4],[-1,-3],[-10,2],[-5,15],[2,2],[-4,3],[-4,1],[-1,-6],[-20,5],[-4,12],[5,10],[-5,4],[6,13],[-10,-5],[-2,-16],[-6,2],[-2,-12],[-4,0],[-5,9],[-7,1],[-1,8],[-11,4],[-6,-6],[0,-7],[4,-11],[8,-6],[-5,-21],[2,-13],[4,-3],[-1,-5],[-24,-28],[-38,-17],[1,-9],[-2,-6],[0,-11],[-3,0],[1,-9],[-5,-6],[-11,9],[-5,16],[-36,15],[-4,-1],[-1,-4],[-2,5],[-17,8],[-6,19],[-10,6],[-3,-3],[0,6],[-13,15],[-26,16],[-3,-2],[-7,3],[-5,13],[-13,0],[-3,5],[-13,-2],[-2,4],[-14,-7],[-2,4],[-25,-3],[-5,6],[-4,17],[-15,16],[-6,-1],[-3,5],[-58,31],[-23,46],[-2,11],[-16,20],[-25,22],[-111,36],[-4,8],[-8,7],[-44,24],[-42,6],[-13,-5],[4,-13],[-7,-4],[-10,20],[6,7],[-4,5],[-5,1],[-26,-12],[-33,-34],[15,-41],[-138,-110],[6,-18],[-11,17],[-16,-42],[-17,-14],[-19,-23],[5,-14],[-4,-3],[-2,1],[2,5],[-6,11],[-29,11],[-42,-5],[-3,-5],[-2,5],[-8,-5],[-4,3],[-2,-13],[6,-10],[-9,9],[-8,0],[-1,12],[-6,3],[-3,-17],[-2,14],[-24,0],[-33,26],[-13,1],[-3,-4],[-12,16],[12,-37],[8,-8],[2,-30],[-6,-1],[-12,12],[-3,-3],[0,-10],[-11,0],[1,-9],[-6,3],[-1,7],[-2,-4],[-6,0],[2,-6],[-11,5],[0,7],[-20,2],[-3,-13],[7,-17],[4,-5],[-1,-3],[6,-14],[0,-10],[-4,-1],[-17,16],[-5,-2],[0,-5],[-5,1],[-1,-13],[19,-16],[3,-16],[-7,-5],[1,-6],[-3,-2],[15,0],[-4,-15],[1,-5],[-12,-3],[1,-7],[-5,5],[-5,-1],[-4,-7],[-3,3],[0,-7],[-8,-5],[-1,-7],[-4,1],[-3,-6],[-20,-14],[-8,-1],[-3,-37],[-5,-4],[-3,-16],[4,-3],[8,-23],[-13,-5],[3,-13],[-12,1],[1,-8],[-10,-7],[3,-3],[-1,-3],[-5,1],[-11,-7],[-11,10],[-3,7],[-14,8],[-3,11],[5,0],[1,6],[-10,-2],[-3,7],[0,-17],[-8,-6],[0,-6],[-7,-6],[-4,2],[-10,-6],[-3,3],[-13,-11],[-1,-7],[4,1],[4,-15],[-2,-12],[-5,-3],[2,-5],[-4,1],[-3,-6],[6,-19],[0,-27],[3,-20],[4,-6],[-2,-2],[3,-5],[-1,-9],[9,-8],[18,-35],[-2,-6],[3,-4],[8,-4],[7,-13],[12,0],[27,-22],[1,-22],[4,-3],[-1,-7],[12,7],[-6,-9],[9,-13],[10,-37],[9,-18],[-5,-1],[0,-4],[7,-7],[-1,-6],[13,-17],[2,-13],[10,2],[10,-17],[5,1],[3,-3],[3,4],[9,-36],[11,-5],[31,-1],[18,-5],[60,-46],[2,-5],[8,0],[21,-33],[-1,-4],[13,-7],[-2,-9],[4,-1],[3,-12],[3,3],[4,-4],[4,-19],[18,-27],[1,-16],[4,-1],[-1,-10],[4,-2],[-1,-12],[9,1],[3,-15],[4,4],[11,-9],[20,3],[29,-48],[-12,-23],[-10,-11],[-7,-5],[-2,4],[-11,-16],[-10,10],[-3,-10],[-3,1],[0,-8],[-3,-1],[3,-7],[3,9],[2,-1],[-3,-8],[3,-18],[-8,-10],[2,-2],[-10,-8],[14,-4],[5,-16],[10,-12],[4,3],[5,-4],[5,4],[4,-3],[2,9],[7,2],[9,-4],[-2,-11],[5,3],[0,5],[12,-4],[2,-11],[5,2],[2,-7],[8,-3],[8,-31],[-4,-8],[-10,-2],[-7,4],[-3,-6],[10,-4],[-1,-6],[5,-4],[-3,1],[-2,-5],[5,-6],[-3,-3],[0,-24],[5,-12],[-1,-13],[-6,-11],[-3,0],[-6,11],[-26,-5],[-9,8],[-3,-5],[6,-12],[-3,-4],[-6,2],[-4,12],[-31,-2],[16,-4],[5,4],[8,-5],[1,-53],[12,-2],[6,20],[13,4],[9,-11],[2,-10],[0,-15],[-4,-12],[6,-2],[-1,-6],[-4,-4],[-4,5],[-13,-29],[-7,-6],[-1,-7],[-8,-2],[-5,-11],[1,-29],[9,-18],[-1,-24],[3,-9],[-8,-46],[6,-20],[10,18],[5,-1],[-2,6],[3,14],[13,15],[5,18],[9,6],[7,1],[4,-5],[3,5],[9,-1],[1,9],[10,5],[0,6],[13,6],[4,10],[10,3],[8,0],[6,-19],[3,24],[41,14],[9,11],[13,2],[8,15],[11,6],[2,-3],[2,5],[8,-1],[14,22],[-1,5],[9,-1],[4,8],[4,-4],[10,7],[7,-2],[6,-8],[5,-14],[7,1],[3,5],[14,0],[8,-15],[0,-7],[2,4],[4,-1],[1,-10],[3,2],[2,-10],[-2,-4],[7,-5],[-2,-8],[13,-2],[-2,-3],[4,-4],[17,-10],[7,-19],[1,5],[4,-7],[7,-1],[3,-6],[-10,-32],[-2,-14],[3,-15],[-6,-10],[-5,0],[6,-8],[0,-8],[-5,-7],[-4,5],[-2,-2],[4,-6],[-9,-7],[0,-9],[-6,-10],[-4,-15],[-15,-13],[-5,0],[0,-6],[-20,-19],[-13,-4],[-2,-9],[-7,1],[1,5],[-4,-3],[-3,-4],[1,-8],[-8,-9],[-10,3],[-4,-5],[4,-1],[-1,-6],[-4,-8],[-10,-9],[-12,-5],[-1,-7],[-20,-6],[-10,1],[-1,5],[-6,-9],[-11,-1],[-9,-6],[-3,2],[-2,-6],[-11,-4],[-10,2],[-13,-11],[-6,18],[-4,-20],[-18,-3],[-2,4],[-2,-5],[-13,-4],[0,-4],[-8,-2],[0,-3],[-8,0],[-14,17],[1,-11],[-9,-13],[-1,-7],[-4,1],[-2,-9],[4,-22],[-3,-3],[3,-2],[-11,-3],[5,-6],[11,-3],[0,-4],[5,-6],[-17,-13],[0,-8],[-6,-6],[-1,4],[-2,-12],[-5,-7],[-8,5],[-7,-9],[-16,-5],[-34,1],[-3,-7],[-9,1],[-13,-21],[-11,0],[-4,-10],[-12,-5],[-5,1],[-2,6],[-12,3],[-23,22],[-31,7],[-7,-2],[-12,-21],[15,-26],[3,-17],[6,-6],[-3,-9],[3,-3],[-10,-6],[-8,-12],[-12,-10],[-4,-26],[-12,-8],[-9,3],[-5,22],[-18,16],[-9,16],[-12,11],[-11,37],[-4,-1],[-23,-35],[-9,-9],[1,-17],[10,-2],[7,-17],[-1,-5],[-4,0],[10,-14],[32,-15],[8,1],[1,-6],[7,-4],[0,-7],[17,-16],[7,-4],[17,3],[24,-8],[10,2],[19,-13],[5,-9],[-1,-5],[6,1],[0,-5],[16,-7],[1,-17],[15,-48],[9,-3],[3,-5],[2,5],[2,-10],[4,14],[15,11],[12,-3],[6,-8],[9,-1],[14,-21],[-1,-10],[5,-3],[7,-33],[-3,-7],[2,-6],[21,-31],[21,-10],[8,3],[19,-6],[-26,-39],[-2,-9],[-8,-5],[3,-7],[-6,-6],[2,-2],[-4,-4],[1,-6],[-4,0],[3,-13],[-5,-3],[-5,-19],[-17,-2],[-1,5],[-3,-2],[-8,5],[-8,10],[-4,12],[1,20],[17,27],[-5,8],[7,8],[-2,9],[9,17],[-5,11],[0,14],[-8,-23],[-13,-5],[-13,-13],[4,-19],[-7,-19],[1,-10],[-10,-13],[-16,-13],[-9,-2],[-4,-6],[-34,-12],[-3,-4],[20,-23],[19,-4],[4,-15],[1,-17],[3,-3],[-1,-13],[2,-2],[-5,-6],[3,-2],[1,-31],[-7,-24],[8,-22],[-6,-10],[2,-9],[11,1],[14,-22],[4,-1],[2,5],[4,1],[6,7],[4,0],[2,-9],[2,1],[10,9],[-2,4],[6,6],[31,-19],[24,7],[12,-14],[4,-26],[-8,-47],[4,-7],[-2,-6],[3,-1],[2,-19],[3,-1],[1,11],[-4,18],[3,2],[4,-4],[-2,-16],[4,-7],[4,6],[-2,6],[3,0],[-7,-72],[2,-12],[-3,-5],[3,-8],[-2,0],[7,-59],[-3,-19],[9,-8],[0,5],[3,-1],[0,-7],[8,-3],[-1,5],[3,-3],[1,7],[5,0],[9,-12],[-2,-9],[14,-3],[-4,-8],[8,3],[3,-6],[-1,-5],[4,-2],[4,-12],[13,-8],[7,1],[0,4],[5,-3],[5,2],[2,5],[19,12],[14,0],[14,6],[23,20],[24,5],[16,-11],[19,-4],[9,-8],[8,-16],[6,-37],[14,-6],[1,-4],[5,4],[43,-23],[12,-3],[50,7],[22,-12],[18,-17],[31,-62],[7,-58],[8,-22],[-3,-18],[-8,-11],[1,-27],[5,-21],[25,-35],[9,-4],[1,-7],[5,-6],[-1,-21],[-5,-7],[-1,-11],[-15,2],[-13,-13],[-14,-56],[-25,-31],[-7,-3],[-4,-13],[-13,-3],[-2,-12],[1,-8],[-12,-13],[-7,-3],[-11,-20],[-1,-15],[-12,-16],[-19,-11],[-3,-13],[-10,1],[-19,-11],[-9,3],[-2,5],[14,27],[11,37],[10,6],[1,5],[-4,7],[1,14],[-18,25],[-3,-2],[2,-5],[-12,4],[-10,-6],[-26,7],[-9,25],[0,13],[-8,-8],[-10,1],[-14,16],[-19,2],[-9,6],[-4,17],[6,7],[1,23],[3,9],[-4,12],[-6,1],[-6,14],[-8,-2],[-8,12],[-5,-1],[3,28],[-23,-8],[-34,5],[-28,-24],[-8,-3],[-4,-10],[-19,-18],[-22,-9],[-28,7],[-14,-3],[-17,6],[-6,-3],[-5,6],[-3,-3],[-21,6],[-5,-6],[-1,3],[-17,-5],[-4,3],[-9,-8],[-6,0],[-20,-22],[-3,-15],[-6,-8],[-6,-16],[-2,-16],[-7,-5],[-20,6],[-5,-10],[6,19],[0,13],[-27,21],[-17,2],[-12,-11],[-9,-16],[-12,-5],[-3,3],[0,-4],[-16,-15],[-20,-31],[-3,-8],[2,-11],[-5,-5],[-3,1],[-15,-21],[-9,-5],[2,-2],[-8,-30],[-11,-19],[-3,-18],[-18,-35],[-8,-4],[2,-21],[-10,-45],[-7,-14],[-10,-59],[-16,-47],[1,-11],[-5,-5],[-3,-20],[-24,-12],[-8,9],[-7,-13],[-6,10],[-6,-2],[1,8],[-3,-3],[-6,2],[2,-4],[-12,-5],[-6,-7],[-3,1],[-1,10],[-4,-3],[-16,-34],[-3,1],[-5,-6],[-11,1],[-13,-13],[-17,0],[1,-13],[8,-23],[-5,4],[-15,-1],[5,-6],[8,-24],[8,-11],[4,3],[3,-5],[-2,-5],[-11,-10],[8,2],[0,-14],[-2,-6],[-7,2],[-15,-4],[2,4],[-12,-5],[-10,13],[0,8],[-12,-2],[9,-3],[-11,-6],[-17,-2],[-16,-12],[-10,-24],[-11,-18],[-3,-1],[-3,6],[-2,-7],[6,-2],[-2,-7],[-4,-4],[-2,3],[-3,-8],[-4,-1],[-20,3],[-18,14],[-19,2],[12,-28],[3,-22],[4,-7],[-2,-19],[15,-9],[1,-15],[4,-4],[1,-21],[-4,-2],[-2,-6],[-10,-1],[16,-2],[-15,-22],[7,-12],[-7,-15],[8,7],[10,-3],[5,-5],[8,-19],[6,-1],[5,18],[13,12],[6,-4],[2,-16],[-10,-19],[3,-9],[24,5],[9,-9],[16,-3],[7,-11],[7,4],[-2,-18],[4,10],[9,3],[8,-4],[-2,-4],[14,-18],[2,5],[17,-4],[6,-14],[-2,-2],[5,-2],[5,-11],[-1,-5],[23,-47],[7,-5],[2,-7],[4,0],[-2,-11],[3,-9],[-6,-8],[-1,-11],[-6,-12],[2,-3],[-19,-10],[-13,-40],[-4,-2],[-3,5],[-6,-4],[4,-9],[4,0],[-4,-4],[-14,2],[-12,-14],[3,-3],[-6,-14],[3,-16],[-2,-13],[7,-8],[-8,-12],[-2,-19],[10,-4],[3,-6],[-3,-6],[16,5],[-10,-9],[4,-5],[2,-11],[6,11],[9,2],[11,12],[13,-22],[10,-3],[2,-6],[13,-8],[3,-8],[16,5],[-1,-15],[12,-25],[8,2],[18,-8],[13,-15],[8,10],[-2,-11],[3,-12],[5,-2],[5,-11],[16,9],[14,-18],[12,-1],[8,-26],[-2,-9],[10,-7],[21,-28],[3,4],[-3,6],[6,-8],[2,10],[12,2],[11,14],[-7,18],[-2,39],[11,35],[5,5],[0,13],[9,9],[4,33],[5,6],[15,-5],[8,10],[11,3],[46,-38],[12,-4],[43,2],[6,6],[0,12],[6,-1],[0,4],[2,-3],[3,7],[16,1],[21,9],[8,22],[16,9],[18,-3],[6,5],[13,-12],[12,6],[9,-2],[6,-8],[11,-3],[16,-16],[6,3],[7,-6],[2,-9],[5,-4],[22,6],[6,-5],[14,1],[1,-7],[4,-2],[2,3],[-2,10],[2,15],[-11,12],[-2,13],[3,6],[9,-1],[18,-13],[21,-26],[3,-10],[-3,-17],[7,-10],[13,-7],[15,0],[4,7],[6,0],[4,-6],[12,0],[8,10],[7,27],[-3,54],[14,16],[2,12],[10,9],[7,31],[15,9],[15,-31],[14,-14],[15,-9],[13,-21],[33,-30],[14,2],[15,-4],[3,4],[21,5],[13,-12],[7,-24],[11,2],[-6,-13],[3,-4],[-7,-10],[9,-10],[0,-6],[-7,-5],[-1,-10],[-6,-12],[-12,-8],[-4,1],[1,-4],[-3,1],[0,-3],[17,-26],[22,-14],[14,-20],[4,-18],[4,-1],[-3,-5],[9,-19],[-2,-6],[3,4],[11,-2],[25,6],[30,29],[-1,-21],[22,-8],[2,-8],[-5,-21],[-12,-24],[-2,-19],[-15,-8],[-12,-23],[-1,-16],[9,-12],[-5,-12],[8,-4],[1,-8],[-6,-3],[-2,-14],[-13,-2],[-5,-4],[-5,-21],[2,-9],[13,-12],[3,-11],[-3,-5],[1,-8],[6,-11],[2,-13],[-5,-13],[-3,-1],[4,-8],[-10,-1],[-8,-10],[-9,6],[-21,3],[-9,-3],[-2,-8],[-4,5],[-5,-8],[-10,9],[-2,-3],[-2,5],[-2,-2],[-2,5],[-2,-5],[-10,28],[-14,7],[-1,-4],[-4,4],[-6,-5],[-1,12],[-11,-7],[-13,34],[0,9],[-7,7],[-5,-2],[-1,12],[-6,8],[2,9],[-7,1],[-4,11],[-12,3],[-14,9],[-7,-10],[5,-3],[-2,1],[-5,-7],[0,-5],[-4,-2],[-4,11],[5,5],[-11,2],[3,9],[-3,11],[-4,4],[-7,-3],[-6,-12],[-9,5],[-6,-2],[-6,-13],[-6,-5],[-7,3],[-5,10],[-8,-3],[-5,4],[-9,-23],[-11,-16],[-14,5],[-12,-9],[-19,-3],[-18,-17],[-7,4],[-9,-3],[-5,-7],[-6,-1],[-1,-8],[-5,0],[-2,-6],[-17,1],[-5,-4],[-1,-9],[-21,-43],[-1,-45],[-7,-23],[-5,-5],[-3,-10],[7,-35],[-9,-4],[-4,5],[5,-11],[-6,-10],[1,-9],[-4,0],[-10,-11],[-2,4],[-1,-5],[-5,4],[-5,-12],[2,-5],[-3,-16],[6,-16],[10,-12],[26,8],[5,6],[6,-1],[2,-5],[-7,-19],[-10,-13],[4,-2],[-1,-15],[-6,-1],[-6,-9],[2,-4],[8,4],[7,-11],[-3,-18],[-4,-2],[1,-8],[-5,-11],[-7,0],[-3,-5],[-9,5],[-5,8],[-3,12],[-3,-1],[-2,4],[5,11],[-11,11],[-4,10],[2,4],[-5,0],[-3,-4],[3,-11],[0,-13],[-4,-5],[-4,2],[-4,-6],[3,-3],[-2,-20],[-5,-18],[3,-11],[-11,-4],[0,-4],[-5,2],[-1,7],[4,9],[-7,5],[-4,23],[-13,2],[-3,-14],[-14,-2],[-1,8],[3,3],[-4,3],[-6,18],[-3,-6],[1,-31],[-3,-17],[-10,-7],[-1,6],[-7,-1],[-5,6],[-3,-5],[-3,-34],[-5,5],[-6,-6],[1,10],[-10,24],[-5,1],[-6,-7],[1,22],[-8,-6],[-8,-13],[0,12],[-10,-4],[-7,5],[-9,25],[5,6],[-4,6],[-18,-7],[-8,-9],[-5,15],[-16,20],[-9,-7],[1,5],[-7,6],[-16,-4],[-21,2],[-13,-19],[3,-2],[-5,-15],[-12,16],[0,9],[-3,3],[-10,-2],[-10,13],[-19,-9],[1,11],[-2,2],[-17,-9],[-2,11],[-9,4],[-7,-10],[-8,4],[-9,-20],[1,-10],[-6,-7],[-3,1],[2,7],[-2,7],[-25,-16],[-5,4],[-17,-1],[-8,-12],[-19,-3],[-9,-11],[-3,-12],[-7,5],[-5,-7],[-6,2],[-15,-24],[-12,-7],[3,-15],[-4,-4],[-4,1],[-14,-29],[-3,-1],[-5,-9],[0,4],[-3,-4],[-5,-9],[-3,2],[-8,-4],[-8,-13],[-38,-4],[-4,-7],[-3,4],[-8,-8],[-3,4],[-4,-4],[-8,1],[-7,10],[-6,27],[-7,8],[-3,-2],[-1,6],[-11,12],[-3,21],[-12,3],[-3,-8],[-4,3],[-2,12],[-14,4],[-12,-5],[-5,-5],[-4,-16],[2,-5],[-6,-3],[-5,-16],[2,-14],[5,-9],[-5,-28],[3,-12],[-11,-13],[-5,4],[-1,-12],[-1,5],[-3,-4],[-1,7],[3,21],[-4,3],[0,6],[-6,-2],[-1,7],[-15,-21],[-7,1],[-1,9],[-10,-5],[-6,8],[-3,-17],[-3,6],[1,20],[-3,1],[-1,-14],[0,20],[-6,8],[-1,-5],[-6,-6],[-5,4],[-7,-11],[-8,15],[6,17],[-2,17],[-15,-2],[-1,16],[-4,8],[-5,-7],[-6,0],[-3,5],[-2,-5],[-1,7],[-3,-4],[2,21],[3,7],[-2,20],[-4,-7],[-4,6],[-2,-6],[-5,1],[-5,-9],[-4,6],[-2,26],[-2,-2],[-12,13],[-2,-4],[-22,12],[-4,0],[-5,12],[-1,22],[-8,11],[4,7],[1,-3],[9,6],[11,13],[-3,14],[-7,-4],[-2,4],[-7,-7],[0,11],[-3,1],[-4,-1],[-3,-8],[1,6],[-7,-3],[2,9],[-6,5],[-16,-11],[-12,17],[-3,12],[6,2],[6,-6],[11,7],[-4,7],[-19,8],[-6,9],[-2,7],[4,-5],[-4,12],[9,7],[-4,8],[-9,-14],[-26,13],[-5,7],[8,0],[-3,15],[-7,4],[-1,-4],[-3,1],[-6,7],[6,-16],[-8,12],[-16,6],[-12,21],[3,3],[-2,6],[-7,3],[-2,-8],[-2,18],[-3,-6],[-5,2],[1,4],[-2,-1],[-4,8],[-15,1],[-8,-23],[-12,-6],[-9,2],[-1,-3],[-3,11],[-9,8],[-11,-4],[-5,-11],[-5,1],[-4,11],[-6,2],[-7,11],[-2,-9],[1,-9],[-5,7],[-6,-14],[-10,-6],[-2,-15],[-8,3],[11,-17],[3,-16],[1,-15],[-2,-6],[-5,-1],[2,-10],[-7,-4],[-7,14],[0,-10],[-6,4],[0,19],[-2,-5],[-3,14],[2,6],[-3,12],[1,27],[-3,4],[4,14],[-5,6],[4,2],[0,9],[3,4],[-2,5],[-4,-2],[-7,6],[-1,-3],[-8,9],[-6,10],[0,15],[3,1],[6,-13],[16,-12],[17,6],[12,14],[16,44],[-1,49],[5,46],[-8,28],[-4,0],[-9,11],[-2,-2],[0,5],[-8,8],[-8,-3],[-1,-7],[-4,1],[2,12],[-6,2],[-3,5],[-8,-7],[-1,9],[3,10],[-5,-4],[-6,7],[-3,-2],[-8,19],[-11,2],[-3,8],[2,20],[-2,4],[-4,-2],[6,7],[2,9],[6,4],[-2,24],[-4,2],[3,4],[-2,6],[5,15],[-4,11],[-14,16],[-18,14],[-2,-4],[-3,4],[-7,-2],[-5,-6],[6,-8],[-9,4],[-2,-5],[2,-11],[-3,5],[1,-4],[-3,0],[0,5],[-2,-2],[-4,3],[-2,15],[-4,1],[4,18],[-5,12],[-7,9],[-20,9],[-36,8],[-27,-4],[-16,-18],[1,-13],[-5,-6],[-1,-10],[-6,3],[-17,-9],[-15,-19],[-4,-11],[-9,-6],[1,-9],[-27,4],[-17,-8],[1,-11],[-5,-2],[0,-12],[-2,5],[-3,-6],[1,-13],[-3,5],[-2,-2],[-3,-27],[-5,0],[-2,-15],[-2,0],[2,-15],[-7,7],[-1,7],[-1,-8],[-6,-4],[-3,7],[0,-6],[-5,8],[-11,5],[-16,-9],[-7,-19],[9,-13],[-4,-1],[4,-8],[-2,-6],[3,-5],[-15,-11],[2,-22],[-10,-23],[-2,3],[-4,-4],[6,-8],[-5,-19],[2,-13],[-8,-2],[-7,14],[-6,-1],[-11,-15],[4,-11],[-7,-13],[-1,6],[-8,2],[-11,-3],[-8,-10],[-4,-21],[-19,-34],[-2,-26],[-8,-10],[-4,5],[-7,-5],[-1,-9],[-10,-23],[-4,4],[-2,-6],[-10,-3],[-4,-6],[-1,7],[-4,2],[-1,-6],[-2,7],[-10,-12],[-1,-10],[-4,6],[-18,9],[-9,-10],[-5,1],[-7,-11],[0,-18],[-6,8],[-5,-12],[-1,4],[-6,-19],[-2,3],[-4,-6],[-6,1],[-7,-5],[-15,21],[-7,3],[-9,15],[-6,-6],[-1,-10],[-3,5],[-8,2],[-3,5],[1,6],[-10,11],[-3,12],[-4,-2],[0,6],[31,23],[0,8],[7,2],[5,9],[11,3],[4,6],[-3,2],[4,0],[6,12],[7,1],[-1,3],[5,4],[3,15],[12,6],[9,14],[3,1],[7,21],[5,0],[3,6],[3,-1],[19,53],[5,28],[9,5],[6,-9],[7,8],[14,58],[0,15],[-8,25],[15,35],[3,18],[-2,8],[3,1],[-1,7],[5,6],[7,-2],[6,11],[4,0],[8,22],[4,5],[7,1],[4,7],[14,-1],[5,-7],[22,15],[6,-1],[23,25],[7,-2],[7,-9],[14,8],[8,-2],[16,4],[1,5],[19,10],[2,5],[7,1],[6,14],[4,0],[4,9],[5,5],[-1,14],[-5,-2],[-1,5],[-2,-1],[2,4],[-3,11],[-3,0],[1,5],[-6,3],[1,12],[-8,1],[4,5],[4,-3],[-7,23],[2,4],[-4,-1],[-10,15],[-3,-6],[-13,0],[-18,6],[-14,-5],[-10,-13],[-22,0],[-27,8],[-21,0],[-35,-21],[-51,-3],[-19,-16],[-2,-30],[-11,-20],[-26,8],[-15,-9],[-1,6],[-29,-32],[-4,7],[-1,18],[-22,0],[0,-4],[-11,-6],[1,-10],[-6,-15],[-4,-2],[-4,7],[-4,-6],[-2,5],[2,1],[-3,4],[14,17],[-12,-12],[4,15],[9,12],[2,-4],[8,3],[-2,5],[3,3],[-1,4],[-3,2],[-3,-4],[2,7],[-6,-7],[0,8],[2,6],[7,6],[5,-1],[5,7],[1,12],[-9,-2],[10,4],[0,13],[-8,5],[15,31],[-3,4],[-3,-1],[0,5],[-8,-5],[2,8],[-10,-13],[-7,-4],[-3,5],[1,12],[4,6],[12,0],[-6,13],[-5,-3],[1,7],[6,11],[11,4],[7,20],[-1,5],[9,17],[0,8],[-7,38],[1,4],[-4,5],[-2,-4],[-4,5],[-3,-5],[-2,2],[4,5],[0,11],[2,1],[-1,12],[-12,7],[-3,7],[2,17],[20,32],[4,17],[-7,40],[-2,7],[-4,2],[2,4],[-4,0],[6,17],[-9,9],[-4,-1],[1,9],[-5,6],[-1,8],[-26,27],[-12,8],[-11,0],[-45,36],[-56,22],[-47,4],[-20,-9],[-18,11],[-12,2],[-17,-10],[-10,2],[-14,-8],[-19,9],[0,-4],[-2,3],[-8,-2],[-8,-6],[-9,-17],[0,-16],[-6,-13],[3,-7],[6,-3],[1,-5],[-6,-16],[-7,1],[-4,-7],[-2,7],[-7,3],[-7,-4],[-1,-4],[-2,3],[-5,-2],[-25,-42],[-9,-26],[-1,-17],[-12,-35],[0,-8],[-11,-23],[-6,-30],[-12,-31],[-7,9],[-14,1],[-8,6],[-2,-9],[-7,-8],[-4,9],[-3,-3],[-1,11],[-3,0],[-1,-12],[-8,12],[2,7],[-4,10],[11,0],[8,16],[-2,14],[-7,4],[-1,8],[-6,-5],[1,16],[-5,4],[5,17],[-2,15],[4,8],[-1,9],[-6,10],[-14,-2],[-3,-5],[-3,4],[-1,-4],[-5,4],[1,4],[6,5],[2,13],[5,3],[-3,5],[5,1],[-4,14],[-29,29],[-6,-5],[1,-9],[-4,5],[-8,-7],[-4,-9],[3,16],[-8,17],[-1,9],[14,22],[9,-1],[3,12],[-2,8],[-7,3],[-10,13],[-12,-9],[4,6],[-2,7],[9,5],[-1,11],[-5,19],[-13,21],[-28,31],[-65,48],[-5,1],[-2,-7],[-3,0],[-4,9],[-5,2],[-6,-9],[-7,-3],[1,-7],[-4,-4],[4,-4],[-4,3],[-8,-6],[1,15],[-5,-4],[2,-4],[-2,1],[-6,-12],[-5,9],[1,23],[-4,-2],[0,-4],[-3,2],[-2,12],[-3,-1],[2,5],[-7,1],[-3,15],[-7,2],[-12,-6],[-7,-7],[-2,-7],[3,-7],[-7,-6],[-2,-17],[-4,6],[-8,-7],[-5,-17],[-16,-15],[-9,-21],[-13,-6],[-11,-14],[-9,2],[-7,-6],[0,-5],[-4,-2],[3,-11],[-5,-15],[-1,16],[-7,0],[-5,-25],[3,0],[0,-4],[-3,-10],[-1,10],[-12,-7],[-5,-11],[-7,-7],[7,2],[-21,-16],[1,7],[9,10],[-4,-1],[5,18],[7,7],[-3,11],[5,13],[0,20],[5,3],[4,12],[-1,9],[5,1],[6,8],[-1,5],[3,6],[-3,25],[-4,12],[-13,15],[-13,7],[-6,-15],[-9,-7],[5,9],[-5,1],[-12,-11],[-3,6],[0,14],[-2,0],[0,-12],[-18,-31],[-11,8],[2,-6],[-4,-12],[-14,-7],[-7,3],[0,-4],[-13,7],[2,-9],[-5,-4],[-2,6],[4,8],[-4,7],[-6,2],[7,2],[0,15],[-5,2],[-2,5],[5,25],[-3,-1],[0,4],[-8,6],[-5,-4],[-2,5],[-6,-10],[-4,0],[-8,-21],[-3,-1],[-2,-34],[-9,-22],[-5,-4],[-9,3],[0,-9],[-5,-9],[-18,-20],[-11,-8],[-11,5],[-6,24],[-7,-7],[4,-17],[-6,-3],[-4,2],[-1,5],[4,5],[-1,2],[-12,-2],[-5,3],[1,32],[5,13],[-11,-2],[-1,13],[1,9],[7,-5],[-1,19],[3,21],[12,10],[4,8],[4,21],[-6,29],[-4,13],[-13,17],[-32,17],[-9,-5],[-2,5],[-23,14],[-4,30],[11,16],[10,7],[7,35],[-8,5],[0,4],[10,5],[15,19],[7,19],[6,2],[10,18],[9,-5],[7,-13],[11,0],[10,-12],[12,-4],[16,12],[9,35],[14,3],[8,-5],[19,32],[4,14],[-1,20],[-2,9],[-9,12],[-2,25],[7,11],[10,-24],[9,14],[-16,20],[-31,60],[-23,23],[-12,8],[-8,-2],[-7,-18],[-8,-5],[-53,70],[-33,20],[-38,12],[-31,4],[-22,-9],[3,-16],[-7,-35],[-8,-20],[-18,-26],[1,-5],[5,-5],[-1,-11],[-7,-9],[2,-23],[-5,-8],[3,-7],[4,1],[-1,-4],[-13,-14],[-9,1],[-19,-12],[-8,-1],[1,6],[-5,2],[-14,-7],[-7,2],[-12,-8],[-12,-1],[-9,-14],[2,9],[-4,8],[-4,0],[-4,-15],[-9,-9],[-6,15],[3,18],[15,21],[-1,5],[-14,10],[3,9],[-6,1],[6,9],[0,17],[7,20],[-9,0],[-3,8],[22,35],[-8,31],[-9,10],[-8,2],[-11,-16],[-4,8],[2,10],[-5,4],[-9,-3],[-3,-28],[-5,-6],[-6,3],[6,15],[-1,2],[-5,-5],[0,10],[-6,-5],[-4,5],[-9,-3],[-22,-18],[-15,15],[-5,-3],[-3,-15],[-7,2],[-1,3],[5,8],[-4,8],[-27,4],[-19,28],[-6,-2],[-3,4],[2,17],[-3,17],[-23,50],[-20,8],[-16,17],[-39,13],[-13,2],[-9,-5],[-13,-24],[-6,-4],[-6,-10],[1,-18],[-5,12],[-6,-2],[-3,4],[-2,-22],[7,-17],[-8,-16],[-5,7],[3,19],[-3,12],[-6,5],[-10,-1],[-7,-18],[-8,-7],[-2,-13],[-6,-5],[-3,-13],[-6,5],[-4,-13],[-6,-1],[-5,-6],[-2,11],[9,11],[-4,14],[-19,5],[-1,6],[-7,-5],[-6,8],[-1,6],[-5,-1],[-1,5],[-9,-8],[-6,12],[-4,-2],[1,7],[21,26],[-3,12],[16,28],[3,37],[6,9],[2,23],[9,24],[12,4],[0,7],[-6,6],[0,28],[-6,23],[-16,15],[-19,9],[-31,-9],[-4,-4],[-14,-41],[-10,-5],[1,-20],[-4,-1],[-4,13],[-7,-1],[-6,-10],[0,26],[-7,7],[-4,-3],[-4,2],[-11,-14],[9,24],[6,5],[-1,13],[-15,-4],[-3,4],[-8,0],[-12,-10],[-5,3],[-7,-3],[-2,7],[2,10],[-2,11],[-9,-1],[-1,12],[-8,8],[-8,-32],[-12,3],[-11,-12],[-12,-2],[-7,-6],[-9,3],[-12,-10],[-18,3],[-25,-16],[-20,10],[-4,-18],[-7,-2],[-10,-15],[-4,2],[1,7],[-3,3],[-11,-15],[-15,8],[2,-10],[-2,-3],[-3,7],[-5,-5],[-2,9],[-4,4],[-6,0],[-12,-8],[3,10],[16,21],[9,-7],[6,7],[4,8],[-9,9],[8,0],[8,18],[0,10],[-6,7],[3,10],[-3,7],[7,15],[4,20],[-6,32],[4,21],[-19,41],[2,11],[0,36],[2,5],[12,1],[27,21],[5,46],[-2,42],[6,14],[-6,11],[-12,6],[-30,40],[-17,13],[-15,5],[-15,-11],[1,35],[-6,12],[2,15],[-8,12],[-9,6],[-5,11],[-9,3],[-23,1],[-38,-22],[-27,-46],[-29,-37],[0,-41],[5,-16],[2,-27],[8,-16],[15,-7],[2,-13],[5,-8],[0,-19],[21,-35],[1,-5],[-4,-4],[2,-29],[-3,-12],[9,-6],[-6,-4],[-11,1],[0,-14],[4,-5],[6,1],[2,-6],[-4,0],[2,-5],[-6,-4],[-6,4],[-3,-12],[-8,-6],[-9,-18],[-13,-5],[2,-14],[-3,-4],[-32,-3],[-16,20],[-14,0],[-20,6],[-6,-6],[2,-14],[-5,0],[-1,8],[-9,3],[5,9],[0,5],[-5,12],[-9,9],[-13,2],[-8,-8],[-4,0],[-3,6],[-1,8],[-6,3],[3,7],[-10,3],[-1,4],[-9,4],[-25,-11],[-2,3],[1,22],[-6,17],[4,11],[-2,7],[-33,9],[-6,11],[-15,-2],[-12,28],[-18,9],[-16,-3],[-2,-14],[-5,4],[1,-11],[-3,-8],[-5,2],[-3,13],[-1,-9],[-3,6],[-5,-22],[-7,4],[-14,18],[-14,-5],[-6,-9],[-8,4],[-5,6],[2,4],[-7,-2],[-1,4],[-12,3],[-15,21],[4,11],[-11,3],[-1,41],[-7,6],[-11,-3],[-26,-35],[-8,0],[-1,18],[7,11],[2,20],[-5,8],[-11,1],[-7,5],[6,2],[-6,12],[15,12],[1,13],[-1,14],[-5,10],[1,19],[-5,42],[-8,22],[-29,7],[-16,-7],[-13,-29],[-5,-7],[-12,-33],[-9,0],[-6,11],[-6,-2],[4,-7],[-4,-4],[-17,7],[-3,-5],[0,-21],[-11,1],[-1,-11],[-4,-1],[-12,12],[8,18],[3,20],[-1,16],[-8,17],[-20,13],[-11,14],[-9,-3],[-16,6],[0,14],[-5,7],[-7,-1],[-12,-11],[-10,3],[-12,10],[0,7],[6,3],[1,7],[-6,13],[16,6],[13,24],[0,6],[-4,19],[-13,21],[-9,29],[-7,9],[-23,16],[-10,-11],[-14,-6],[-3,-7],[-2,2],[1,8],[-6,6],[-14,2],[-11,-5],[-16,-18],[-5,1],[-10,11],[2,12],[-2,4],[-14,12],[-9,-15],[-7,0],[-7,-7],[-5,3],[-15,55],[-2,16],[16,15],[13,-2],[8,5],[11,20],[19,16],[-1,7],[-15,9],[-14,60],[-5,7],[-5,-4],[-8,1],[-1,8],[-17,0],[2,8],[-4,1],[-5,9],[-4,1],[1,15],[-34,15],[-26,2],[-5,-8],[-2,-11],[-4,-1],[2,-5],[-5,-3],[-5,6],[-6,-9],[-3,2],[1,7],[-5,-4],[-14,31],[-9,4],[-7,11],[-12,52],[-5,5],[-23,60],[-14,26],[-2,21],[7,6],[1,10],[8,8],[9,16],[-6,36],[6,56],[-9,42],[10,12],[1,7],[-4,52],[2,38],[-6,13],[-13,13],[-14,8],[-12,1],[-29,-32],[-20,-45],[-2,-41],[-10,-35],[0,-15],[-16,-40],[-16,1],[-3,14],[-13,0],[-4,-5],[-4,3],[-11,0],[-35,20],[-36,1],[-32,-6],[-41,-1],[0,13],[-23,14],[-14,25],[-17,9],[-10,-1],[-3,9],[-8,7],[-23,-5],[-32,3],[-11,6],[-21,21],[-32,12],[-6,11],[-6,32],[-10,20],[4,12],[13,12],[-3,25],[3,6],[0,27],[-10,3],[-14,19],[-19,4],[-8,27],[-22,22],[-54,34],[-59,21],[-18,14],[-28,31],[-24,9],[-23,18],[-42,23],[-7,9],[-15,44],[-42,39],[-28,51],[-23,23],[-28,18],[-17,2],[-12,7],[-14,-5],[-10,5],[-29,3],[-43,42],[-25,5],[-21,13],[-37,-2],[-30,16],[-9,47],[-4,4],[-9,0],[-6,33],[-6,10],[-22,15],[-44,18],[-21,18],[-32,16],[-10,12],[-4,14],[11,24],[3,29],[-9,19],[-8,26],[-15,32],[-25,25],[-19,4],[-30,14],[-32,6],[-61,-19],[-17,2],[-30,13],[-23,-21],[-14,-4],[-10,10],[-6,17],[1,54],[-14,28],[-22,20],[-15,7],[-34,6],[-11,7],[-18,1],[-26,15],[-72,4],[-10,14],[-31,2],[-22,25],[-19,5],[-2,6],[2,15],[-24,6],[-11,19],[-23,10],[-29,5],[-41,-1],[-51,6],[-62,11],[-97,43],[-7,9],[-6,17],[-9,14],[-35,20],[-26,8],[-24,17],[-12,12],[-16,29],[-26,26],[-15,34],[-12,8],[-3,11],[-5,7],[-29,17],[-47,66],[0,5],[2,1],[-6,28],[-14,22],[-29,57],[0,8],[4,11],[-3,6],[0,19],[-7,14],[0,34],[-37,70],[2,10],[-11,1],[2,10],[-6,22],[-15,29],[-7,36],[1,48],[-16,20],[-20,16],[-9,16],[-4,30],[-39,30],[-59,16],[-27,20],[-19,7],[-18,20],[-3,12],[4,19],[0,56],[-9,45],[-13,22],[-27,27],[-37,25],[-44,20],[-87,17],[-30,27],[-13,5],[-4,28],[-12,32],[-19,26],[-60,25],[-29,3],[-10,-1],[-16,-13],[-17,-3],[-2,16],[13,51],[-1,36],[-34,2],[34,1],[2,29],[8,3],[4,24],[-10,39],[-14,35],[-12,19],[-5,36],[-20,33],[-5,42],[-4,5],[-7,36],[-18,25],[-15,13],[-10,28],[-19,18],[-7,19],[2,18],[-14,42],[-21,21],[-25,16],[-5,13],[-9,11],[-16,40],[-6,9],[-3,-1],[0,8],[-14,16],[-3,12],[-4,2],[-3,23],[-5,15],[-18,19],[-2,7],[5,-8],[4,2],[-1,4],[-9,5],[-5,28],[-14,19],[-10,3],[-3,7],[-5,2],[1,10],[-14,16],[-14,10],[-6,-2],[1,7],[-6,1],[1,10],[-5,2],[0,24],[-12,12],[-13,23],[-20,9],[-26,4],[-28,24],[-91,8],[-28,16],[-41,7],[-7,6],[-5,15],[-7,5],[-19,7],[-21,2],[-18,14],[-34,6],[-49,-1],[-13,5],[-10,11],[-15,2],[-68,-6],[-117,-2],[-74,-10],[-15,-6],[-24,-2],[-5,-4],[-2,3],[-46,-2],[-24,3],[-50,-6],[-18,23],[-32,19],[-18,14],[-15,5],[-44,42],[-32,13],[-6,10],[-38,28],[-4,7],[-15,12],[-70,12],[-18,15],[-8,26],[-12,12],[-45,13],[-51,3],[-60,25],[-13,12],[-7,13],[-4,0],[2,3],[-6,6],[-9,30],[-32,27],[-32,13],[-58,-3],[-67,-18],[-10,-8],[-20,-7],[-17,3],[-18,15],[-30,32],[-14,2],[12,13],[-9,21],[6,11],[-6,19],[-21,32],[-80,20],[-73,-31],[-18,-2],[-3,10],[-7,-2],[1,-10],[3,5],[-4,-6],[-22,-4],[-34,19],[-3,30],[-15,23],[-16,9],[-14,2],[-27,-10],[-45,-23],[-21,0],[-67,-33],[-180,-105],[-202,-104],[-109,-46],[-2,2],[11,9],[8,14],[-4,7],[-3,-4],[-2,4],[-16,-1],[-39,-25],[-1,-5],[5,-7],[-29,-35],[-75,-47],[-49,-36],[-40,-37],[-33,-39],[-48,-62],[-51,-79],[-16,-4],[-6,-16],[-6,-7],[2,-4],[-3,-9],[3,-6],[8,14],[-2,-16],[-38,-62],[-13,-31],[-9,-31],[-2,-30],[8,-5],[14,1],[2,-4],[-11,-39],[-6,-42],[-9,-20],[-13,-14],[-1,5],[4,-1],[5,10],[-5,-2],[-7,6],[-1,5],[3,0],[0,-5],[3,-3],[-2,5],[9,-3],[2,3],[23,89],[-7,7],[-15,2],[-5,-6],[-2,-12],[8,-5],[-1,-7],[-7,3],[-2,-9],[6,-5],[3,6],[0,-12],[-7,-5],[3,-8],[4,-1],[0,-10],[-6,-3],[-17,7],[-10,29],[-25,-3],[2,-13],[-4,-12],[7,-12],[-1,-26],[-5,-12],[-1,3],[-5,-4],[1,4],[-4,-4],[1,-6],[-14,-24],[-8,-2],[-14,12],[-2,-5],[-7,8],[-27,11],[-1,6],[-6,-4],[-21,3],[-30,-18],[-22,-25],[-17,-31],[-18,-55],[-15,-78],[-8,-15],[-14,-6],[-4,-7],[13,-15],[12,-6],[10,-25],[5,-21],[34,-38],[6,-19],[5,-2],[8,-15],[19,-17],[28,-40],[30,-35],[39,-33],[1,-7],[-5,1],[1,-7],[7,-4],[-2,3],[4,3],[15,-11],[25,-5],[42,-53],[11,-9],[4,-17],[7,-15],[3,1],[-2,5],[5,-5],[19,-74],[3,-34],[-2,-13],[10,-27],[3,-24],[14,-54],[32,-86],[7,-27],[28,-42],[14,-66],[15,-21],[4,-20],[-2,-21],[3,-40],[0,-97],[12,-66],[7,-13],[14,-14],[36,-14],[12,-14],[12,-47],[-8,-65],[2,-20],[18,-27],[12,-44],[4,-6],[25,-17],[15,-27],[9,-25],[11,-51],[21,-31],[16,-61],[31,-41],[9,-28],[25,-32],[19,-39],[45,-46],[18,-37],[11,-33],[15,-26],[12,-14],[18,-8],[25,-26],[34,-70],[9,-8],[24,-11],[16,-23],[16,-12],[27,-65],[12,-10],[6,-9],[24,-13],[17,-30],[31,-30],[19,-29],[13,-14],[25,-48],[7,-6],[17,-6],[14,-16],[19,-40],[22,-29],[8,-25],[14,-23],[4,-21],[19,-31],[7,-8],[30,-17],[16,-18],[8,-18],[2,-24],[23,-23],[4,-24],[5,-10],[11,-13],[27,-21],[38,-61],[53,-51],[7,-24],[17,-28],[7,-40],[6,-17],[23,-29],[18,-40],[22,-22],[15,-28],[3,-12],[21,-33],[10,-38],[8,-20],[19,-16],[7,-20],[29,-39],[13,-15],[24,-18],[8,-40],[7,-13],[1,-18],[9,-6],[24,-49],[23,-7],[7,-14],[12,-9],[1,-17],[8,-17],[12,-12],[5,-13],[16,-17],[5,-27],[28,-14],[13,-13],[6,-29],[-1,-11],[22,-13],[13,-37],[8,-6],[2,-26],[27,-33],[9,-28],[12,-8],[9,-33],[23,-17],[3,-19],[7,-10],[0,-10],[18,-17],[3,-13],[8,-13],[9,-35],[-3,-37],[10,-18],[2,-17],[5,-4],[12,-28],[16,-21],[15,-7],[1,-20],[15,-24],[-1,-20],[13,-15],[8,-25],[12,-47],[1,-29],[5,-21],[17,-34],[-10,-58],[1,-20],[7,-14],[19,-11],[5,-12],[13,-12],[3,-26],[6,-13],[-12,-14],[5,-42],[21,-46],[16,-11],[-3,-5],[-5,4],[-6,-3],[-9,-28],[1,-7],[17,-16],[2,-8],[-3,-13],[-6,-9],[1,-16],[7,-18],[-9,2],[-4,-4],[-1,-24],[7,-22],[10,-13],[13,-9],[7,-22],[17,-8],[3,-10],[-8,1],[-8,10],[-19,-28],[-9,-2],[-12,-21],[-11,-1],[-4,-9],[-33,-4],[-12,-16],[-25,3],[-14,-7],[-29,-5],[-22,-20],[-20,-33],[-13,-30],[-12,-41],[22,-71],[1,-43],[9,-12],[6,-15],[-1,-22],[-10,-21],[5,-26],[-3,-28],[19,-52],[16,-10],[3,-14],[6,-8],[20,-13],[13,-30],[23,-26],[8,-27],[11,-20],[24,-23],[9,5],[41,-61],[27,-20],[22,-38],[13,-12],[14,-30],[9,-8],[2,-17],[10,-14],[11,-30],[7,-98],[28,-94],[2,-27],[31,-32],[18,-32],[45,-33],[22,-26],[11,-5],[2,-19],[10,-26],[9,-12],[13,-8],[19,-28],[8,-24],[24,-24],[15,-22],[18,-39],[12,-8],[3,-20],[-14,-4],[-3,-6],[2,-39],[9,-24],[11,-13],[9,-6],[6,0],[6,8],[7,2],[9,-3],[14,-10],[30,-6],[7,-7],[8,-29],[18,-12],[4,-16],[4,-48],[10,-24],[6,-26],[-2,-68],[3,-28],[20,-61],[5,-32],[30,-47],[19,-15],[21,1],[10,-16],[29,-25],[2,-16],[-1,-50],[4,-50],[16,-16],[11,5],[19,-2],[7,-12],[25,-18],[37,-44],[2,-24],[-5,-30],[5,-37],[25,-20],[8,-25],[19,-22],[11,-26],[10,-47],[7,-69],[9,-42],[-3,-22],[8,3],[29,-21],[31,-5],[18,-10],[34,-36],[33,-27],[13,-24],[10,-41],[2,-27],[-6,-138],[-10,-42],[0,-17],[8,-29],[6,-5],[11,1],[4,-4],[0,-20],[-11,-10],[-18,-46],[-10,-61],[-64,-118],[-47,-104],[-25,-65],[-48,-157],[-9,-49],[-14,-43],[-14,-73],[-3,-52],[1,-85],[4,-27],[13,-51],[23,-30],[32,-26],[22,-43],[41,-25],[61,-44],[49,-53],[16,-26],[36,-19],[7,-34],[13,-16],[15,-56],[11,-30],[19,-33],[37,-33],[13,-17],[40,-87],[23,-61],[40,-58],[32,-57],[16,-42],[4,-24],[-3,-110],[2,-61],[-16,-49],[2,-30],[14,-50],[12,-26],[27,-35],[27,-19],[33,-67],[-42,-64],[-21,-20],[-19,-2],[-26,4],[-19,-16],[-17,-1],[-18,-18],[-78,10],[-36,-10],[-93,-4],[-74,-15],[-39,11],[-53,3],[-40,7],[-8,14],[-16,6],[-5,0],[-7,-18],[-7,-6],[-242,-1],[-183,-13],[0,5],[14,7],[21,3],[14,8],[18,1],[35,10],[5,16],[3,43],[5,16],[-2,16],[-7,9],[1,10],[5,3],[17,-5],[2,3],[-24,18],[-6,0],[-6,-7],[-10,-1],[3,17],[-1,13],[-4,-1],[4,-9],[-4,-12],[-5,8],[-7,-6],[3,15],[19,22],[-6,9],[-2,-8],[-11,3],[-7,-4],[-4,8],[0,21],[-7,-3],[4,-6],[-3,-3],[4,-3],[1,-17],[12,-7],[-8,-22],[-5,-1],[9,-19],[-3,-18],[-30,2],[-6,14],[-2,18],[-7,14],[-4,-1],[-7,-13],[-7,3],[-5,8],[-8,-1],[0,4],[-11,2],[-12,-23],[-7,-1],[-10,16],[-4,26],[-9,12],[-10,-10],[-9,-1],[-33,-24],[-12,12],[-6,22],[-6,-27],[6,-13],[-30,5],[6,-12],[-14,-20],[-25,-11],[-1,-9],[-5,-4],[-1,-14],[-7,-7],[2,-10],[2,8],[5,-5],[1,-20],[-9,5],[0,5],[-2,-8],[5,-5],[0,-11],[11,-8],[3,-8],[3,2],[-5,8],[1,8],[11,-11],[0,-17],[-4,-10],[4,-2],[4,8],[1,-24],[3,-1],[1,10],[8,4],[-8,6],[-3,12],[3,2],[4,-4],[0,7],[-4,5],[7,6],[-4,15],[-9,-5],[-7,2],[-4,5],[-2,17],[9,25],[23,37],[11,10],[8,1],[27,-12],[5,-7],[-4,-8],[-20,9],[-6,-1],[-2,-7],[4,-15],[21,-35],[8,8],[20,-14],[10,-23],[5,10],[9,-1],[12,-12],[10,-21],[1,-7],[-4,-7],[-31,-16],[-11,-15],[-49,-10],[-54,-5],[-18,2],[-17,13],[-15,4],[-27,-12],[-56,-1],[-47,-21],[-74,-19],[9,11],[7,1],[-7,17],[-9,38],[-17,21],[-18,1],[0,-7],[23,-19],[12,-29],[5,-13],[-8,-10],[-10,-1],[-6,5],[-5,8],[1,3],[-17,26],[-7,18],[-14,1],[-7,-8],[-10,-4],[-8,3],[-2,-8],[9,-12],[34,2],[22,-37],[0,-9],[-74,-7],[-74,-16],[-44,0],[-75,-8],[-32,0],[-19,5],[-47,-2],[-18,3],[-117,-8],[-62,2],[-72,12],[-126,-1],[-10,-7],[-20,2],[-3,7],[7,4],[1,11],[5,9],[-1,17],[7,17],[-2,23],[-19,15],[-3,30],[-18,-4],[-16,3],[-9,6],[1,4],[13,-1],[4,7],[7,0],[5,6],[-1,4],[-33,16],[-9,-1],[-2,-17],[-26,-2],[-2,10],[-25,25],[-17,8],[-17,-3],[-18,17],[-7,3],[-12,-10],[-7,-15],[-8,-2],[1,-12],[-8,-11],[-9,-2],[3,-8],[-1,-36],[-10,-8],[-16,-1],[-7,-13],[-9,-5],[-22,-4],[-6,-5],[-7,-13],[14,-4],[-6,-18],[-22,-7],[-16,-13],[-17,-3],[-15,-7],[53,5],[9,18],[9,-13],[8,1],[8,14],[12,8],[5,-3],[4,-16],[14,13],[24,-4],[-1,8],[5,6],[24,13],[20,17],[16,3],[18,-4],[14,23],[17,-3],[26,9],[23,-9],[2,-22],[-8,-21],[-25,-17],[-1,-9],[17,-3],[22,10],[20,28],[1,10],[-7,5],[0,5],[5,2],[6,-2],[4,7],[18,-15],[5,-12],[-1,-15],[-16,-28],[-8,-7],[-85,5],[-53,-11],[-46,-3],[-84,2],[-84,-9],[-23,-11],[-25,-21],[-16,-27],[-9,-31],[-23,-27],[-20,-4],[-26,-11],[-24,4],[-14,14],[-18,30],[-29,32],[-16,41],[-23,19],[-36,15],[-42,61],[-40,39],[-29,2],[-10,5],[-10,7],[-29,40],[-32,22],[-12,14],[-56,31],[-17,6],[-6,9],[-25,4],[-19,16],[-37,14],[-19,13],[-10,15],[-7,46],[-13,49],[-18,28],[-10,36],[-2,30],[6,56],[13,26],[10,49],[21,29],[15,9],[20,-1],[18,-52],[16,-17],[25,-15],[19,-4],[36,1],[53,14],[37,27],[27,30],[22,33],[65,142],[10,31],[5,7],[12,0],[5,11],[-5,65],[10,124],[-2,73],[-9,63],[-22,92],[0,46],[-5,8],[-8,-8],[-3,8],[-48,205],[-16,53],[-21,52],[-55,110],[-88,158],[-420,606],[-57,59],[-26,22],[-95,103],[-59,53],[-159,159],[-105,135],[-63,60],[-95,121],[-65,61],[-56,36],[-21,21],[-47,63],[-50,56],[-7,20],[-3,29],[-22,1],[-8,4],[-59,74],[-60,95],[-81,137],[-62,89],[-43,70],[-83,110],[-40,47],[-1,14],[-10,13],[-17,9],[-76,92],[-122,129],[-38,39],[-15,7],[-11,15],[-2,8],[2,6],[-8,7],[-5,14],[-21,28],[3,21],[-5,9],[-4,37],[-20,34],[-23,21],[-7,10],[-3,23],[6,22],[0,11],[-12,27],[4,18],[-4,10],[1,41],[-7,16],[-14,15],[-7,20],[-14,21],[-2,27],[-7,15],[-105,122],[-62,64],[-31,43],[-35,34],[-59,80],[-74,73],[-37,62],[-47,58],[-1,9],[3,4],[22,1],[14,9],[12,20],[4,23],[-2,17],[-15,54],[7,41],[-1,45],[-45,109],[0,6],[5,7],[-1,6],[-26,14],[-49,47],[-12,18],[-2,20],[-16,23],[-35,25],[-21,10],[-21,22],[-5,14],[-17,3],[-3,6],[4,7],[-2,5],[-10,-1],[-34,44],[-77,68],[-22,30],[-15,4],[-11,10],[-86,91],[-67,59],[-43,46],[-34,28],[-28,39],[-44,36],[-8,15],[-3,17],[-28,38],[-18,13],[-25,0],[-9,7],[-25,27],[-1,4],[6,14],[-5,11],[-51,32],[-12,15],[-35,22],[-18,21],[-25,18],[-25,5],[-10,11],[-20,11],[-73,57],[-122,79],[-6,6],[-4,14],[-16,0],[-14,8],[-56,36],[-40,34],[-26,7],[-51,33],[-43,46],[-17,14],[-26,2],[-50,27],[-56,40],[-58,36],[-39,18],[-126,72],[-99,69],[-24,26],[-54,41],[-117,77],[-25,24],[-75,55],[-53,32],[-14,3],[-15,-3],[-5,5],[-33,106],[-17,25],[-5,16],[1,22],[10,51],[-5,29],[-1,22],[19,51],[15,22],[28,5],[-2,-20],[-9,-27],[-9,-12],[3,-8],[-7,-7],[-1,-7],[32,-47],[12,-11],[38,-11],[22,-12],[18,2],[40,22],[72,57],[43,52],[50,100],[15,38],[33,129],[5,49],[1,65],[-7,55],[-12,57],[3,28],[-3,22],[-8,33],[-12,36],[-9,13],[-11,41],[-29,58],[-20,61],[-12,27],[-24,72],[-13,65],[-11,27],[-30,55],[-46,64],[-23,41],[-88,133],[-29,70],[-19,32],[-33,19],[-74,83],[-41,58],[-16,31],[-112,151],[-54,69],[-127,139],[-24,43],[-21,24],[-72,43],[-74,60],[-73,50],[-22,27],[-46,35],[-40,42],[-108,76],[-20,21],[-14,5],[-129,86],[-104,79],[-59,35],[-71,52],[-96,47],[-89,38],[-63,5],[-28,-14],[-12,2],[-11,9],[-7,15],[-4,19],[1,47],[5,11],[25,19],[10,18],[10,51],[1,42],[-5,42],[-10,46],[-16,54],[-15,38],[-40,59],[-38,64],[-135,127],[-25,32],[-18,12],[-23,36],[-39,31],[-10,22],[-109,122],[-142,123],[-30,18],[-61,62],[-138,87],[-133,64],[-41,36],[-50,33],[-72,57],[-112,78],[-71,42],[-191,101],[-81,51],[-66,30],[-28,21],[-19,7],[-48,-2],[-16,15],[-31,19],[-6,11],[1,14],[18,14],[3,11],[7,8],[-26,5],[-13,-19],[-5,1],[-9,26],[-2,20],[-8,19],[-12,17],[-13,9],[-16,19],[-26,43],[-12,33],[-23,21],[-13,28],[-15,58],[-8,59],[4,47],[14,35],[-1,21],[4,8],[-12,5],[-7,7],[-11,26],[-17,59],[-20,15],[-10,14],[5,28],[0,28],[8,28],[-1,7],[-14,3],[-39,44],[-123,122],[-55,49],[-23,29],[-77,77],[-49,42],[-107,74],[-19,22],[-23,17],[-7,9],[-4,21],[-33,31],[-16,6],[-19,20],[-12,3],[-24,-3],[-18,-11],[-26,-4],[-12,-9],[-17,-4],[-12,1],[-15,13],[-6,13],[-1,23],[18,37],[11,43],[-14,79],[-19,49],[-11,18],[-16,19],[-33,18],[-11,17],[-15,44],[0,43],[-8,27],[-3,33],[-38,50],[-12,50],[-36,83],[-5,23],[8,19],[-10,4],[-10,27],[-19,27],[-13,26],[-10,30],[-31,35],[-17,6],[-34,28],[-64,44],[-36,14],[-11,18],[-30,30],[-87,59],[-70,38],[-16,1],[-10,6],[-14,0],[-36,19],[-32,33],[-20,32],[-26,65],[-25,50],[-5,22],[6,37],[0,22],[14,33],[8,62],[9,26],[14,25],[12,16],[24,17],[12,14],[8,53],[-4,92],[-19,79],[-45,96],[-36,58],[-32,40],[-47,47],[-87,60],[-58,47],[-46,13],[-45,-6],[-10,17],[-39,-21],[-36,-1],[-35,10],[-31,17],[-36,28],[-41,42],[-30,38],[-29,50],[-11,33],[-20,103],[-17,61],[-1,30],[17,23],[52,31],[10,11],[17,32],[10,14],[43,25],[19,24],[7,14],[1,24],[11,60],[14,40],[15,14],[54,28],[12,17],[16,78],[2,61],[-7,96],[-27,64],[-26,101],[-16,40],[-5,21],[0,34],[-14,49],[-4,2],[-7,-14],[-6,2],[-12,33],[-26,40],[-36,66],[-62,99],[-39,51],[-54,61],[-41,34],[-26,45],[-87,72],[-137,81],[-96,44],[-94,51],[-48,19],[-103,58],[-18,6],[-24,18],[-18,6],[-25,17],[-17,18],[-10,4],[-41,44],[-38,30],[-45,43],[-61,46],[-60,24],[-52,11],[-46,5],[-68,-1],[-5,5],[5,9],[-1,6],[-47,-7],[-17,-11],[-105,21],[-26,1],[-12,-1],[-10,-7],[-20,-48],[-40,-22],[-12,-3],[-21,9],[-36,28],[-26,53],[-43,20],[-17,19],[-16,26],[-27,56],[-19,54],[-28,92],[-6,31],[2,107],[15,52],[0,32],[11,22],[3,33],[7,19],[17,33],[27,33],[45,34],[25,13],[29,4],[43,25],[61,24],[17,13],[32,9],[19,14],[28,40],[9,29],[18,27],[10,25],[22,30],[40,37],[35,78],[28,19],[19,37],[7,24],[9,57],[-5,11],[-12,70],[1,16],[-12,9],[-2,13],[11,11],[15,7],[19,-2],[14,-11],[5,3],[8,15],[10,-5],[7,4],[10,28],[12,70],[0,175],[-22,232],[-19,110],[-15,31],[-38,146],[-55,132],[-29,42],[-1,15],[-7,8],[1,8],[-6,0],[-14,18],[-2,12],[-15,9],[-5,14],[-18,22],[1,3],[6,-2],[-8,28],[-18,10],[-8,19],[-11,3],[-49,73],[-29,34],[-8,27],[-14,16],[0,12],[-21,33],[-20,46],[-5,-2],[0,8],[-3,5],[-4,-1],[-2,12],[-3,0],[-24,33],[-17,18],[-5,10],[-9,5],[-10,-3],[-9,3],[-14,19],[-9,2],[-32,20],[-35,38],[-17,8],[-15,16],[0,12],[-2,6],[-10,-2],[-9,-14],[-17,14],[-9,-1],[-11,27],[-12,15],[-12,8],[-13,4],[-25,29],[-6,-1],[-8,-12],[-5,-2],[-8,29],[-7,13],[-29,13],[-20,16],[-9,3],[-2,-14],[-13,-15],[-11,1],[-8,-5],[-10,11],[-10,1],[-14,10],[-10,-3],[-16,-15],[-18,3],[-15,37],[-27,30],[-23,19],[-12,19],[-2,12],[3,6],[25,31],[-6,11],[-11,7],[-50,11],[-21,0],[-10,-12],[-32,-56],[-14,-11],[-6,3],[-15,24],[-33,-5],[-7,4],[-9,14],[-24,-2],[-11,21],[-35,0],[-20,12],[-19,27],[-12,25],[-10,40],[-14,38],[-3,31],[-5,13],[8,25],[-4,14],[-30,30],[-33,14],[-61,3],[-18,24],[-32,21],[-7,26],[-9,70],[-17,44],[-3,23],[-16,15],[-13,35],[-22,22],[-13,29],[-37,8],[-12,29],[-3,14],[-10,7],[-9,22],[-4,39],[-11,5],[-6,9],[-16,1],[-7,31],[-15,12],[-1,8],[2,11],[18,29],[7,20],[-6,75],[-8,25],[-6,9],[-12,1],[-19,-12],[-10,2],[-2,17],[4,12],[-1,13],[18,14],[3,11],[-11,26],[-16,1],[-8,7],[-8,0],[-3,5],[-1,9],[5,18],[-9,27],[4,33],[-4,19],[-6,11],[-80,86],[-26,19],[-15,18],[-30,22],[-69,63],[-38,19],[-22,27],[-32,28],[-38,41],[-40,34],[-20,1],[-17,-29],[-6,-4],[-7,10],[-2,36],[-17,18],[-40,18],[-45,12],[-21,16],[-28,12],[-10,15],[-39,16],[-29,28],[-18,2],[-67,21],[-9,9],[-18,-3],[-18,4],[-3,-31],[-7,-15],[-10,-1],[-6,9],[-11,3],[-25,25],[-10,17],[-22,11],[-10,11],[-7,10],[-4,15],[-11,7],[-14,21],[-23,14],[-14,16],[-2,17],[5,10],[11,9],[16,4],[1,28],[-2,18],[-9,24],[-30,46],[-2,23],[-26,25],[-74,45],[-5,13],[-22,-5],[-32,2],[-18,7],[-41,-2],[-5,3],[7,7],[-3,5],[-20,-1],[-21,9],[-24,0],[-37,-6],[-36,-27],[-29,-33],[-22,-61],[-8,-34],[9,-24],[2,-14],[-10,-64],[-12,-10],[-18,-37],[-21,-19],[-18,-9],[-18,-28],[-63,-42],[-19,-8],[-20,-2],[-51,15],[-29,19],[-58,54],[-24,34],[-16,43],[-29,98],[-11,107],[-13,15],[-8,23],[-16,27],[-29,39],[-2,23],[6,20],[0,13],[-12,27],[-2,11],[6,28],[33,27],[27,49],[49,49],[61,37],[6,8],[6,22],[9,85],[-23,60],[-15,29],[-20,11],[-28,9],[-7,7],[-11,20],[-5,24],[5,19],[18,19],[26,39],[20,52],[-3,8],[-12,0],[-3,9],[28,51],[-5,22],[-3,3],[4,6],[-5,38],[-4,8],[-18,14],[-9,21],[-7,7],[5,21],[-10,44],[-30,60],[-2,12],[-18,24],[-7,22],[-9,5],[-21,30],[-11,27],[-6,0],[-23,23],[-11,18],[-25,20],[-4,15],[-11,-2],[-6,10],[-22,17],[-18,3],[-48,36],[-40,60],[-17,11],[-24,6],[-28,35],[-11,7],[-10,15],[-3,-1],[-13,25],[-29,29],[-23,13],[-27,26],[-22,25],[-2,7],[-14,2],[-18,-7],[-30,14],[0,11],[-11,1],[-2,23],[-8,2],[-3,10],[-4,0],[-7,23],[-18,22],[-2,13],[-13,9],[-9,19],[-26,17],[-14,2],[-52,23],[-14,1],[-12,11],[-24,11],[-22,4],[-34,1],[-9,5],[-64,-2],[-18,15],[-14,4],[-22,-13],[-3,-10],[-9,-10],[-12,3],[-48,-11],[-9,-9],[-10,-26],[-13,10],[-18,4],[-23,-7],[-66,-116],[-8,-20],[3,-27],[-3,-12],[-16,-6],[-29,-35],[0,-37],[-7,-30],[-12,-24],[-11,-15],[-14,-40],[-68,-87],[-22,-43],[-49,-74],[-22,-75],[-4,-45],[-4,-7],[-17,-16],[-26,-16],[-14,-4],[-25,0],[-15,-21],[-7,-2],[-27,8],[-27,15],[-36,2],[-53,20],[-18,12],[-27,31],[-18,11],[-10,13],[0,31],[7,60],[8,17],[13,14],[1,6],[-21,104],[2,81],[7,26],[24,24],[19,12],[18,31],[31,96],[20,30],[2,25],[0,75],[3,12],[-2,6],[-6,2],[-7,20],[-7,35],[-13,39],[-6,32],[-12,15],[-14,35],[-6,59],[-8,2],[-18,22],[-6,12],[-11,3],[-18,27],[-14,9],[-23,24],[-25,18],[-11,3],[-41,25],[-12,15],[-23,39],[-9,29],[-2,51],[-35,121],[-7,77],[-34,38],[-28,14],[-15,12],[-21,3],[-18,20],[-38,13],[-13,8],[-12,-1],[-11,-7],[-21,1],[-15,9],[-12,-5],[-7,2],[-6,7],[-2,12],[-7,4],[-17,-1],[-8,5],[-18,27],[-3,25],[-8,-2],[-1,6],[-12,7],[-16,21],[-3,-12],[2,-4],[-5,-3],[-10,-18],[-4,4],[3,12],[-4,6],[-8,0],[-5,-6],[-2,6],[-17,4],[-13,-11],[-8,3],[-7,-3],[-5,5],[-4,12],[-9,-3],[-51,31],[-19,5],[-7,11],[-12,-6],[-19,4],[-5,-8],[-10,20],[-5,2],[-41,0],[-67,17],[-100,9],[-12,5],[-27,-2],[-12,5],[-34,0]],[[67463,17012],[-14,-4],[-16,-11],[-5,1],[1,8],[5,-1],[7,12],[21,13],[13,1],[0,-6],[-12,-13]],[[53826,26982],[-17,-40],[-10,-18],[2,-14],[10,-16],[1,-7],[-13,-24],[-24,-14],[-48,3],[-29,10],[-14,0],[-26,16],[-49,21],[-44,37],[-9,13],[-5,19],[9,30],[2,45],[26,2],[23,30],[28,26],[29,8],[40,24],[39,9],[26,-5],[14,-7],[27,-50],[6,-15],[10,-48],[0,-16],[-4,-19]],[[76745,10563],[3,11],[1,-9],[-4,-2]],[[76793,10585],[2,0],[-3,-5],[1,5]],[[76763,10579],[0,3],[-6,-17],[-4,7],[2,9],[10,23],[3,-9],[-5,-16]],[[76720,10572],[3,24],[4,3],[-2,-23],[-5,-4]],[[76725,10606],[2,-3],[-3,-2],[1,5]],[[76745,10601],[0,-7],[-3,0],[-3,8],[4,16],[-1,-16],[3,-1]],[[76745,10625],[-5,-3],[3,7],[2,-4]],[[75985,10650],[1,8],[5,-1],[0,-7],[-6,0]],[[76387,10660],[-3,-1],[-9,-21],[-2,0],[-2,6],[2,6],[29,33],[-8,-17],[-7,-6]],[[76092,10681],[-6,-17],[-8,-4],[-6,3],[1,19],[3,7],[9,2],[7,-10]],[[76395,10697],[8,9],[-1,-9],[-9,-5],[2,5]],[[75975,10738],[1,-12],[-3,-5],[6,-22],[-8,-6],[-15,-22],[-19,0],[-10,-16],[-7,0],[-1,11],[7,23],[0,25],[4,18],[-11,24],[0,7],[4,12],[8,2],[3,19],[13,2],[11,-12],[2,-10],[8,0],[14,-13],[3,-18],[-9,-3],[-1,-4]],[[76514,10767],[6,7],[-2,-10],[-4,3]],[[76532,10775],[-4,-5],[-5,10],[9,-5]],[[76518,10783],[2,-2],[-3,-4],[1,6]],[[76597,10802],[-1,5],[3,-3],[-2,-2]],[[75796,10916],[-5,12],[5,7],[8,-4],[4,-8],[-3,-10],[-9,3]],[[76049,10950],[-6,-24],[-2,17],[2,34],[6,-8],[0,-19]],[[75996,11000],[5,-3],[1,-6],[-5,-8],[-5,-1],[-3,7],[7,11]],[[75864,11205],[6,9],[0,-7],[-3,-6],[-3,4]],[[75886,11207],[-5,2],[6,9],[2,-6],[-3,-5]],[[75908,11213],[-3,-3],[6,17],[4,2],[-7,-16]],[[75929,11233],[4,1],[0,-4],[-7,-6],[0,7],[3,2]],[[75971,11228],[-3,-8],[1,24],[2,-16]],[[75954,11236],[0,5],[7,3],[-7,-8]],[[75770,11377],[-9,-15],[-10,-7],[7,18],[9,6],[3,-2]],[[75773,11389],[3,5],[0,-7],[-3,2]],[[75481,11422],[3,-3],[-2,-4],[-3,2],[2,5]],[[75455,11425],[6,9],[-6,-12],[0,3]],[[75298,11567],[-6,-42],[-6,-4],[-6,22],[6,29],[7,4],[5,-9]],[[75305,11550],[-6,-13],[-2,8],[3,12],[4,5],[11,3],[0,8],[14,-17],[-3,-5],[-8,5],[-8,-11],[-5,5]],[[75383,11558],[-4,1],[2,14],[2,-15]],[[75349,11577],[0,-12],[-7,-1],[-2,16],[5,3],[4,-6]],[[75056,11834],[-3,-3],[-4,3],[9,2],[-2,-2]],[[75036,11956],[11,0],[-12,-13],[-2,5],[3,8]],[[75057,11966],[-4,-3],[3,6],[1,-3]],[[77237,9586],[4,3],[10,-7],[-4,-23],[-8,3],[2,-5],[-4,-9],[-2,10],[-2,-4],[-12,-4],[-2,-15],[-8,6],[-4,-15],[-11,25],[7,23],[8,12],[11,-3],[7,6],[2,-4],[6,1]],[[77257,9582],[-3,1],[3,7],[7,2],[1,-10],[-8,0]],[[77308,9636],[5,3],[-3,-10],[-2,7]],[[77267,9795],[8,9],[-5,-10],[-3,1]],[[77279,9815],[6,14],[-3,-22],[-3,8]],[[77261,10065],[-3,-5],[1,6],[2,-1]],[[77297,10126],[0,5],[4,3],[-6,-12],[2,4]],[[76901,10308],[3,-3],[-5,-5],[2,8]],[[76849,10334],[-1,-11],[-7,1],[-1,8],[5,10],[3,-1],[1,-7]],[[76913,10346],[1,2],[0,-5],[-1,3]],[[76882,10390],[0,-14],[-8,-6],[2,-20],[-5,-5],[-4,4],[-6,-7],[0,10],[9,7],[-3,3],[-6,-8],[6,10],[-5,1],[-5,15],[9,1],[13,13],[3,-4]],[[76924,10374],[-2,-9],[-1,7],[4,5],[-1,-3]],[[76931,10387],[-12,-12],[7,15],[5,1],[0,-4]],[[77303,10400],[-4,7],[0,-11],[-8,-10],[-1,12],[5,14],[12,14],[3,-11],[-7,-15]],[[77286,10405],[8,10],[-8,-17],[0,7]],[[76937,10415],[2,-2],[-2,-3],[0,5]],[[76812,10427],[4,3],[1,-4],[-2,-3],[-3,4]],[[77321,10440],[1,-8],[-4,-1],[-3,-17],[-5,14],[9,13],[-6,-5],[-1,5],[6,5],[3,-6]],[[76815,10487],[-6,1],[8,7],[1,-4],[-3,-4]],[[76812,10514],[2,-2],[-3,-1],[1,3]],[[76973,10599],[0,3],[2,-2],[-2,-7],[0,6]],[[76993,10612],[3,4],[-4,-9],[1,5]],[[76998,10622],[-1,3],[3,2],[-2,-5]],[[77102,10631],[2,-8],[-4,-2],[2,10]],[[77105,10630],[2,2],[0,-9],[-2,7]],[[77107,10668],[3,8],[0,-5],[-3,-3]],[[77039,10673],[0,3],[2,-4],[-2,1]],[[77114,10686],[3,2],[-3,-5],[0,3]],[[77891,9440],[-4,-3],[-6,2],[8,17],[7,-9],[-2,-8],[-3,1]],[[77525,9608],[0,6],[2,-8],[-2,2]],[[77385,9723],[5,-3],[-3,-3],[-2,6]],[[77552,9729],[6,8],[-4,-17],[-2,9]],[[77345,9864],[-3,3],[-3,-7],[-2,1],[0,8],[10,5],[1,-5],[-3,-5]],[[77380,9910],[-2,-2],[2,6],[3,-4],[-3,0]],[[77697,9926],[-2,7],[5,-7],[-2,-6],[-1,6]],[[77375,9928],[-2,2],[3,4],[-1,-6]],[[77653,9945],[0,3],[4,-10],[-4,7]],[[77431,9968],[-10,-29],[-6,-2],[-18,4],[-1,-8],[-5,1],[-4,-8],[-4,4],[-6,-4],[2,11],[7,4],[-4,6],[9,8],[0,5],[-4,2],[12,11],[2,7],[5,0],[3,-4],[6,2],[7,24],[8,14],[6,-8],[3,-17],[-8,-23]],[[77431,10029],[3,1],[0,-5],[-3,4]],[[77435,10038],[3,-1],[-1,-3],[-2,4]],[[77772,10033],[-7,14],[8,-8],[-1,-6]],[[77822,10064],[-1,7],[4,2],[-3,-9]],[[77344,10117],[4,16],[2,-9],[-7,-14],[1,7]],[[77337,10571],[-7,-2],[6,8],[1,-6]],[[77325,10595],[2,3],[1,-3],[-3,0]],[[78482,9240],[0,-11],[-3,0],[-2,8],[3,1],[0,9],[1,-11],[1,4]],[[78513,9250],[4,6],[1,-7],[-7,-5],[2,6]],[[79111,9276],[-1,2],[4,1],[0,-4],[-3,1]],[[79112,9287],[-2,-7],[-7,0],[0,13],[6,8],[2,-1],[-2,-9],[3,-4]],[[78595,9315],[1,-13],[-3,-14],[-8,-10],[6,-6],[-5,-7],[-3,9],[-3,-2],[-2,6],[0,30],[8,12],[9,-5]],[[78334,9309],[1,16],[2,-21],[-3,5]],[[78333,9335],[3,-6],[-5,-5],[0,8],[-4,2],[5,10],[1,-9]],[[79194,9345],[0,6],[3,2],[2,-10],[-5,2]],[[79167,9347],[2,18],[4,5],[3,-19],[-5,-11],[-4,7]],[[78310,9369],[0,3],[2,-2],[-1,-8],[-1,7]],[[78304,9377],[4,-4],[-3,0],[-1,4]],[[78302,9421],[7,-21],[-4,-15],[-7,4],[-5,12],[-7,7],[1,12],[5,6],[10,-5]],[[78977,9418],[5,2],[-2,-5],[-4,-1],[1,4]],[[79308,9416],[-6,4],[1,15],[2,7],[5,3],[4,-6],[-6,-23]],[[79080,9441],[3,5],[3,-2],[-1,-16],[-5,13]],[[77952,9458],[1,12],[4,2],[0,-16],[-3,-6],[-2,8]],[[77959,9456],[-1,20],[8,-17],[-3,-8],[-4,5]],[[78026,9523],[-3,-5],[-4,8],[7,-3]],[[78036,9539],[-2,-9],[-4,6],[-5,-2],[-2,-7],[-4,3],[3,7],[-5,10],[15,4],[4,-4],[0,-8]],[[78197,9622],[3,3],[4,-7],[-7,4]],[[79412,9677],[1,-5],[-4,3],[0,-17],[-2,-5],[-8,8],[-3,18],[6,8],[7,0],[3,-10]],[[78009,9687],[1,3],[5,-8],[-6,5]],[[79081,10722],[22,-10],[12,-11],[1,-8],[4,-3],[-1,-5],[6,-26],[10,-16],[-2,-10],[-9,-14],[-12,-5],[-5,5],[0,-6],[-9,0],[-2,-5],[-2,2],[-4,-3],[-10,3],[-4,7],[-24,1],[-21,10],[-16,30],[-7,27],[3,11],[35,8],[11,8],[0,4],[24,6]],[[78950,10909],[6,-1],[2,-4],[10,2],[6,-5],[3,4],[11,-8],[-2,-8],[2,-4],[6,0],[9,-14],[0,-16],[7,-7],[0,-5],[-16,-5],[-17,6],[-30,-9],[7,4],[-10,2],[-14,16],[0,10],[-8,5],[4,10],[-1,28],[3,9],[22,-10]],[[78960,11030],[0,-9],[-15,-4],[-2,7],[6,11],[8,4],[3,-9]],[[79238,13853],[-5,4],[1,6],[8,-9],[-1,-3],[-3,2]],[[81542,8322],[6,4],[2,-7],[-6,-4],[-2,7]],[[80912,8456],[2,-6],[-3,-1],[-1,7],[2,0]],[[80045,8493],[-6,7],[0,6],[9,8],[4,0],[1,-17],[-8,-4]],[[81104,8521],[-3,-5],[-2,2],[2,7],[3,-4]],[[81164,8535],[-12,2],[-1,17],[14,-2],[2,-9],[-3,-8]],[[80091,8553],[12,3],[-3,-20],[-10,-4],[-11,19],[5,4],[7,-2]],[[81733,8859],[6,-12],[3,-34],[10,-41],[13,-16],[1,-9],[-4,-10],[-23,-17],[-15,-16],[-5,-11],[-6,1],[3,36],[-8,5],[-12,-5],[-25,-28],[-18,-11],[-14,-2],[-16,-10],[-11,-1],[-18,11],[-2,8],[-25,19],[-12,17],[-1,20],[-4,10],[3,24],[9,15],[25,13],[16,16],[12,7],[29,3],[28,9],[5,4],[0,13],[4,8],[10,5],[28,-8],[14,-13]],[[81202,9471],[-9,-22],[1,-6],[17,-16],[10,-16],[7,7],[11,2],[1,12],[7,5],[1,12],[13,38],[1,13],[21,34],[6,0],[3,-4],[-1,-9],[4,-4],[15,-35],[15,-24],[30,-78],[46,-63],[28,-26],[20,-6],[18,4],[4,-4],[6,-65],[10,-16],[22,-19],[-14,-24],[5,-23],[-2,-14],[12,-17],[-3,-7],[0,-13],[-11,-10],[-3,2],[-3,-7],[-3,0],[-2,6],[-5,-1],[1,-8],[-4,-3],[-2,-22],[0,-20],[10,-12],[6,-18],[3,-25],[-4,-4],[-10,3],[-14,18],[-3,10],[-5,1],[2,-33],[-25,1],[-10,-5],[2,-8],[-12,1],[-8,-11],[-7,6],[-4,25],[-5,12],[-17,13],[-4,10],[-11,-4],[-12,11],[-15,-4],[-8,-9],[-48,13],[-11,-6],[-6,-12],[-4,-38],[-4,-11],[-8,-7],[-17,-4],[-10,-21],[-57,-79],[-8,-16],[1,-16],[-7,0],[-1,-20],[-7,-8],[-10,-25],[-1,-16],[3,-8],[19,-8],[9,-29],[2,-49],[-6,-29],[-6,-5],[-8,-15],[-18,-3],[-7,-11],[-6,-27],[-14,-11],[-11,-25],[-16,-9],[-10,-17],[-22,-12],[-50,-17],[-4,-16],[-5,2],[0,8],[-6,1],[-5,-15],[-5,-2],[-5,12],[-4,-8],[-7,1],[-4,17],[-17,-6],[-5,2],[-3,9],[1,8],[-9,8],[-39,-17],[-2,4],[1,12],[-8,17],[2,18],[-17,13],[-9,2],[-13,12],[-9,0],[-15,-12],[-9,-1],[-8,3],[-3,12],[-14,-28],[-7,-3],[-8,-12],[-8,-2],[-25,4],[-5,14],[-6,5],[-9,3],[-10,-8],[-26,0],[-24,-10],[-19,6],[-16,-3],[-27,15],[-9,0],[-2,11],[-8,7],[-31,8],[-3,19],[-16,12],[-16,3],[-10,-6],[-13,5],[-4,5],[-8,-14],[-6,-1],[-7,13],[-24,12],[-30,9],[-12,10],[-22,3],[-15,-1],[-11,-6],[-16,-28],[-9,-1],[-8,-15],[-4,-1],[-3,1],[-1,5],[5,12],[-4,26],[-7,1],[-25,-6],[-29,17],[-7,-3],[-7,-17],[-18,8],[-24,-13],[-16,7],[-38,-13],[-9,-8],[-14,-5],[-21,8],[-1,5],[3,21],[-17,12],[-12,44],[-7,7],[-6,1],[-13,-7],[-12,0],[-8,16],[-11,3],[-5,6],[-1,20],[2,8],[31,33],[25,3],[23,14],[34,7],[16,18],[7,-15],[16,1],[19,43],[24,19],[19,33],[31,30],[28,18],[13,14],[26,70],[23,24],[39,30],[16,30],[19,22],[13,5],[2,-4],[-5,-32],[-9,-20],[-3,-27],[-12,-13],[-1,-20],[24,-50],[6,-9],[14,-10],[25,-2],[24,7],[11,5],[6,10],[38,19],[43,8],[18,9],[37,51],[6,16],[25,19],[7,15],[13,15],[-3,22],[8,17],[0,16],[4,4],[21,2],[23,36],[30,30],[10,14],[15,35],[3,19],[10,26],[12,19],[13,1],[24,-7],[12,-33],[-3,-23],[-29,-42],[-17,-62],[-4,-40],[14,-22],[-3,-24],[5,10],[6,1],[32,-19],[8,4],[35,2],[32,20],[23,22],[5,21],[15,23],[6,23],[0,28],[18,38],[11,18],[26,63],[2,41],[-3,23],[-21,11],[-14,23],[0,6],[3,5],[0,14],[7,22],[8,9],[8,2],[23,-1],[28,-16],[10,6],[9,30],[7,44],[16,12],[17,111],[31,81],[18,16],[10,-9],[10,-18],[7,-126],[-3,-13],[-21,-24],[-20,-44],[13,-27],[19,-24],[6,-23],[-5,-14]],[[80911,9311],[11,3],[0,-14],[-6,-7],[-11,-2],[-1,11],[7,9]],[[81497,9313],[8,-8],[0,-5],[-19,1],[-4,4],[1,6],[3,2],[11,0]],[[80280,9561],[-5,3],[-20,-6],[-7,1],[4,8],[21,15],[7,34],[6,11],[21,4],[25,12],[29,19],[17,22],[11,-6],[1,-6],[-12,-66],[-15,-29],[-15,-11],[-29,3],[-26,-10],[-13,2]],[[79527,9642],[-4,8],[11,3],[0,-13],[-7,2]],[[79527,9653],[-8,5],[15,1],[-1,-5],[-6,-1]],[[79527,9659],[-4,5],[-7,-3],[-2,3],[14,14],[4,-3],[3,-11],[-8,-5]],[[79511,9677],[3,1],[-4,-4],[1,3]],[[79517,9681],[5,7],[-1,-7],[-4,0]],[[80957,9713],[9,-2],[3,-12],[-19,-50],[-23,-4],[-4,-14],[-3,11],[-7,6],[-12,-7],[-8,5],[5,17],[10,-5],[5,6],[9,51],[-2,28],[9,-3],[3,-9],[9,-13],[8,0],[8,-5]],[[79517,9704],[5,-7],[-8,-16],[-8,-7],[-8,5],[-5,13],[4,9],[11,5],[9,-2]],[[79619,9845],[2,0],[-2,-3],[0,3]],[[79623,9850],[-4,-3],[4,8],[3,-4],[-3,-1]],[[79570,9855],[-3,-2],[-2,4],[5,-2]],[[79849,9875],[-1,-4],[-6,6],[3,2],[4,-4]],[[81577,9972],[9,-8],[3,-7],[-5,-29],[-18,25],[-3,25],[3,2],[11,-8]],[[79874,9966],[-12,-13],[-5,0],[2,12],[8,7],[4,0],[-1,-6],[4,0]],[[79839,11344],[6,-10],[7,-5],[16,1],[6,-12],[-3,-6],[-9,-2],[-9,-9],[-5,-15],[-3,-2],[-4,-25],[7,1],[2,-9],[-5,-6],[-6,0],[-6,13],[-10,10],[-4,-1],[-1,6],[-11,6],[-7,13],[-13,6],[-3,10],[-14,3],[-15,-11],[-5,-9],[-9,-48],[1,-5],[-9,-22],[0,-10],[-22,-27],[-18,-6],[-30,-19],[-4,-6],[-16,-5],[-2,-4],[-3,6],[-23,-3],[-5,-5],[-1,4],[-51,2],[-15,9],[-10,22],[-2,25],[6,21],[3,-1],[4,10],[2,14],[8,6],[4,15],[3,-3],[17,18],[7,-1],[3,6],[4,-3],[1,3],[4,-7],[5,6],[13,-7],[3,-8],[5,-2],[19,19],[20,14],[28,-9],[23,6],[15,-2],[13,16],[16,7],[14,13],[7,15],[6,4],[22,-3],[8,3],[7,-3],[11,6],[6,-3],[1,-5]],[[80047,11306],[11,-15],[2,-7],[17,-14],[1,-7],[-8,-10],[-1,-21],[-17,-13],[-5,1],[-6,12],[-51,-4],[-7,4],[-12,-9],[-3,0],[-1,9],[-5,0],[-1,8],[8,4],[1,7],[12,12],[-1,4],[4,1],[4,7],[3,-1],[2,11],[7,-2],[2,4],[-2,4],[2,7],[4,-5],[10,11],[17,5],[13,-3]],[[80195,11282],[-5,-1],[1,5],[3,0],[1,-4]],[[80208,11300],[4,0],[0,-4],[-4,0],[0,4]],[[79456,11566],[5,13],[6,3],[4,-3],[-8,-15],[-7,2]],[[80280,11590],[0,-16],[-10,-3],[-9,6],[3,18],[-2,11],[4,13],[25,11],[1,-13],[-10,-14],[-2,-13]],[[79780,13056],[9,-9],[7,-16],[6,-1],[0,-5],[7,-10],[15,-5],[-1,-9],[16,-2],[1,-4],[15,7],[12,-3],[2,6],[3,-2],[17,7],[17,12],[21,4],[79,-2],[22,-5],[6,3],[22,-19],[9,3],[2,-23],[7,-21],[18,-22],[22,-51],[3,2],[0,-6],[11,-12],[12,-4],[0,-3],[12,0],[4,5],[10,0],[2,-5],[14,19],[12,4],[23,-2],[4,-5],[-6,-10],[-29,-13],[-15,-16],[-3,1],[1,4],[-3,1],[-1,-5],[-4,5],[-9,-5],[-9,3],[-7,-9],[-9,1],[-10,-15],[3,-19],[-5,-4],[1,-6],[-7,-2],[1,-7],[-10,-6],[-10,3],[-9,10],[-4,-3],[3,-13],[10,-1],[5,-13],[0,-30],[-2,0],[-7,-39],[1,-10],[8,-11],[1,-13],[-27,-26],[-14,-21],[-10,-27],[-11,-13],[-2,-11],[-4,-3],[-17,-39],[-3,-26],[-12,-28],[3,-19],[-27,-24],[-17,-37],[-9,-2],[-15,7],[-15,-4],[-19,3],[-10,-2],[-14,-10],[-53,-16],[-16,-14],[-16,-5],[-14,-11],[-9,-3],[-1,-5],[-14,-5],[-9,1],[-12,11],[-12,29],[-2,8],[5,8],[4,-7],[1,2],[8,-9],[-4,12],[10,13],[-15,19],[-3,-7],[6,-2],[-8,-14],[0,-6],[-4,-2],[0,5],[-9,11],[-6,-28],[5,30],[-12,10],[-13,7],[-5,-13],[-57,18],[3,20],[14,3],[1,8],[-15,-2],[-6,-23],[-4,2],[-1,6],[-15,-5],[-5,6],[-2,10],[3,12],[9,13],[-2,8],[4,26],[-4,32],[5,4],[-2,4],[3,7],[-3,0],[0,7],[3,2],[-8,19],[1,21],[14,17],[29,6],[8,11],[9,23],[6,1],[1,4],[-5,2],[1,11],[-4,10],[-13,3],[-10,-5],[-15,9],[-8,11],[-2,11],[-12,12],[-12,31],[-7,5],[-2,12],[-25,-17],[-6,1],[-3,5],[13,26],[5,-1],[7,20],[15,14],[6,12],[8,7],[5,10],[0,11],[11,-6],[0,12],[-6,15],[2,8],[10,24],[7,1],[-1,10],[3,7],[-4,11],[0,7],[7,11],[14,7],[-4,11],[2,10],[25,12],[3,-5],[-3,-8],[8,4],[14,13],[-2,5],[6,18],[6,5],[7,-2],[4,5],[6,-5],[2,3],[1,-4],[-12,-3],[14,1],[10,9],[21,1],[3,5],[4,-2],[5,4],[2,8],[5,2],[0,3],[-4,-1],[1,5],[10,2],[3,-4]],[[80229,12776],[16,-17],[6,-1],[2,6],[10,6],[14,-11],[3,-12],[-2,-8],[-12,-43],[-4,-1],[-2,-8],[-29,1],[-11,6],[1,23],[4,6],[-2,10],[2,9],[-8,8],[-3,13],[5,3],[0,7],[5,1],[-3,6],[8,-4]],[[80213,12776],[-3,3],[3,1],[0,-4]],[[80078,13515],[-6,-20],[-15,-11],[-4,13],[12,31],[7,-4],[-3,10],[4,0],[5,-6],[0,-13]],[[79905,14188],[8,-12],[2,-9],[3,1],[1,-11],[7,-7],[-1,-5],[4,-8],[34,-45],[2,-17],[25,-36],[25,-45],[4,-19],[6,-7],[0,-12],[6,-8],[17,-44],[9,-46],[17,-15],[3,-11],[18,-26],[14,-8],[15,-13],[7,5],[4,-8],[19,-3],[9,-7],[19,-5],[23,1],[10,-5],[19,8],[13,-2],[5,-6],[1,-13],[-8,-27],[-3,3],[-10,-21],[-5,-40],[2,-29],[-2,-22],[12,-19],[11,-6],[0,-20],[-13,5],[-9,-9],[-19,-4],[-5,-5],[-14,-1],[-1,-4],[-9,7],[-16,30],[-34,1],[-31,-7],[-15,30],[-10,32],[-18,24],[-7,7],[-2,-4],[-10,7],[-11,16],[-2,10],[-25,9],[-3,-3],[-7,8],[-6,-5],[-4,4],[-26,-7],[-3,-5],[-7,0],[-3,-6],[-6,4],[-19,-10],[-8,5],[-30,-16],[-11,3],[-2,-6],[-9,1],[-3,-6],[-10,0],[-4,-6],[-22,7],[-5,8],[1,16],[-7,4],[-16,-7],[-4,-6],[-16,3],[-5,-6],[-6,-1],[-5,5],[3,7],[-9,1],[-11,-6],[-30,-32],[-13,9],[-2,10],[5,35],[5,8],[5,0],[7,14],[-8,9],[-2,26],[-10,24],[-2,18],[-4,11],[1,42],[12,32],[-3,5],[-10,2],[-4,20],[-1,19],[6,17],[-6,14],[-1,25],[3,8],[-2,11],[4,28],[5,1],[-1,10],[5,5],[1,7],[13,8],[27,11],[5,-5],[19,18],[27,16],[9,4],[14,-1],[25,17],[15,7],[4,-5],[34,49],[8,5],[9,-7]],[[80270,14857],[7,-4],[2,5],[0,-5],[28,-21],[23,-10],[26,-29],[17,-13],[11,-19],[5,4],[1,-5],[-5,-2],[12,-23],[7,1],[22,-24],[13,-1],[2,7],[3,-9],[3,6],[-1,-7],[13,-5],[-2,-6],[3,1],[-1,-5],[3,-3],[-2,-2],[3,0],[-4,-9],[3,-4],[-4,-6],[-11,-3],[0,-4],[-6,6],[-7,14],[-28,13],[-8,15],[-16,5],[-10,10],[-1,7],[-40,13],[-20,-3],[-9,4],[-5,13],[-6,3],[1,4],[-3,1],[2,5],[3,-3],[2,2],[-3,12],[-13,6],[-15,12],[-16,32],[0,11],[6,16],[4,-3],[7,4],[4,-4]],[[80178,14891],[-7,0],[-1,6],[4,2],[4,-8]],[[80178,14906],[2,-3],[-3,0],[1,3]],[[80220,14936],[1,-12],[-4,-4],[-8,-1],[-2,-4],[2,-8],[-14,-1],[-11,-6],[0,10],[11,2],[11,25],[14,-1]],[[80291,14946],[-4,-4],[-5,3],[2,4],[7,-3]],[[80357,15312],[-6,4],[6,-1],[0,-3]],[[80967,15638],[17,-13],[6,-20],[10,-12],[5,-20],[-4,-6],[-11,8],[-26,-1],[-13,-9],[-8,-13],[-6,-35],[2,-17],[7,-7],[3,-9],[-5,-29],[7,-15],[27,-23],[7,5],[1,7],[16,4],[3,16],[7,-2],[9,-21],[3,-20],[-6,-13],[-14,-12],[-5,-10],[-17,-9],[-15,1],[-27,12],[-29,-12],[-16,-15],[-4,-22],[-14,-14],[-5,3],[-8,-3],[-6,7],[0,5],[-6,18],[-9,8],[-34,9],[-8,-8],[-14,2],[-3,7],[5,10],[10,0],[6,5],[2,-5],[5,6],[0,21],[-9,34],[-4,0],[-1,6],[-16,25],[-3,2],[-3,-5],[-7,2],[-2,12],[-3,2],[3,2],[7,33],[-18,40],[3,7],[3,-2],[3,3],[2,15],[4,2],[4,19],[9,8],[4,17],[7,9],[13,4],[13,-16],[13,-7],[2,-7],[5,1],[17,-11],[10,1],[41,-12],[14,5],[6,22],[11,12],[6,18],[6,4],[15,-4]],[[80236,15500],[-14,8],[-2,10],[3,7],[6,4],[10,-3],[3,-9],[0,-13],[-6,-4]],[[80380,15535],[4,3],[2,-3],[-17,-10],[-3,3],[-2,-2],[0,4],[-5,7],[3,11],[18,-13]],[[80179,15548],[0,5],[8,-8],[-8,3]],[[80651,16106],[6,-3],[3,-7],[8,-7],[-5,-21],[1,-5],[-3,4],[-7,2],[-1,-4],[-6,5],[2,5],[-6,14],[2,7],[-3,3],[2,8],[3,-5],[4,4]],[[80322,16619],[3,-2],[-1,-5],[-3,3],[1,4]],[[80821,16951],[4,-12],[-5,-69],[11,-8],[-3,-12],[2,-4],[-2,0],[-1,-9],[-10,-20],[-9,15],[-12,10],[-4,14],[-3,1],[3,3],[-4,6],[2,17],[-5,-5],[-6,6],[5,6],[5,-4],[-7,7],[2,3],[3,-2],[-4,4],[2,4],[-3,-2],[-4,4],[3,4],[-3,1],[4,4],[-2,11],[4,3],[-9,2],[1,-8],[-16,13],[-1,7],[15,4],[1,4],[1,-3],[13,1],[1,-3],[1,6],[11,-2],[14,11],[5,-8]],[[80581,17527],[23,-9],[4,-11],[-6,-7],[-9,4],[-2,-3],[-4,18],[-15,8],[9,0]],[[80676,18200],[4,2],[3,-10],[7,3],[3,-6],[5,1],[3,-10],[-5,-4],[4,-4],[-2,-5],[4,-1],[3,-13],[5,-5],[-9,-7],[8,0],[-3,-4],[6,-3],[-4,-2],[3,-4],[-2,-4],[-5,4],[5,-10],[-1,-7],[-8,-2],[-4,-12],[-3,12],[-1,-11],[-5,3],[-9,-13],[0,21],[-4,-5],[-15,4],[0,10],[8,1],[2,10],[-4,0],[3,4],[-8,0],[-1,5],[5,2],[1,5],[-7,-1],[-1,6],[7,5],[-8,5],[0,13],[-5,7],[3,8],[-1,5],[4,0],[3,6],[5,-3],[4,6],[7,-2]],[[80703,18245],[-5,-5],[0,3],[-2,-3],[-3,4],[5,16],[6,-8],[-1,-7]],[[83586,431],[6,-1],[-17,-8],[1,8],[10,1]],[[84227,806],[32,3],[15,-7],[13,5],[13,-5],[5,3],[23,30],[11,6],[8,-1],[15,-34],[37,-57],[2,-21],[-3,-35],[9,-35],[4,-32],[-4,-35],[2,-11],[12,-18],[14,-35],[6,-22],[10,-16],[8,-4],[15,5],[7,-3],[2,-6],[-2,-39],[-17,-57],[-19,-25],[-16,-32],[-3,-13],[-27,-39],[-6,-15],[-5,-22],[4,-22],[-3,-20],[-12,-12],[-42,-14],[-30,-23],[-28,-32],[-18,-37],[-2,-15],[3,-33],[-11,-20],[-48,-10],[-34,-1],[-45,23],[-74,8],[-43,-6],[-49,19],[-67,5],[-71,43],[-28,10],[-11,10],[-26,38],[-14,32],[-23,28],[-18,39],[-73,66],[-6,9],[-5,18],[11,49],[5,41],[4,16],[6,11],[2,19],[-4,43],[0,97],[-4,49],[3,9],[8,0],[5,-9],[12,-8],[6,-11],[14,-54],[16,-34],[36,-7],[89,14],[8,2],[27,25],[17,10],[46,11],[45,39],[14,23],[17,56],[47,70],[13,14],[16,44],[16,25],[18,13],[10,1],[10,-8],[44,-58],[19,-16],[7,-11],[8,-4],[22,3]],[[83696,1996],[2,-4],[-2,-9],[6,-9],[-2,-9],[6,-9],[26,2],[47,-7],[29,-19],[29,-26],[38,-66],[11,-40],[5,-49],[14,-34],[18,-26],[4,-18],[-2,-18],[-45,-68],[-34,-11],[-21,-23],[-37,-26],[-33,-14],[-29,-7],[-38,4],[-26,17],[-51,77],[-16,42],[-2,14],[3,43],[-4,15],[-21,26],[-6,19],[-3,19],[-2,46],[-6,21],[5,13],[-3,12],[3,12],[8,4],[9,14],[-5,18],[5,3],[-2,14],[5,9],[31,8],[43,22],[9,17],[10,5],[2,15],[11,-7],[2,-11],[9,-1]],[[84274,2256],[8,-20],[14,-18],[2,-21],[4,-12],[10,-11],[56,-34],[81,-42],[42,-31],[2,-5],[-48,-125],[-39,-118],[-54,-70],[-10,-41],[-9,-77],[-13,-48],[-8,-11],[-2,-16],[-7,-10],[-18,-12],[-17,-3],[-45,43],[-4,12],[0,35],[-8,25],[1,37],[22,51],[4,37],[10,25],[11,46],[-14,78],[0,91],[-10,119],[-17,44],[-10,32],[-1,15],[5,27],[8,10],[16,-2],[32,4],[6,-4]],[[83159,1977],[-46,-35],[-19,-25],[-37,-35],[-29,-20],[-40,-18],[-8,-8],[-1,-6],[-21,-16],[-7,-10],[-10,-43],[-15,-20],[-5,-13],[-18,-28],[-48,-10],[-11,-8],[-12,-17],[-62,-52],[-76,-40],[-19,-14],[-16,-18],[-25,-60],[-39,-35],[-26,-15],[-18,-6],[-36,9],[-10,7],[-48,73],[-10,26],[-2,16],[2,12],[49,56],[9,40],[33,20],[84,73],[33,44],[8,15],[6,21],[36,70],[5,23],[3,37],[5,15],[20,16],[12,19],[34,24],[6,16],[14,72],[43,44],[61,89],[24,16],[15,21],[59,30],[38,12],[28,3],[36,22],[18,6],[59,8],[34,16],[38,8],[34,19],[26,0],[4,-8],[-2,-13],[-18,-9],[-12,-12],[-26,-35],[-16,-38],[6,-45],[-3,-21],[10,-24],[0,-23],[-18,-43],[-25,-39],[-12,-46],[-4,-26],[-13,-40],[-12,-16],[-17,-8]],[[82803,4921],[11,7],[13,-9],[1,-14],[-13,-16],[-11,3],[-1,29]],[[82829,4976],[-25,-3],[-10,3],[0,22],[10,9],[24,9],[7,-20],[-6,-20]],[[84520,5256],[0,15],[7,5],[9,-12],[-6,-13],[-10,5]],[[84468,5407],[10,-1],[-1,-16],[-7,1],[-4,8],[2,8]],[[85096,6339],[37,-2],[27,-15],[24,-4],[8,-11],[28,-7],[24,4],[18,9],[16,-2],[23,-16],[46,-66],[30,-61],[4,-36],[10,-28],[-1,-32],[-9,-88],[7,-36],[3,-50],[8,-19],[13,-15],[8,-14],[-6,-28],[-10,0],[13,-10],[10,2],[2,-27],[12,-25],[7,5],[12,1],[1,20],[-4,44],[-10,16],[1,19],[-13,14],[-3,11],[19,7],[6,-3],[6,-25],[3,-58],[-2,-45],[3,-7],[4,-25],[-2,-28],[-8,-20],[-16,-16],[-5,-11],[-1,-12],[4,-6],[0,-10],[-17,-34],[-13,-41],[-8,-50],[-4,-12],[-14,-18],[-20,-16],[-9,-17],[-16,-44],[-20,-46],[-1,-8],[-15,-32],[0,-8],[-65,-80],[-8,-14],[-26,-32],[-4,-11],[-24,-14],[-20,-4],[-22,-14],[-13,2],[-33,-16],[-12,-2],[-11,-9],[-21,0],[-13,12],[-20,0],[-20,-11],[-23,-26],[-42,-24],[-33,-4],[-16,4],[-40,26],[-31,37],[-41,31],[-51,12],[-9,13],[-17,-3],[-46,23],[-21,16],[-22,27],[-31,14],[-18,22],[-6,14],[3,28],[-3,31],[-25,74],[-13,13],[-55,38],[3,6],[0,13],[-8,21],[4,10],[11,3],[8,7],[4,29],[-4,16],[5,34],[0,24],[-2,12],[-6,6],[5,9],[-7,55],[9,12],[8,33],[17,33],[9,10],[9,21],[5,48],[-5,12],[1,15],[7,8],[7,16],[13,52],[6,9],[19,9],[37,30],[36,48],[23,14],[5,34],[-7,17],[6,10],[25,15],[14,15],[7,17],[7,7],[-5,14],[2,11],[21,3],[23,17],[18,-3],[37,14],[37,21],[35,27],[20,4],[32,25],[27,10],[19,1],[40,14],[45,0],[8,-5],[7,-19],[5,-5]],[[85434,6157],[4,-12],[-14,1],[-2,11],[3,7],[9,-7]],[[90189,7439],[3,-23],[24,-19],[19,-35],[13,-6],[2,-13],[-5,-16],[1,-8],[-4,-3],[-16,-30],[1,-33],[9,-2],[1,-5],[-8,-27],[-11,-7],[-6,-20],[-7,13],[-8,5],[-30,7],[-25,-10],[-2,13],[-3,4],[2,4],[12,-3],[4,6],[9,4],[-2,20],[-30,13],[-4,-4],[-11,-1],[-13,-11],[-5,-28],[1,-12],[4,1],[2,16],[3,-5],[-1,-11],[-6,-10],[0,-7],[7,-13],[6,0],[1,15],[-3,10],[5,-2],[1,5],[5,-1],[5,-16],[-2,-11],[2,-16],[-39,-44],[-45,-80],[-2,-12],[4,-9],[-3,-16],[2,-31],[-4,-17],[-7,-14],[-9,-11],[-24,-14],[-13,-17],[-25,14],[-11,0],[-36,-36],[-11,-5],[-12,10],[-5,-3],[-2,25],[-26,39],[12,0],[11,19],[16,4],[7,-2],[-1,4],[11,-5],[3,7],[26,27],[7,27],[5,46],[12,30],[4,1],[13,25],[5,-1],[9,14],[-7,12],[7,17],[5,27],[2,49],[12,29],[3,22],[7,16],[14,17],[19,-3],[4,4],[5,-5],[6,5],[6,-4],[12,6],[7,9],[8,3],[-1,3],[7,-1],[-3,7],[32,20],[3,14],[25,22],[5,10],[-3,6],[5,4],[4,9],[4,-1]],[[89023,7194],[-9,14],[-1,15],[8,-3],[6,-11],[1,-12],[-5,-3]],[[89696,7265],[11,-19],[0,-16],[9,-27],[-1,-24],[2,-7],[-11,-6],[-20,14],[2,27],[-6,4],[-8,-3],[-9,7],[-3,10],[2,11],[5,9],[14,2],[-6,10],[1,10],[13,6],[5,-8]],[[90606,7359],[21,-14],[10,-19],[8,-25],[-2,-44],[-8,-48],[7,-35],[-1,-13],[-11,-9],[-26,14],[-6,0],[-7,6],[-46,1],[-15,20],[-7,0],[-11,14],[-2,-1],[-11,20],[-8,-3],[-5,21],[-6,7],[-16,9],[-47,3],[-25,28],[0,6],[6,14],[19,7],[9,11],[8,3],[23,8],[29,0],[70,-10],[35,20],[7,9],[8,0]],[[90312,7298],[8,-11],[1,-8],[-12,9],[-2,10],[5,0]],[[85938,7299],[-3,5],[-32,12],[-4,5],[-9,26],[-9,64],[11,29],[5,6],[4,-1],[5,-14],[21,-34],[11,-34],[8,-15],[8,-34],[-8,-16],[-8,1]],[[90299,7338],[-7,2],[-5,-11],[-7,18],[-11,11],[-3,13],[0,12],[6,9],[0,27],[-1,18],[-6,21],[2,9],[8,9],[14,7],[29,-10],[24,-12],[-1,-29],[6,-12],[-34,-68],[-11,-5],[-3,-9]],[[85751,8261],[13,3],[6,7],[3,4],[2,14],[5,7],[9,-8],[7,-1],[0,-9],[11,-25],[4,-24],[3,-127],[-3,-3],[-6,4],[-10,-10],[-61,-33],[-10,-2],[-5,-10],[-20,-46],[-3,-17],[3,-31],[16,-27],[7,-6],[-2,-9],[-8,-5],[2,-10],[4,-6],[8,-3],[-1,12],[5,5],[6,0],[9,-20],[6,-6],[3,4],[2,20],[12,2],[7,-4],[7,-14],[7,-7],[41,-21],[32,7],[4,14],[4,1],[21,-22],[21,-3],[19,4],[16,8],[11,22],[9,2],[8,-5],[5,-10],[5,-30],[17,-31],[-2,-10],[-20,-45],[-11,-10],[-9,-20],[-30,-9],[-12,6],[-44,-20],[-14,-14],[-35,-20],[-62,-72],[-4,-45],[4,-4],[6,13],[24,-12],[8,-18],[-1,-28],[6,-20],[-4,-7],[-18,-7],[-7,-13],[-32,-94],[-8,-60],[-15,-49],[7,-140],[-8,-18],[-35,-28],[-17,-25],[-37,8],[-44,-1],[-26,-14],[-18,-17],[-21,-12],[-22,-11],[-28,-6],[-91,-53],[-23,-10],[-44,-7],[-39,-21],[-14,-61],[-24,3],[-6,9],[-3,13],[-8,62],[-17,43],[2,98],[16,36],[5,37],[-2,10],[-21,35],[-1,36],[-13,22],[-24,20],[-16,21],[-32,-11],[-13,-14],[-12,-6],[-8,5],[-34,-3],[-29,16],[-13,13],[-13,44],[-1,13],[16,27],[12,4],[3,7],[0,11],[-9,13],[0,10],[15,15],[4,23],[-11,23],[-15,16],[0,9],[10,18],[4,1],[7,-7],[11,3],[30,-21],[17,-6],[9,2],[27,32],[9,15],[4,40],[8,20],[27,-17],[10,-15],[32,-9],[18,9],[18,21],[5,13],[1,15],[-4,12],[-7,6],[-3,9],[6,16],[16,8],[3,8],[-2,6],[-76,68],[11,15],[0,33],[-7,10],[7,17],[-5,50],[-5,6],[-5,-3],[-2,20],[21,22],[-2,26],[9,-12],[17,-12],[12,4],[13,20],[4,13],[2,29],[8,8],[-5,18],[8,2],[-8,9],[-3,14],[30,-10],[11,6],[12,0],[10,-16],[10,-4],[11,4],[21,20],[0,12],[3,3],[15,-24],[8,-37],[22,-23],[0,-17],[4,-20],[17,-29],[9,-8],[18,-7],[7,-1],[17,8],[24,-6],[4,6],[-2,10],[11,14],[-4,21],[8,28],[4,32],[21,5],[17,-8],[10,6],[23,34],[0,48],[-7,23],[9,40],[-9,11],[-1,11],[18,21],[-1,18],[-10,12],[13,23],[-4,18],[5,16],[0,18],[7,0],[19,-26],[18,-16],[9,-16],[25,-22],[11,-1],[12,5],[20,23],[8,14],[8,4]],[[90339,7634],[-2,-3],[4,-8],[3,9],[3,-13],[-5,-4],[4,-10],[-6,-15],[1,-7],[-20,-10],[-6,15],[-3,-3],[2,-4],[-4,1],[2,14],[9,15],[1,16],[2,-6],[1,4],[5,-2],[2,3],[-3,-1],[-3,5],[7,4],[-3,2],[3,4],[4,-1],[2,-5]],[[90033,7606],[3,9],[14,8],[-9,-15],[-8,-2]],[[90289,7661],[1,-14],[-6,-18],[5,-12],[-5,-12],[-12,-1],[-8,7],[-3,-5],[-7,0],[-9,-7],[-8,5],[-2,10],[2,18],[14,20],[7,3],[5,-3],[23,13],[3,-4]],[[90097,7923],[4,0],[0,-5],[-6,-4],[-6,3],[5,6],[-3,6],[6,-6]],[[90618,8305],[26,-15],[64,-59],[6,-10],[5,-21],[-4,-20],[-17,-52],[-10,-59],[-7,-18],[-10,-46],[-4,-29],[-18,-32],[-35,-106],[-4,-24],[-1,-35],[4,-31],[-25,-16],[-17,-3],[-17,12],[-18,22],[-14,6],[-14,-13],[-12,2],[-16,-8],[-24,26],[-4,10],[-29,24],[-12,-6],[-7,12],[-2,18],[4,2],[-6,3],[-32,48],[-4,21],[0,26],[7,44],[22,58],[10,13],[8,1],[9,8],[-6,13],[9,1],[9,20],[8,9],[1,8],[11,9],[2,6],[13,2],[4,5],[-1,7],[4,3],[8,0],[5,-11],[8,11],[-4,8],[6,9],[4,-2],[0,-6],[6,1],[0,7],[-4,-1],[3,10],[10,-10],[2,5],[-5,8],[6,5],[5,-6],[3,3],[1,5],[-3,10],[4,12],[12,15],[-3,3],[5,13],[8,4],[0,3],[-3,-3],[-3,2],[3,5],[5,-1],[-3,9],[19,29],[4,-1],[-3,10],[4,4],[-5,0],[-1,14],[5,-2],[3,8],[9,4],[13,-10],[20,0]],[[88802,8118],[-5,9],[10,2],[2,-8],[-7,-3]],[[90239,8130],[-3,-5],[-2,7],[-7,-4],[-3,9],[4,10],[18,7],[-7,-24]],[[88828,8139],[-2,-1],[6,-8],[2,-12],[-9,3],[-8,12],[11,15],[1,22],[3,8],[8,11],[4,1],[7,-7],[3,-12],[-12,-25],[-14,-7]],[[88614,8134],[-2,9],[10,32],[-4,22],[3,14],[10,13],[15,5],[6,-14],[-8,-26],[-9,-12],[-4,-37],[-5,-6],[-12,0]],[[90387,8275],[-8,-4],[1,9],[5,1],[2,-6]],[[90758,8335],[10,-11],[-4,-15],[-26,-19],[-12,6],[-1,12],[8,16],[14,10],[11,1]],[[90423,8333],[4,-6],[-8,-16],[-15,-5],[-9,-12],[-6,6],[3,12],[13,4],[7,18],[11,-1]],[[84826,8337],[-7,-3],[-9,5],[3,15],[11,3],[4,-11],[-2,-9]],[[81767,8932],[-4,5],[5,6],[2,-8],[-3,-3]],[[83141,8968],[3,0],[6,-18],[12,-19],[-2,-8],[-13,6],[-8,16],[-2,12],[4,11]],[[86094,8980],[-14,-12],[-14,2],[-5,13],[1,24],[9,0],[17,10],[6,-3],[10,-21],[-2,-6],[-8,-7]],[[82153,9157],[24,-80],[12,-7],[12,-45],[6,-5],[10,-20],[18,-16],[14,1],[9,-17],[-4,-45],[7,-4],[2,-11],[-2,-12],[9,-27],[-12,-3],[-13,-47],[-9,-2],[-10,-12],[-4,1],[-7,20],[1,30],[-4,13],[7,11],[-11,6],[-1,10],[-5,-1],[-4,-8],[-9,0],[-5,-5],[-17,5],[-1,-5],[4,-12],[-5,-9],[-15,-10],[-8,3],[-3,10],[4,7],[-4,8],[7,15],[-21,-7],[-3,1],[-1,5],[10,18],[1,4],[-10,0],[-2,6],[5,14],[10,8],[-4,13],[5,8],[-3,10],[-5,7],[-9,4],[-9,-12],[-9,3],[4,15],[19,10],[3,20],[0,16],[-5,17],[-6,8],[-10,4],[1,12],[9,13],[0,15],[-9,58],[1,11],[6,9],[10,-1],[10,10],[11,-15],[8,-21]],[[85999,9061],[-4,-2],[-1,6],[9,21],[-1,8],[7,4],[9,-21],[1,-20],[-5,-2],[-5,6],[-10,0]],[[85982,9111],[-10,-12],[-9,-6],[-14,-1],[-4,-8],[-3,2],[-2,15],[1,15],[8,14],[4,-2],[22,15],[8,-16],[-1,-16]],[[81616,9876],[-3,-28],[1,-14],[-5,-29],[1,-53],[3,-14],[23,-17],[19,1],[22,9],[8,-9],[13,1],[6,-14],[-2,-7],[-9,-7],[-5,-16],[-4,-34],[-4,-8],[-3,-51],[8,-26],[21,-25],[8,-17],[8,-38],[29,-48],[9,-9],[42,-6],[16,5],[16,-12],[6,-9],[7,-25],[1,-48],[8,-14],[11,-5],[17,6],[17,-1],[15,10],[7,-5],[-1,-24],[-13,-54],[2,-41],[8,-24],[33,-71],[5,-3],[11,8],[4,-2],[5,-44],[-2,-20],[6,-13],[-1,-56],[2,-21],[19,-16],[0,-3],[-20,5],[-11,-20],[-8,-6],[-6,11],[-5,1],[-4,7],[-9,-4],[-22,-22],[-16,-23],[-11,-1],[-7,-6],[-36,14],[-18,-6],[-6,3],[3,14],[-13,5],[11,17],[8,24],[0,9],[15,16],[10,23],[-1,29],[5,7],[-26,30],[5,18],[-10,31],[-17,11],[-23,-14],[5,25],[-9,12],[-19,41],[0,12],[10,22],[-14,27],[3,16],[-5,11],[0,10],[7,17],[-5,16],[-10,11],[-13,-2],[-12,-9],[-2,15],[-8,1],[-18,-15],[-12,-5],[-8,-13],[-7,-1],[-2,11],[5,26],[-6,9],[-14,5],[-5,18],[-1,57],[6,10],[0,9],[-8,20],[-9,1],[-1,21],[-14,15],[-24,9],[-2,17],[-28,22],[-16,23],[-17,6],[-20,22],[-29,15],[-15,12],[-10,42],[-7,17],[2,15],[11,6],[60,-1],[14,5],[15,20],[12,29],[2,44],[-8,35],[-6,10],[-17,0],[-2,7],[11,3],[9,29],[8,9],[4,11],[10,1],[6,5],[19,-9],[9,-18],[2,-11]],[[90771,9690],[0,5],[4,2],[-4,-7]],[[90935,10009],[6,-11],[-5,-6],[-7,11],[2,7],[4,-1]],[[90956,10746],[31,-14],[6,-9],[5,-22],[-3,-3],[-10,2],[-1,4],[-5,3],[-10,-3],[-4,9],[-3,21],[-21,12],[3,5],[6,1],[6,-6]],[[90957,10973],[8,-9],[-2,-18],[2,-7],[-2,-8],[-7,-3],[-9,7],[-4,11],[6,4],[-3,9],[2,8],[9,6]],[[91064,11051],[6,-7],[11,-44],[0,-14],[-8,0],[-3,-8],[3,-4],[-2,-4],[-7,-4],[-3,9],[-29,1],[-15,14],[-3,26],[14,42],[17,10],[9,-8],[1,-5],[9,-4]],[[91590,12377],[-5,12],[-1,16],[4,16],[7,7],[2,-2],[-2,-45],[-5,-4]],[[85483,12408],[-2,-3],[-1,3],[-4,-4],[-2,2],[9,8],[0,-6]],[[85478,12425],[3,0],[1,-6],[-8,-7],[-3,11],[7,2]],[[91571,12634],[13,-5],[7,-7],[8,-25],[-5,-92],[-5,-18],[-5,-5],[-6,6],[-6,28],[-23,44],[-5,19],[2,26],[15,25],[10,4]],[[82188,15671],[-7,-6],[-2,-15],[8,-22],[1,-53],[3,-22],[10,-20],[0,-28],[-3,-12],[-19,15],[-6,9],[-15,42],[-24,44],[9,62],[13,34],[-6,27],[0,14],[5,13],[-3,36],[4,12],[12,11],[5,-4],[0,-24],[6,-17],[3,-22],[-1,-21],[-5,-19],[7,-8],[-6,-6],[3,-20],[8,0]],[[82318,15858],[17,-21],[-15,-104],[-8,-18],[-29,16],[-3,9],[1,28],[-16,39],[0,9],[-8,1],[-3,-5],[-2,6],[14,5],[-4,22],[-5,1],[1,35],[6,7],[11,0],[23,-23],[20,-7]],[[82184,15967],[-6,4],[-8,14],[-12,39],[3,10],[17,21],[26,-11],[5,-8],[3,-13],[1,-31],[-8,-22],[-5,-8],[-16,5]],[[96717,25720],[16,62],[14,28],[4,-19],[-2,-19],[-21,-64],[-6,-23],[-3,-24],[-3,-3],[-4,1],[-4,35],[9,26]],[[96746,26090],[6,26],[10,8],[9,-1],[4,-25],[-12,-42],[-8,4],[-7,10],[-2,20]],[[99966,27849],[-15,-39],[-33,-6],[-15,14],[-16,31],[-2,54],[14,14],[21,6],[26,0],[18,-57],[2,-17]],[[99999,28120],[-2,-40],[-23,-8],[-23,3],[-21,14],[-8,45],[4,20],[13,28],[3,1],[30,-12],[23,-34],[4,-17]],[[92964,31914],[-12,0],[-35,-16],[-23,0],[20,11],[43,8],[22,-9],[-15,6]],[[92716,39689],[5,-16],[-3,-4],[-12,-2],[-15,7],[-19,0],[-5,7],[3,11],[-6,2],[-4,13],[3,8],[-6,0],[-4,7],[-8,27],[15,6],[10,-10],[4,-15],[36,-18],[6,-23]],[[48944,32109],[-23,3],[-23,-3],[-10,-16],[-10,-3],[-10,-11],[2,20],[-15,13],[-34,1],[-90,17],[-15,-4],[-13,5],[-64,-12],[-39,-32],[-26,-8],[-19,1],[-23,7],[-23,-4],[-34,-21],[-63,9],[-52,-7],[-8,4],[-11,-5],[-16,0],[-24,5],[-7,6],[-48,50],[-50,65],[-21,-9],[-21,5],[-9,-2],[-20,-26],[-32,8],[-24,21],[-11,2],[-19,19],[-11,14],[-16,34],[-7,8],[-15,3],[-6,16],[-8,1],[-6,-4],[-7,4],[-9,13],[-17,-3],[-3,9],[-37,-1],[-46,13],[-16,-2],[-25,-11],[-36,-34],[-36,-11],[0,27],[17,57],[5,42],[1,13],[-5,23],[1,52],[-12,24],[-10,47],[-28,45],[-12,57],[-24,58],[-14,14],[-8,24],[-6,98],[-4,23],[-9,20],[-56,86],[-34,45],[-56,57],[-43,32],[-247,156],[-29,24],[-16,22],[-49,32],[-126,51],[-122,29],[-89,32],[-56,29],[-87,69],[-76,37],[-99,32],[-131,34],[-133,13],[-61,-4],[-79,7],[-78,-22],[-41,-23],[-24,-19],[-39,-54],[-10,-27],[-10,-10],[5,-42],[-1,-31],[-12,-24],[-15,-15],[-27,-4],[-51,8],[-73,40],[-37,35],[-156,123],[-59,57],[-18,20],[-19,33],[-44,102],[-3,23],[0,31],[5,39],[8,32],[-2,76],[27,41],[21,13],[8,11],[26,48],[25,27],[1,10],[14,5],[5,-8],[6,0],[19,10],[5,10],[4,18],[1,25],[-8,25],[-35,27],[-11,26],[-9,43],[5,17],[-1,20],[-6,23],[-68,72],[-26,50],[-9,31],[-20,37],[-8,25],[-4,31],[4,16],[10,13],[-1,36],[-14,51],[-12,25],[-23,28],[-34,18],[-27,28],[-26,17],[-23,33],[-46,27],[-16,16],[-24,16],[-4,9],[-25,1],[-21,10],[-25,2],[-38,27],[-5,1],[-8,-7],[-1,14],[-8,22],[-36,43],[-14,35],[-13,19],[-1,7],[6,43],[-6,17],[-10,3],[-13,-16],[-1,3],[6,11],[-17,22],[-21,16],[-34,14],[-19,20],[-35,16],[-13,11],[-66,25],[-116,20],[-113,-6],[-75,-26],[-42,-25],[-34,-26],[-23,-22],[-36,-60],[-3,7],[-5,-1],[-1,-8],[6,-23],[-9,-43],[2,-61],[-4,-32],[0,-46],[-8,-15],[-18,-11],[-2,-9],[-6,-5],[-14,-1],[-74,16],[-45,-4],[-41,9],[-94,49],[-48,36],[-9,14],[-27,61],[-17,22],[-37,38],[-25,34],[-22,54],[-24,45],[-13,35],[-25,34],[-8,31],[-39,62],[-16,36],[-17,53],[-35,61],[-17,67],[-12,31],[2,35],[13,21],[12,33],[43,45],[18,6],[38,35],[20,27],[14,31],[31,31],[14,27],[9,38],[3,32],[-3,29],[4,23],[-7,61],[4,14],[-8,5],[-3,9],[-8,45],[-3,3],[-1,27],[-5,16],[-14,10],[-11,18],[-8,31],[-16,11],[-7,16],[-15,6],[-19,21],[-60,84],[0,12],[13,11],[1,25],[-13,-13],[-11,0],[-13,12],[-27,8],[-25,24],[-27,15],[-13,20],[-17,10],[-25,24],[-3,10],[-6,-4],[-22,10],[-13,-1],[-27,7],[-25,26],[-59,75],[-11,21],[-2,24],[-24,44],[-11,8],[-7,9],[-11,33],[4,11],[-7,7],[-12,24],[-3,18],[-7,6],[-6,19],[-37,40],[-25,44],[-7,37],[-14,43],[1,9],[-5,30],[-21,62],[-14,28],[8,8],[3,18],[10,25],[4,39],[-12,129],[2,26],[-4,17],[-11,23],[-50,51],[-53,36],[-60,23],[-69,15],[-22,14],[-54,46],[-51,25],[-29,28],[-30,19],[-56,52],[-17,10],[-18,21],[-9,14],[-2,25],[10,27],[3,31],[6,9],[-3,21],[-25,48],[-45,58],[-26,27],[-7,38],[-15,21],[-6,21],[0,40],[-3,17],[-7,13],[-37,46],[-19,41],[-45,64],[-14,12],[-48,21],[-41,34],[-43,50],[-10,19],[-18,16],[-15,34],[-12,16],[-113,112],[-8,15],[-19,59],[-38,45],[-11,6],[-6,9],[2,13],[-8,15],[-12,3],[-4,10],[-130,80],[-75,52],[-8,9],[-11,28],[-14,12],[0,16],[-12,19],[-14,39],[-12,14],[-25,13],[-10,18],[-25,16],[-24,28],[-26,32],[-12,30],[-13,23],[-32,47],[-75,58],[-69,45],[-40,38],[-47,34],[-50,47],[-12,4],[-11,15],[-18,11],[-40,41],[-62,48],[-13,16],[-11,19],[-26,17],[-13,17],[-16,37],[-10,13],[-26,19],[-16,25],[-52,48],[-18,25],[-30,21],[-20,22],[-10,6],[-35,45],[-11,20],[-11,12],[-18,33],[-8,2],[-15,18],[-21,37],[-11,39],[-27,28],[-26,51],[-30,23],[-25,25],[-17,11],[-12,15],[-144,101],[-86,50],[-21,8],[-20,15],[-85,42],[-34,23],[-23,8],[-6,-3],[-9,3],[-30,21],[-20,35],[-17,85],[-6,16],[-20,28],[-27,51],[-36,34],[-97,57],[-214,105],[-51,22],[-27,23],[-40,21],[-56,45],[-52,31],[-45,33],[-76,44],[-175,91],[-63,27],[-58,33],[-54,60],[-6,15],[-51,64],[-67,116],[-33,30],[-33,42],[-30,29],[-64,48],[4,7],[-4,6],[-13,2],[-68,62],[-107,85],[-48,33],[-2,5],[-96,59],[-95,51],[-65,26],[-68,16],[-11,8],[-2,10],[-25,8],[-8,-5],[-11,1],[-17,21],[-10,35],[-18,33],[-18,15],[-57,21],[-29,7],[-20,22],[-52,38],[-140,58],[-53,38],[-234,111],[-216,84],[-182,62],[-213,61],[-108,44],[-67,21],[-36,20],[-8,10],[-49,12],[-58,30],[-121,44],[-20,2],[-49,15],[-235,105],[-65,23],[-38,19],[-55,10],[-40,37],[-29,17],[-26,22],[-4,9],[8,48],[-14,2],[-5,-5],[-7,5],[-14,42],[0,20],[18,98],[51,148],[9,65],[-10,54],[-33,105],[-3,21],[-15,28],[6,3],[-1,5],[-6,0],[-17,42],[-37,77],[-26,37],[-30,57],[-13,31],[-30,51],[-15,41],[-13,25],[1,5],[-4,1],[-10,24],[-14,41],[-73,140],[-44,65],[-15,28],[-99,126],[-2,16],[-8,-9],[-3,0],[-3,19],[-6,14],[-73,89],[-37,35],[-47,63],[-10,21],[-9,4],[-24,25],[-51,69],[-16,15],[-7,14],[-36,32],[-21,27],[-14,38],[-8,11],[-58,49],[-6,10],[-12,6],[-11,11],[-4,8],[15,-5],[7,-7],[7,0],[2,27],[-7,13],[-15,-2],[-1,-10],[-19,11],[-30,50],[-8,8],[-11,2],[-29,32],[1,6],[-8,5],[-6,-1],[-15,10],[-3,12],[-8,1],[-14,9],[-12,14],[0,6],[-7,-1],[-12,7],[-5,8],[-32,30],[-4,7],[6,5],[-3,11],[1,16],[-14,0],[-5,-6],[-11,8],[-4,-8],[-6,9],[-28,23],[-19,20],[-3,7],[-32,38],[-2,10],[-59,42],[-14,5],[-3,12],[-14,7],[0,7],[-14,15],[-30,25],[-28,30],[4,9],[-6,12],[3,3],[-3,8],[4,4],[0,7],[-5,2],[-3,-4],[-9,11],[-40,35],[-38,29],[-9,1],[-3,9],[-8,-1],[-4,7],[1,5],[-9,-2],[-14,20],[-4,0],[2,9],[-4,7],[-6,2],[-8,11],[-8,-2],[-4,9],[5,10],[-6,6],[-7,-3],[-3,5],[2,15],[-12,32],[-42,45],[-5,-3],[-5,3],[-5,9],[5,7],[-2,10],[-33,31],[-12,24],[-21,20],[-11,22],[-8,4],[-13,26],[-13,10],[-5,19],[-14,16],[-5,13],[-4,2],[-3,10],[2,9],[-11,13],[1,6],[-4,2],[0,11],[-6,0],[5,8],[-5,3],[-5,17],[4,9],[-3,5],[1,22],[5,12],[-6,15],[2,7],[-18,30],[-1,37],[-30,56],[-81,128],[-4,12],[6,8],[-3,9],[-20,-3],[-57,65],[-52,47],[-60,49],[-102,73],[-127,110],[-14,25],[-231,195],[-23,32],[-4,17],[-11,5],[-4,-5],[-7,2],[-198,135],[-100,79],[-69,77],[-60,75],[-72,101],[-22,24],[-111,165],[-66,119],[-94,154],[-55,76],[-21,36],[-96,116],[-71,76],[-72,85],[-7,9],[-1,11],[-21,13],[-44,55],[-33,32],[-52,41],[-22,23],[-26,17],[-134,109],[-78,73],[-54,65],[-53,55],[-18,24],[-39,42],[-50,67],[-213,219],[-104,94],[-188,158],[-32,34],[-20,14],[-66,73],[-31,23],[-11,16],[-15,10],[-49,47],[-32,39],[-54,53],[-150,163],[-125,121],[-65,67],[-38,44],[-4,17],[-4,6],[-24,7],[-14,11],[-96,98],[-11,23],[-1,32],[-10,27],[-6,1],[-9,-15],[-6,-2],[-13,-1],[-16,10],[-186,180],[-123,128],[-9,15],[-6,18],[-22,6],[-12,10],[-125,133],[-45,41],[-133,148],[-156,167],[-23,27],[-10,23],[-19,8],[-18,16],[-114,124],[-401,396],[-3,11],[-10,1],[-100,93],[-115,110],[-261,263],[-22,34],[-7,31],[2,6],[6,-1],[10,-13],[18,-12],[7,-13],[7,-4],[12,-2],[6,20],[-39,27],[-49,49],[-48,38],[-16,5],[-20,-3],[-3,-6],[-10,3],[-15,8],[-23,25],[-12,7],[-153,152],[-19,22],[-3,10],[-9,2],[-12,9],[-285,279],[-32,35],[-9,5],[-91,91],[-192,181],[-11,21],[-19,7],[-64,60],[-223,217],[-120,111],[-194,192],[-27,33],[-2,24],[2,14],[12,19],[-6,17],[-27,7],[-8,-9],[-13,-6],[-18,8],[-23,14],[-92,80],[-62,66],[-103,91],[-165,156],[-21,25],[-3,15],[-6,-3],[-7,4],[-63,70],[-66,64],[-18,23],[-19,11],[-72,75],[-101,92],[-188,193],[-26,40],[-2,12],[5,16],[-34,39],[-6,-9],[-8,-1],[-16,8],[-126,115],[-105,120],[-108,109],[-192,209],[-14,19],[-1,9],[4,7],[10,9],[-22,19],[-7,25],[-16,12],[-21,-23],[-4,-1],[-17,12],[-75,75],[-30,38],[-52,53],[-67,84],[-20,36],[-6,3],[-22,24],[-120,156],[-80,133],[-43,57],[-58,60],[-21,11],[-16,15],[-18,27],[-20,45],[-24,70],[-14,51],[-5,60],[0,32],[21,30],[9,21],[6,25],[1,27],[-11,29],[-1,48],[-7,31],[2,62],[9,77],[-2,24],[-17,51],[-63,130],[-21,61],[-34,76],[-30,43],[-18,38],[-8,40],[-39,86],[-16,64],[0,35],[4,30],[12,28],[18,25],[15,17],[37,28],[23,38],[27,83],[48,126],[7,15],[11,16],[4,-31],[6,-18],[90,-176],[4,-17],[-5,-8],[-33,1],[-17,-29],[-18,-19],[-25,-11],[-10,-14],[-15,2],[-13,-40],[-3,-6],[-9,-4],[4,-14],[20,-38],[14,9],[6,-11],[-12,-12],[22,-38],[13,-13],[18,-28],[15,-9],[10,1],[6,9],[3,12],[4,-1],[-3,-16],[-7,-11],[6,-16],[15,-10],[18,22],[12,-16],[3,-6],[-3,-4],[-2,4],[-19,-20],[35,-73],[17,-4],[28,-20],[37,-14],[40,12],[18,9],[53,47],[40,28],[9,14],[38,25],[26,25],[27,38],[46,96],[23,76],[12,63],[-33,14],[1,5],[12,-2],[-1,10],[-15,3],[5,36],[3,-1],[0,-7],[3,0],[-3,-24],[6,0],[2,21],[37,-7],[6,14],[-5,15],[-1,13],[-13,9],[3,14],[-11,2],[-1,5],[13,-2],[3,6],[3,62],[10,4],[1,4],[4,80],[11,21],[7,21],[2,43],[-11,44],[6,45],[-2,8],[-7,8],[-11,2],[-1,-20],[-35,-78],[-12,-17],[-29,-29],[-55,-39],[-29,-28],[-45,-12],[-22,-10],[-53,-39],[-20,-20],[-15,-6],[-51,-49],[-12,-4],[-21,-37],[-1,-11],[-12,8],[-52,103],[-6,2],[1,8],[-28,53],[-28,26],[1,3],[5,-1],[22,-16],[12,5],[1,-2],[-7,-7],[1,-4],[26,-49],[21,-2],[17,6],[4,-25],[13,-14],[15,-8],[14,1],[88,55],[19,17],[128,170],[54,95],[22,53],[15,60],[6,58],[0,99],[-7,118],[-10,83],[-19,124],[-34,133],[-51,146],[-36,91],[-25,58],[-45,141],[-12,49],[-2,72],[-5,24],[-5,5],[-30,-2],[-19,19],[-17,31],[-37,49],[-48,77],[-126,178],[-15,30],[-13,35],[-10,11],[-25,48],[-41,88],[-30,37],[-4,17],[-10,1],[-4,4],[-2,22],[-76,100],[-40,50],[-32,31],[-31,45],[-13,11],[-50,71],[-25,43],[-90,106],[-14,22],[-17,48],[-11,105],[0,20],[4,21],[35,41],[-1,6],[-4,-2],[2,3],[31,20],[14,32],[-7,10],[9,-7],[18,11],[3,10],[2,-2],[-1,-8],[-18,-14],[-5,-26],[-4,-3],[0,-16],[4,-8],[13,7],[1,7],[6,-2],[12,14],[-7,6],[-15,2],[1,10],[8,8],[7,3],[5,-21],[18,-15],[2,5],[6,2],[12,-10],[12,-1],[5,-6],[14,14],[14,-2],[12,6],[2,-4],[2,14],[12,8],[9,14],[9,3],[11,15],[27,88],[10,60],[4,46],[0,85],[-16,142],[-29,137],[-3,34],[2,6],[-9,47],[-8,1],[-24,37],[-20,56],[-18,79],[8,37],[-33,33],[-7,15],[-11,31],[-1,10],[-7,11],[-18,53],[-11,51],[-9,14],[-6,28],[-7,11],[-23,64],[-17,34],[-2,13],[-9,13],[-16,51],[-3,1],[-41,80],[-15,20],[-10,23],[-8,2],[-47,63],[-41,60],[-25,45],[-21,23],[-12,25],[-7,1],[6,17],[-25,24],[2,16],[-4,23],[-8,19],[-9,9],[3,4],[20,-6],[7,5],[7,10],[5,20],[19,21],[3,13],[16,-2],[10,3],[4,20],[26,-3],[12,-11],[10,1],[27,58],[4,4],[11,-1],[9,15],[17,3],[0,14],[8,0],[2,5],[6,31],[2,33],[-2,25],[3,33],[7,-2],[1,12],[-12,108],[-8,36],[-1,29],[4,14],[-14,9],[-5,8],[-62,163],[-38,80],[-1,11],[6,29],[-3,11],[-8,7],[-10,0],[-9,11],[-25,49],[-138,230],[-56,80],[-31,37],[-30,46],[-98,125],[-27,27],[-31,24],[-25,37],[-20,15],[-28,35],[-29,4],[0,13],[-3,1],[-3,-10],[-2,0],[-2,7],[-5,-1],[-2,7],[-21,15],[-4,10],[-7,-1],[-18,27],[-14,11],[-19,30],[-7,5],[0,9],[-6,0],[-25,34],[-5,12],[-7,4],[-2,9],[1,15],[-8,-2],[0,11],[-5,4],[-7,-1],[2,8],[-3,4],[-5,-6],[1,9],[-8,-3],[-19,26],[1,15],[-30,47],[-20,23],[-13,28],[-8,8],[-6,-1],[-21,28],[-10,5],[-7,23],[-36,37],[-7,15],[-48,47],[-13,3],[-16,14],[-39,13],[-8,13],[-21,17],[-6,13],[-21,24],[-69,57],[-18,5],[-19,25],[-9,20],[-10,11],[-47,30],[-43,39],[-13,25],[-45,55],[-37,55],[-83,74],[-25,32],[-1,13],[-67,66],[-28,33],[-69,46],[-41,38],[-11,-3],[-7,8],[-32,6],[-12,9],[-21,28],[-14,36],[-58,62],[-57,71],[-18,51],[-6,32],[-11,36],[-9,17],[-22,18],[-33,46],[-82,58],[-11,15],[-8,22],[-26,32],[-45,-2],[-77,49],[-17,19],[-8,1],[-13,-8],[-2,10],[-8,2],[-7,13],[-24,17],[-12,24],[-11,9],[-3,13],[-4,5],[-3,41],[6,35],[-29,20],[-27,11],[-3,21],[-23,32],[-51,44],[-9,19],[-17,22],[-27,29],[-5,17],[-17,25],[-16,12],[-18,24],[-33,31],[-21,25],[-5,3],[-7,12],[-7,0],[-27,30],[-48,31],[-30,28],[-24,18],[-9,9],[-15,34],[-8,1],[-7,-7],[-18,5],[-53,46],[-82,61],[-41,40],[-5,12],[-9,9],[-25,5],[-79,55],[-58,33],[-229,174],[-68,41],[-11,-2],[-2,10],[-23,19],[-18,6],[-48,32],[-13,4],[-7,16],[-11,16],[-42,32],[-138,74],[-11,15],[-121,81],[-99,78],[-168,120],[-14,17],[-160,114],[-18,9],[-5,13],[-15,9],[-8,15],[-19,12],[-15,15],[-27,13],[-19,35],[-17,4],[-110,72],[-15,14],[-21,13],[-14,3],[-31,28],[-89,58],[-12,5],[-27,1],[-18,12],[-2,8],[-5,-10],[-4,-1],[0,23],[-50,33],[4,10],[-3,10],[-36,28],[-20,9],[-10,15],[-25,10],[-22,2],[-60,42],[-9,-6],[-2,-12],[-6,0],[-10,6],[2,14],[-59,38],[-19,7],[-17,11],[-38,13],[-22,17],[-12,3],[-6,9],[-7,1],[-23,17],[-32,11],[-14,11],[-8,1],[-19,26],[-9,2],[-8,14],[-38,12],[-38,32],[-34,14],[-46,34],[-110,65],[-4,0],[-7,-10],[-3,14],[-10,13],[-11,2],[-14,14],[-19,9],[-4,7],[-18,9],[-13,3],[-43,26],[-25,4],[-19,-2],[-2,6],[6,16],[-13,24],[1,20],[-18,-1],[-16,18],[-21,-22],[-2,14],[4,23],[5,4],[-1,7],[-9,9],[-10,-19],[-9,-4],[-4,6],[5,21],[5,10],[-7,9],[-5,-3],[-3,-8],[-5,3],[2,11],[16,17],[-1,14],[7,11],[-3,12],[14,11],[-2,15],[4,11],[-4,24],[11,20],[18,72],[-3,39],[13,40],[10,11],[-1,11],[-8,14],[-1,24],[-5,9],[-9,2],[-13,17],[1,21],[-36,42],[-82,74],[-14,7],[-11,18],[-40,26],[-23,31],[-26,16],[-20,20],[-5,13],[0,16],[11,15],[13,5],[3,16],[-3,18],[-6,14],[0,13],[-4,8],[4,16],[6,2],[-9,13],[4,18],[-11,11],[0,7],[-6,7],[3,8],[15,16],[-3,26],[-39,59],[-9,-1],[-21,18],[2,20],[-31,39],[-48,33],[-47,42],[-41,27],[-18,22],[-8,31],[-23,37],[-10,-2],[-2,-11],[-5,-5],[-35,20],[-30,17],[-38,31],[-78,45],[-18,17],[-15,2],[-20,21],[-26,10],[-3,8],[-28,16],[-4,6],[-36,14],[-19,14],[-18,20],[-16,1],[-9,22],[-11,13],[-15,4],[-14,17],[-33,29],[-13,-3],[-8,10],[1,21],[-13,16],[-77,64],[-92,70],[-24,29],[-16,4],[-57,34],[-100,65],[-24,21],[-13,4],[-66,43],[-42,33],[-13,3],[-1,10],[-6,8],[-15,4],[-49,40],[-68,48],[-24,27],[-35,26],[-37,38],[-35,29],[-139,103],[-16,24],[-25,19],[-18,20],[-65,55],[-24,3],[-12,15],[2,20],[-16,15],[-9,0],[-77,56],[-15,17],[-53,42],[-14,7],[-25,22],[-15,6],[-13,15],[-11,0],[-38,25],[-14,18],[-19,5],[-61,60],[-11,-2],[-2,7],[7,12],[-30,40],[-36,27],[-17,7],[-7,14],[8,11],[-6,13],[2,9],[-9,15],[-6,2],[-17,21],[-22,17],[-7,10],[-8,2],[-34,37],[-13,8],[-41,42],[-25,15],[-12,16],[-86,71],[-113,104],[-52,42],[-132,124],[-11,14],[-53,48],[-8,13],[-48,43],[-89,91],[-99,95],[-46,35],[-37,47],[-18,15],[-16,21],[-40,34],[-11,18],[-99,87],[-13,29],[-22,2],[-45,44],[-13,10],[-6,0],[-8,17],[-64,52],[-52,35],[-40,39],[-8,3],[-22,27],[-1,7],[-16,12],[-25,34],[-31,26],[-7,16],[-12,9],[-9,18],[-13,15],[1,10],[-7,23],[-31,36],[-21,32],[-24,30],[-7,17],[-37,44],[-119,114],[-111,93],[-24,16],[-6,11],[-17,6],[-23,27],[-27,22],[-35,36],[-52,45],[-21,18],[-22,11],[-2,9],[-15,17],[-180,167],[-4,10],[-7,-2],[-8,6],[-2,6],[-13,5],[-20,18],[-59,61],[-190,172],[-3,12],[-20,9],[-57,57],[-6,15],[-5,-3],[-6,5],[-119,126],[-121,137],[-3,7],[-32,27],[-88,86],[-47,39],[-90,101],[-45,72],[-56,70],[6,43],[-2,16],[-22,56],[-4,27],[2,18],[20,35],[-15,28],[-16,-13],[-19,-25],[-16,-10],[-11,-6],[-11,10],[-20,26],[-11,24],[-90,129],[-88,143],[-61,119],[-2,-2],[-18,28],[-100,220],[-29,58],[-28,46],[-21,53],[-35,62],[-20,45],[-22,36],[-31,67],[-117,202],[-94,177],[-51,78],[-73,127],[-30,44],[-98,230],[-126,223],[-14,21],[-6,23],[11,8],[-5,14],[-17,8],[-9,11],[-57,101],[-67,91],[-31,54],[-36,35],[-20,34],[-69,97],[-43,76],[-34,69],[-22,30],[-6,12],[-4,26],[-28,44],[-24,49],[-6,19],[3,10],[55,158],[26,60],[5,30],[3,26],[-4,65],[-19,78],[-6,7],[-2,26],[-5,10],[-11,8],[-15,19],[-5,4],[-8,-1],[-26,85],[-21,49],[-29,96],[-30,71],[-24,52],[-117,198],[-97,141],[-40,53],[-29,51],[-61,78],[-63,91],[-52,62],[-31,31],[-13,25],[-4,14],[0,20],[-3,6],[2,5],[-1,39],[9,48],[1,49],[10,49],[8,94],[-1,21],[-9,43],[1,15],[-6,25],[-18,47],[-29,103],[-16,36],[-19,62],[-1,4],[11,-3],[-1,33],[-49,87],[-2,68],[-6,33],[-5,69],[-22,69],[-110,151],[-81,123],[-54,74],[-81,103],[-116,162],[-96,144],[-20,23],[-43,66],[-127,175],[-80,123],[-55,77],[-87,137],[-17,16],[3,2],[15,-7],[-2,5],[-19,8],[-209,316],[-68,97],[-154,240],[-47,89],[-55,117],[-45,112],[-23,93],[-23,73],[-13,82],[-2,32],[2,3],[14,-28],[7,5],[-10,48],[-13,35],[-13,10],[-7,12],[-84,303],[-72,211],[-39,134],[-51,156],[-122,426],[-9,46],[-10,27],[-11,58],[-15,29],[-13,60],[-17,33],[-20,67],[-10,21],[-16,48],[-4,20],[-8,14],[-28,86],[-49,131],[-10,43],[2,9],[-6,6],[-25,70],[-16,34],[-33,103],[-29,119],[-6,12],[-23,79],[-8,18],[-15,54],[0,12],[7,22],[-3,1],[-4,-4],[-6,3],[-15,40],[-49,167],[-18,49],[-4,28],[-8,11],[-18,62],[-12,29],[-2,12],[-12,19],[-8,41],[-4,-3],[-1,14],[-27,84],[-11,43],[7,23],[0,16],[-19,43],[-3,15],[-7,3],[-6,17],[1,12],[-9,1],[-13,19],[-10,9],[-14,29],[-24,75],[-74,164],[-31,82],[5,10],[-6,-5],[-4,2],[-7,23],[-19,40],[-56,112],[1,14],[-3,-3],[-2,3],[-6,16],[-55,106],[-9,31],[5,59],[-14,15],[-6,-10],[-6,0],[-12,21],[-10,36],[7,119],[-2,67],[-10,65],[-8,18],[-15,23],[-3,13],[2,9],[-4,11],[-39,60],[-37,50],[-79,94],[-95,129],[-136,163],[-72,74],[-68,60],[-9,14],[-7,3],[-62,63],[-143,134],[-108,80],[-22,19],[-5,8],[0,10],[-19,7],[-72,56],[-57,47],[-9,18],[-17,5],[-52,40],[-30,33],[-2,15],[-14,-1],[-12,7],[-22,34],[-28,8],[-142,106],[-21,11],[-92,74],[-111,76],[-11,10],[-13,21],[-14,12],[-37,18],[-42,29],[-102,54],[-147,88],[-48,34],[-87,53],[-45,30],[-23,23],[-105,68],[-141,80],[-130,79],[-165,112],[-64,53],[-76,45],[-120,85],[-130,109],[-57,55],[-129,113],[-70,64],[-84,87],[-53,69],[-13,28],[-59,85],[-42,71],[-11,27],[-46,84],[-47,68],[-80,129],[-120,200],[-24,49],[-40,97],[-38,138],[-34,99],[-4,15],[6,45],[-37,67],[-8,6],[-19,-3],[-12,10],[-75,127],[-48,70],[-3,13],[-20,31],[-137,280],[-64,114],[-82,127],[-36,48],[-7,15],[-21,24],[-34,55],[-69,97],[-40,64],[-4,11],[-22,31],[-5,15],[-29,47],[-20,41],[-23,24],[-9,23],[-10,8],[-32,50],[-9,6],[-16,27],[-11,9],[-11,21],[-7,3],[-5,15],[-13,13],[-4,14],[-7,2],[-25,38],[-12,10],[-17,39],[-9,7],[-5,11],[-5,26],[-11,17],[-5,34],[-37,46],[-32,62],[-19,16],[-5,10],[-25,25],[-6,15],[-7,0],[-17,17],[-7,13],[-10,6],[-22,24],[-5,9],[-19,15],[-14,20],[-25,20],[-10,15],[-26,18],[-10,16],[-12,7],[-14,13],[-8,13],[-27,19],[-8,13],[-13,5],[-21,20],[-2,6],[-47,45],[-47,60],[-36,70],[-7,20],[-17,58],[-15,74],[-6,10],[-8,27],[0,13],[-54,159],[1295,1234],[215,200],[270,262],[165,152],[224,223],[113,81],[30,33],[3,52],[7,18],[7,13],[12,8],[25,34],[8,3],[26,24],[12,1],[20,-6],[30,19],[21,-12],[10,4],[39,70],[16,17],[18,15],[43,23],[97,25],[29,-22],[53,-5],[33,11],[24,31],[27,58],[32,26],[61,-2],[57,4],[68,77],[37,59],[37,70],[27,34],[13,8],[42,8],[49,25],[32,10],[30,0],[35,-22],[11,7],[7,12],[20,69],[20,42],[57,87],[70,66],[55,18],[22,20],[46,61],[20,32],[59,56],[40,21],[33,31],[43,49],[41,74],[69,8],[43,-4],[35,42],[26,42],[57,194],[40,82],[21,27],[40,29],[23,24],[110,55],[57,19],[46,34],[30,31],[-2,67],[4,47],[12,121],[7,44],[23,74],[11,26],[28,29],[1,44],[19,58],[22,39],[44,51],[32,26],[64,66],[56,39],[161,48],[78,15],[51,7],[78,0],[2,-12],[11,-7],[71,-14],[39,-31],[130,-137],[34,-71],[62,-17],[33,-27],[31,-59],[72,-28],[34,-22],[49,-44],[26,-65],[13,-11],[42,-18],[58,-42],[126,-118],[27,-42],[19,-46],[64,-42],[121,-102],[42,-46],[58,-28],[67,-7],[42,-2],[19,7],[34,-4],[48,-25],[64,-41],[67,-26],[99,25],[24,-15],[43,-48],[49,-67],[8,-43],[-14,-4],[-26,0],[-25,-13],[-23,-40],[-19,-41],[-18,-85],[-12,-13],[-115,-26],[-48,-17],[-26,6],[-13,-4],[25,-40],[46,-45],[37,-46],[29,-21],[27,-52],[74,-27],[210,-14],[47,-8],[81,12],[63,25],[39,-27],[17,-43],[57,-59],[113,-103],[11,-34],[41,-98],[34,-43],[21,-18],[46,-19],[72,-36],[47,-33],[18,-20],[36,-1],[30,9],[16,-1],[45,-40],[35,-27],[78,-97],[20,-20],[97,-75],[58,-28],[17,-4],[21,-27],[33,-30],[20,-26],[57,-49],[43,-29],[26,-30],[51,-36],[25,-36],[17,-9],[45,-7],[34,-58],[20,-16],[44,-1],[83,-99],[77,-55],[74,-70],[51,-21],[6,-6],[3,-28],[28,-58],[66,-102],[19,-23],[12,-23],[36,-2],[47,5],[94,-14],[29,-18],[43,-52],[49,-47],[99,-69],[21,-21],[44,-30],[19,-19],[49,-29],[126,-95],[122,-112],[61,-11],[35,-30],[37,-20],[39,-28],[72,-70],[69,-74],[10,-16],[6,-20],[4,-50],[21,-25],[29,-25],[26,-77],[-2,-57],[-16,-43],[-101,-139],[-2,-32],[19,-152],[-10,-25],[-32,-33],[-5,-19],[6,-212],[-26,-128],[-31,-121],[2,-42],[12,-64],[-22,-71],[-33,-79],[-11,-38],[1,-45],[36,-75],[-1,-131],[3,-176],[-7,-19],[-11,-17],[-18,-44],[0,-20],[-6,-13],[-22,-19],[-21,-39],[-7,-25],[9,-53],[4,-152],[3,-42],[7,-26],[-2,-27],[-57,-69],[-25,-39],[-16,-36],[-12,-80],[6,-127],[9,-80],[3,-102],[28,-104],[0,-44],[-12,-88],[2,-8],[63,-28],[35,-6],[94,27],[183,11],[50,16],[7,9],[29,99],[23,136],[19,57],[4,63],[12,80],[-7,71],[-2,73],[26,29],[84,59],[71,14],[94,34],[89,-38],[49,-6],[6,9],[13,33],[0,28],[-14,80],[-1,46],[-15,90],[0,14],[16,33],[132,-25],[79,-50],[43,-42],[34,-91],[18,-61],[33,-140],[10,-63],[10,-7],[47,28],[13,31],[125,17],[111,37],[70,14],[62,33],[70,81],[175,41],[36,22],[92,142],[16,61],[40,84],[18,20],[21,8],[48,-1],[37,-20],[118,-21],[49,-21],[44,-40],[59,-34],[36,-46],[21,-67],[4,-31],[23,-42],[19,-46],[26,-28],[26,-20],[22,-67],[9,-38],[40,-32],[28,-30],[21,-17],[39,-47],[85,-169],[14,-47],[43,-53],[23,-41],[67,-78],[17,-36],[10,-33],[-1,-23],[9,-32],[20,-31],[16,-35],[23,-61],[5,-29],[89,-102],[23,-15],[18,-17],[32,-38],[63,-85],[40,-32],[17,-33],[39,-109],[42,-102],[16,-29],[40,-56],[14,-29],[35,-111],[8,-45],[13,-42],[2,-24],[47,-44],[108,-41],[49,-24],[52,-31],[12,-17],[93,-195],[14,-37],[15,-23],[86,-109],[40,-85],[19,-50],[26,-31],[39,-133],[60,-99],[30,-31],[31,-42],[75,-66],[23,-29],[28,-25],[37,-18],[61,-21],[23,-55],[31,-36],[60,-53],[37,-53],[31,-52],[22,-72],[9,-4],[29,0],[42,-12],[44,-19],[39,-24],[62,-57],[22,-29],[36,-27],[39,-17],[15,-17],[15,-34],[8,-93],[8,-33],[8,-49],[0,-50],[-22,-14],[-17,-1],[-21,-28],[2,-24],[-9,-43],[5,-51],[47,-3],[38,13],[18,1],[15,-5],[44,-41],[9,-44],[10,-30],[2,-25],[14,-17],[79,-8],[45,28],[42,18],[36,-8],[28,-20],[40,-35],[19,-7],[32,-24],[24,-5],[33,-17],[66,-65],[29,-37],[14,-40],[90,-144],[1,-38],[6,-47],[1,-113],[13,-107],[28,-55],[16,-15],[8,-32],[22,-25],[7,-20],[16,-25],[4,-3],[20,2],[57,36],[23,10],[46,1],[33,-6],[48,-25],[12,-15],[48,-25],[43,-55],[52,-44],[31,0],[31,-9],[39,-4],[27,19],[34,36],[18,28],[12,7],[36,-3],[83,-57],[40,-45],[80,-53],[36,-34],[49,-13],[51,31],[37,8],[93,54],[44,15],[27,23],[32,8],[67,59],[99,39],[62,-3],[26,-6],[63,-30],[61,-3],[25,-6],[67,11],[22,23],[35,10],[27,0],[33,11],[29,3],[77,119],[5,19],[29,30],[21,28],[27,22],[36,11],[64,-1],[62,-39],[54,-46],[16,-10],[55,-4],[22,-15],[33,-8],[38,12],[40,28],[56,14],[61,31],[49,-2],[29,-5],[31,-13],[16,0],[32,-38],[38,-74],[40,-67],[16,-44],[78,-73],[52,-113],[46,-27],[49,-33],[87,-78],[23,-34],[23,-59],[6,-43],[13,-31],[55,-56],[31,-28],[58,-43],[32,-34],[20,-4],[14,-12],[95,-53],[34,-12],[43,-6],[109,-33],[106,-61],[33,-7],[48,6],[20,6],[29,15],[25,2],[9,-7],[-2,-77],[11,-28],[62,-81],[1,-38],[15,-117],[30,-39],[25,-48],[0,-16],[-6,-28],[29,-165],[24,-65],[3,-40],[-4,-14],[-10,-8],[13,-22],[101,-135],[35,-38],[17,-26],[22,-15],[36,-16],[26,-5],[25,-19],[49,-84],[15,-38],[36,-36],[64,-10],[35,-18],[15,-2],[42,10],[47,2],[80,-32],[61,-39],[55,4],[7,-11],[14,-101],[34,-106],[50,-122],[7,-22],[4,-31],[67,-13],[21,-14],[37,-34],[9,-22],[17,-23],[21,-15],[14,-17],[21,-78],[10,-64],[-12,-70],[-5,-78],[22,-57],[2,-13],[-9,-53],[28,-362],[-5,-53],[-12,-66],[3,-62],[-5,-75],[60,-64],[84,-47],[73,-77],[68,-46],[113,-70],[107,-85],[73,-101],[74,-92],[96,-39],[152,-24],[91,-77],[50,-70],[73,-192],[68,-78],[96,-62],[107,-15],[57,92],[68,-16],[39,-108],[45,-85],[51,-69],[79,-39],[40,-77],[-1,-131],[6,-93],[22,-154],[62,-38],[6,-116],[0,-116],[28,-115],[16,-147],[40,-100],[17,-100],[5,-100],[56,-62],[0,-93],[-34,-69],[-23,-77],[34,-115],[34,-62],[17,-93],[5,-85],[57,-100],[10,-323],[79,-201],[40,-54],[89,-157],[74,-8],[67,-33],[27,-41],[46,-37],[50,-64],[42,13],[80,66],[41,39],[57,16],[100,-44],[49,-35],[48,-39],[52,-55],[106,-82],[91,-149],[23,-31],[40,-24],[46,-39],[23,-47],[20,-16],[20,-39],[17,-62],[26,-71],[25,-59],[43,-47],[95,16],[46,0],[94,50],[52,23],[52,16],[63,11],[106,27],[40,4],[43,19],[54,35],[58,47],[26,16],[48,0],[158,85],[43,27],[58,47],[34,54],[36,18],[30,41],[180,144],[46,14],[51,-19],[60,-29],[81,-82],[46,-52],[125,-119],[98,-33],[81,-12],[114,4],[82,22],[78,3],[30,-7],[84,-34],[79,-45],[46,-66],[73,-130],[35,-70],[49,-49],[46,-22],[30,-22],[40,-37],[49,-56],[111,-185],[65,-93],[30,-67],[108,-270],[62,-144],[98,-110],[-9,-52],[-27,-71],[-9,-36],[-17,-48],[4,-8],[14,-8],[9,-24],[15,-2],[9,-8],[5,-27],[-3,-16],[7,-62],[5,-13],[13,-16],[-8,-50],[5,-41],[-6,-24],[-2,-33],[-10,-25],[0,-13],[6,-10],[18,-9],[18,-15],[16,-34],[12,-13],[9,-22],[4,-31],[14,-40],[-15,-29],[-22,-60],[-41,-60],[5,-27],[-8,-39],[20,-52],[-11,-17],[-5,-19],[-5,-46],[4,-22],[12,-17],[9,-35],[-8,-20],[-24,-19],[6,-15],[24,-26],[8,-31],[0,-31],[28,-3],[19,-29],[42,-32],[5,-52],[-11,-46],[16,-47],[-5,-18],[-3,-52],[-18,-36],[-11,-55],[-6,-51],[-21,-38],[-7,-21],[0,-14],[10,-41],[0,-15],[-30,-131],[20,-75],[5,-14],[14,-19],[3,-59],[-28,-101],[-12,-60],[0,-36],[-7,-22],[-26,-35],[-37,-19],[-3,-10],[12,-46],[9,-10],[24,-47],[1,-25],[-12,-21],[31,-86],[20,-24],[7,-16],[4,-37],[-4,-44],[-27,-79],[-20,-32],[-5,-30],[-17,-15],[-1,-20],[7,-26],[-21,1],[-12,-6],[-16,-39],[10,-19],[19,-62],[-8,-34],[2,-17],[8,-21],[30,-25],[10,-10],[10,-21],[31,-28],[27,-45],[29,-8],[-23,-39],[-13,-36],[-25,-24],[-10,-18],[-6,-25],[3,-40],[-41,-22],[-46,-3],[3,-42],[13,-51],[5,-48],[-30,-39],[28,-19],[15,-15],[36,-73],[38,-26],[15,-17],[19,-29],[16,-36],[23,-90],[3,-38],[-2,-16],[50,-3],[38,-11],[46,5],[51,-2],[33,-14],[69,-42],[45,-11],[101,-5],[49,21],[14,-3],[29,14],[11,-2],[15,-8],[28,2],[23,-14],[12,-12],[15,-5],[22,-26],[32,0],[8,-14],[9,-4],[42,-3],[13,-23],[39,-23],[16,-6],[27,-3],[20,-9],[29,-20],[12,-19],[1,-45],[-12,-49],[2,-39],[5,-24],[9,-4],[3,-19],[11,-15],[2,-33],[9,-26],[-1,-34],[10,1],[6,-5],[16,-40],[14,-9],[6,0],[8,8],[9,22],[10,10],[49,3],[25,21],[27,3],[20,9],[19,21],[35,25],[31,1],[5,3],[20,40],[29,33],[34,53],[9,18],[10,31],[8,7],[12,34],[9,16],[12,11],[36,0],[33,-54],[11,-12],[8,-3],[12,-75],[15,-27],[7,-22],[4,-59],[11,-20],[0,-24],[5,-18],[-1,-13],[-19,-54],[26,-58],[8,-34],[26,-24],[21,-41],[26,-12],[27,-46],[19,0],[3,-11],[18,-29],[16,-8],[13,-23],[15,-1],[11,-10],[5,-10],[3,-25],[4,-31],[-2,-19],[4,-16],[19,-22],[2,-23],[9,-23],[24,-23],[4,-9],[6,-39],[11,-26],[5,-24],[4,-5],[15,5],[14,-13],[9,-29],[17,-36],[15,-12],[11,-1],[11,3],[11,10],[39,6],[19,-2],[12,-17],[6,-25],[6,-6],[11,-3],[22,5],[25,24],[28,15],[57,-19],[30,-18],[49,-9],[5,-3],[4,-37],[26,-32],[14,-26],[11,-50],[6,-14],[8,-11],[53,-50],[17,-44],[6,-4],[16,-1],[20,-17],[49,-23],[20,-17],[8,1],[12,15],[2,21],[8,26],[5,6],[14,38],[14,9],[27,25],[27,-6],[27,6],[11,10],[22,-46],[-4,-36],[11,-47],[16,-12],[17,-19],[28,-58],[9,-30],[10,-56],[18,10],[14,15],[24,17],[82,14],[36,35],[20,7],[25,17],[15,18],[8,20],[1,12],[28,69],[6,53],[0,42],[6,22],[34,17],[34,28],[13,-2],[23,16],[24,13],[34,37],[26,14],[88,3],[45,-5],[31,3],[12,13],[4,18],[11,18],[12,8],[7,18],[15,19],[61,4],[35,-11],[28,7],[18,9],[18,-3],[9,2],[38,20],[29,-20],[33,-8],[23,12],[28,2],[46,24],[20,5],[37,0],[24,12],[24,2],[16,10],[23,-9],[25,1],[24,-12],[15,1],[16,6],[46,30],[27,11],[51,9],[36,18],[18,0],[29,15],[15,0],[55,43],[78,35],[42,-2],[50,15],[12,2],[18,-4],[12,5],[52,9],[19,-9],[23,-4],[14,8],[18,2],[4,5],[5,22],[20,10],[8,-5],[14,-22],[13,0],[1,-34],[9,-12],[29,-7],[60,-27],[40,-5],[41,2],[9,6],[9,22],[-2,21],[-8,17],[6,20],[0,22],[6,4],[13,-7],[18,12],[-6,10],[-2,23],[7,24],[0,15],[-6,11],[-13,43],[3,6],[21,21],[1,20],[6,19],[4,28],[9,12],[2,17],[12,44],[10,14],[10,32],[31,46],[26,27],[31,11],[33,-9],[64,-5],[20,-24],[6,-29],[26,87],[10,50],[13,96],[26,7],[84,-2],[19,-62],[23,-58],[-8,-105],[-4,-34],[-5,-11],[7,-24],[5,-6],[18,-4],[11,-12],[15,30],[12,8],[26,9],[16,0],[25,-9],[22,-18],[3,-15],[21,-35],[4,-24],[8,-12],[8,-7],[15,2],[18,-19],[6,-18],[4,-33],[13,-7],[1,-59],[13,-36],[1,-13],[-7,-22],[-18,-24],[4,-25],[11,-15],[15,-9],[21,-36],[0,-23],[-7,-13],[-8,-6],[-29,-2],[-12,-22],[-2,-17],[18,-63],[35,-51],[3,-55],[5,-10],[7,-5],[23,-4],[10,-8],[4,-6],[5,-27],[10,-20],[-4,-34],[-14,-48],[-4,-43],[4,-54],[13,-36],[38,-37],[81,-21],[68,19],[20,0],[53,-49],[55,-30],[145,-16],[68,8],[20,-4],[83,38],[129,-22],[72,17],[-10,-148],[50,-96],[127,-11],[74,9],[222,-45],[23,35],[8,3],[20,-4],[10,3],[17,19],[6,2],[10,21],[20,-8],[27,10],[19,15],[13,-3],[11,-9],[1,-10],[-12,-23],[-2,-14],[2,-19],[5,-4],[4,2],[9,27],[14,29],[28,25],[-4,7],[-30,-3],[1,7],[14,28],[-3,35],[4,11],[9,2],[9,-24],[4,-4],[14,4],[12,-5],[21,11],[16,-4],[14,2],[14,-4],[3,-14],[8,3],[10,16],[19,15],[-11,30],[3,36],[4,6],[12,3],[23,-3],[4,11],[0,7],[-6,11],[-30,-2],[-12,8],[-2,21],[8,24],[5,3],[17,-4],[26,23],[9,0],[20,-14],[6,1],[3,37],[17,1],[26,42],[20,-5],[11,9],[13,2],[70,52],[7,0],[2,-10],[-21,-70],[-57,-246],[-51,-326],[8,-224],[14,-235],[9,-50],[22,-49],[25,-22],[26,-31],[24,-13],[14,-4],[20,12],[11,-1],[8,-7],[47,5],[4,-3],[3,-16],[19,0],[14,-11],[17,-7],[14,8],[18,20],[4,-1],[2,-11],[7,0],[23,7],[17,11],[11,-36],[12,-10],[12,-1],[29,7],[4,5],[0,5],[-16,9],[-2,6],[15,11],[15,-4],[15,4],[28,19],[4,12],[17,28],[7,45],[4,6],[10,5],[16,-1],[15,19],[12,3],[23,-3],[-2,-17],[4,-3],[14,23],[15,17],[26,2],[1,10],[-13,33],[0,12],[25,-16],[13,4],[15,19],[12,-24],[13,-8],[18,5],[8,13],[11,6],[10,-24],[30,-5],[1,-27],[16,-2],[4,3],[11,25],[10,11],[10,34],[5,-3],[7,-24],[9,-14],[6,15],[9,-2],[16,8],[4,-2],[1,-16],[15,4],[0,8],[-3,4],[0,6],[14,18],[25,-4],[-2,6],[-26,14],[-2,14],[22,12],[10,32],[15,-11],[5,-12],[0,-9],[3,1],[8,27],[19,34],[9,-1],[12,-11],[-1,-10],[-12,-33],[1,-10],[4,0],[10,23],[6,3],[7,-4],[6,-19],[6,1],[19,37],[10,-4],[14,-13],[1,-19],[4,-4],[5,5],[9,28],[19,21],[-3,10],[-9,1],[-6,9],[-2,11],[14,-3],[35,-41],[11,3],[22,35],[7,3],[6,-7],[9,-26],[5,-3],[15,16],[17,8],[15,27],[-9,34],[5,6],[44,4],[3,-10],[2,-25],[-3,-19],[4,-2],[38,41],[7,16],[8,0],[23,-27],[10,23],[14,2],[2,-8],[-2,-32],[13,-13],[2,-27],[3,-9],[5,7],[5,38],[35,-3],[1,-14],[5,-6],[10,-8],[11,1],[0,8],[-6,19],[0,15],[3,4],[11,-12],[22,-43],[20,-7],[21,-18],[13,16],[8,3],[2,-18],[4,-5],[12,5],[33,-8],[16,7],[11,-5],[4,6],[1,26],[7,3],[7,-2],[12,-10],[9,-21],[6,-4],[8,18],[6,28],[6,4],[4,-8],[0,-22],[8,-17],[-23,-21],[0,-10],[11,-2],[15,7],[22,-26],[11,-5],[7,4],[13,22],[10,1],[12,-10],[5,-17],[7,-11],[25,-3],[3,-23],[125,-477],[66,-666],[-5,-173],[46,-184],[71,-222],[-35,-31],[-106,-225],[31,-172],[6,-250],[73,-86],[41,-36],[13,-23],[-6,-24],[-24,-31],[-66,-115],[-58,-230],[-74,-171],[-5,-122],[-31,-158],[103,-244],[-55,-228],[10,-161],[-168,-132],[-105,-6],[-147,-38],[-132,-218],[-49,-307],[-27,-244],[-125,-175],[-144,-156],[-60,-154],[-163,-106],[-10,-158],[-150,-176],[-180,-187],[-88,-167],[-119,-138],[-79,8],[-51,21],[-171,160],[-24,107],[2,201],[-43,223],[-38,252],[-324,562],[-102,101],[-72,132],[-94,19],[-59,47],[-76,218],[-38,10],[-99,-28],[-152,19],[-95,39],[-56,155],[-111,44],[-160,-59],[35,-113],[11,-104],[-1,-162],[-3,-70],[-7,-50],[-24,-118],[-21,-67],[-41,-86],[-35,-47],[-53,-43],[-16,-19],[-99,-198],[-18,-56],[-11,-66],[-8,-70],[-6,-96],[0,-75],[10,-29],[12,-16],[48,-24],[28,-27],[35,-56],[46,-102],[5,-32],[-15,-19],[-3,-23],[84,-369],[-70,-234],[-126,-194],[-110,-407],[-40,-225],[8,-160],[-113,-136],[-90,-115],[-41,-42],[-50,-81],[-12,-27],[-13,-50],[1,-12],[23,-45],[26,-33],[32,-66],[7,-17],[3,-68],[-45,-153],[-25,-126],[-32,-131],[-23,-64],[-17,-72],[-18,-34],[-14,-14],[-243,-20],[-85,-37],[-102,-29],[-53,-22],[-71,-34],[-73,-28],[-28,-20],[-8,-16],[1,-21],[20,-54],[41,-145],[-54,-255],[3,-209],[-1,-34],[-4,-10],[-294,-106],[-197,-79],[-109,-89],[-29,-26],[-11,-101],[-18,-76],[-30,-88],[-18,-36],[-9,-8],[-7,-2],[-13,11],[-32,65],[-7,24],[-6,77],[4,88],[-7,29],[-9,6],[-82,-86],[-131,-65],[-244,-100],[-108,-49],[-29,-17],[-64,-26],[-24,-16],[-4,-8],[26,-94],[2,-29],[-3,-5],[-15,-6],[-23,-23],[-40,-58],[-97,-116],[-143,-210],[-139,-41],[-179,-73],[-80,-108],[63,-16],[11,-31],[54,-60],[33,-18],[32,-62],[88,-46],[93,-30],[68,13],[45,-7],[114,-86],[56,-16],[53,-38],[62,-20],[61,-74],[7,-28],[33,-47],[32,-32],[35,-15],[46,-132],[30,-151],[58,-42],[83,-21],[0,-75],[18,-50],[6,-40],[20,-23],[33,-17],[4,-21],[-5,-44],[1,-46],[-18,-86],[-24,-84],[2,-52],[10,-25],[16,9],[8,39],[18,20],[37,27],[69,35],[187,37],[126,-253],[77,24],[69,-163],[103,-47],[234,-398],[143,8],[157,-111],[-8,-255],[82,-137],[118,-100],[127,-37],[81,40],[59,-150],[-38,-110],[27,-153],[60,-40],[69,-338],[234,-387],[23,-109],[50,0],[54,-12],[66,-23],[17,-34],[26,-27],[31,-23],[23,-6],[36,1],[37,-19],[19,-30],[27,-18],[34,-5],[42,5],[13,-62],[-1,-13],[-16,-49],[-5,-28],[-3,-26],[2,-37],[-15,-34],[6,-18],[17,-20],[16,-8],[51,23],[94,19],[41,-22],[28,3],[21,-4],[18,-22],[7,-30],[53,41],[98,36],[15,13],[15,5],[24,-9],[57,-8],[24,-48],[60,-70],[18,-18],[35,-8],[34,-25],[8,-49],[-10,-27],[10,-30],[21,-18],[8,-41],[22,-46],[32,-4],[24,-18],[21,-1],[28,11],[11,-4],[8,14],[1,89],[39,29],[22,24],[27,-3],[21,2],[60,-32],[17,-5],[36,-4],[56,1],[64,-32],[55,-1],[44,19],[52,34],[10,26],[7,68],[-4,41],[8,22],[31,-5],[23,11],[21,24],[7,26],[-7,72],[6,19],[26,14],[22,20],[30,16],[25,23],[7,23],[16,28],[20,12],[47,-3],[17,-6],[52,-5],[29,28],[25,3],[15,-27],[7,-22],[19,-32],[20,-45],[20,0],[45,-65],[8,-36],[31,-20],[60,-70],[36,-14],[42,0],[24,-7],[56,-35],[40,-37],[8,-26],[2,-54],[13,-104],[87,-214],[18,-29],[34,-32],[51,-26],[49,-17],[27,-15],[28,-25],[39,-55],[29,-68],[27,-96],[28,-48],[37,-41],[35,-32],[34,-10],[86,6],[279,52],[53,-6],[66,-14],[150,3],[25,-9],[7,-7],[-10,-5],[-32,-63],[-14,-20],[-28,-30],[-77,-64],[-21,-22],[-45,-71],[-19,-42],[-12,-38],[-7,-33],[-6,-67],[-10,-35],[-20,-49],[-27,-49],[-11,-12],[-22,-13],[-45,-11],[-38,-1],[-41,-6],[-47,-14],[-40,-23],[-100,-106],[-29,-58],[-16,-45],[-9,-15],[-25,-23],[-48,-27],[-11,-9],[-24,-4],[-16,4],[-31,12],[-19,13],[-60,21],[-75,35],[-141,85],[-40,20],[-37,15],[-24,2],[-21,-12],[-12,-14],[-55,-76],[-35,-41],[-17,-14],[-118,-68],[-23,-24],[-9,-15],[-16,-45],[-9,-41],[-2,-15],[10,-80],[12,-27],[41,-69],[49,-68],[24,-44],[10,-33],[8,-74],[2,-72],[-4,-24],[-15,-59],[-22,-53],[-10,-34],[-14,-76],[-5,-44],[0,-37],[7,-56],[13,-33],[89,-97],[43,-35],[90,-82],[71,-55],[50,-30],[36,-42],[29,-23],[51,-18],[42,-6],[68,-2],[35,-9],[24,-9],[56,-46],[29,-41],[13,-37],[9,-49],[13,-24],[31,-15],[90,-17],[40,-22],[47,-39],[20,-20],[54,-69],[49,-84],[22,-30],[19,-44],[48,-89],[12,-15],[58,-117],[37,-110],[29,-18],[67,-4],[38,-15],[13,-10],[32,-40],[51,-45],[21,-35],[29,-3],[21,-37],[6,-21],[3,-59],[7,-29],[0,-14],[-13,-41],[58,-19],[11,-19],[3,-20],[5,-9],[11,-14],[18,-12],[19,3],[24,19],[31,-1],[16,-46],[6,-24],[23,-43],[19,19],[43,16],[6,-14],[31,-28],[41,3],[17,-23],[23,-17],[13,-20],[14,0],[28,18],[22,7],[19,-16],[26,-11],[81,-60],[30,-39],[16,-6],[32,-33],[8,-48],[35,-63],[26,-5],[9,-6],[11,-18],[30,-5],[31,-42],[-9,-44],[-11,-29],[25,-49],[6,-39],[23,-20],[15,-32],[37,-6],[34,-30],[91,-40],[33,-21],[29,-50],[13,-35],[4,-24],[6,-16],[-5,-46],[-6,-20],[-2,-28],[-5,-25],[-1,-45],[20,-42],[12,-42],[5,-44],[-53,-47],[-28,-8],[-52,-62],[-31,-17],[-20,-27],[-24,-2],[-21,-35],[4,-14],[14,-26],[3,-14],[0,-17],[16,-10],[31,-48],[24,-8],[12,-13],[7,-41],[29,-69],[11,-88],[12,-24],[21,-19],[5,-28],[4,-9],[16,-10],[16,-29],[20,-11],[7,-14],[18,-2],[42,-29],[43,-54],[-12,-82],[-17,-34],[-24,-8],[-14,-35],[-12,-8],[12,-24],[27,-26],[6,-12],[-6,-25],[-25,-33],[-4,-14],[3,-21],[14,-35],[11,-50],[9,-8],[25,-9],[9,-20],[16,-3],[25,-51],[24,-31],[20,-5],[32,-25],[55,-59],[29,3],[13,7],[4,-3],[9,-33],[13,-16],[43,-31],[5,-2],[2,7],[12,14],[31,0],[17,7],[16,-1],[6,6],[13,29],[10,14],[-2,43],[13,24],[4,23],[9,20],[-1,30],[5,31],[47,36],[14,34],[18,22],[21,39],[34,5],[37,-6],[12,-13],[8,-25],[14,-9],[12,-1],[4,45],[8,9],[24,13],[12,18],[46,-5],[9,6],[20,25],[13,9],[23,-3],[31,10],[30,2],[16,8],[22,22],[14,-5],[21,2],[16,-6],[35,-35],[51,-33],[7,-21],[-3,-21],[31,-5],[31,-20],[27,-3],[17,-18],[12,-24],[41,58],[42,-34],[25,-34],[27,-21],[25,93],[10,66],[-3,25],[21,3],[15,15],[46,17],[29,9],[38,5],[53,34],[29,25],[11,15],[9,23],[0,24],[-11,55],[9,25],[129,120],[16,-3],[13,-8],[19,-51],[0,-19],[3,-7],[19,-19],[22,-14],[9,-24],[21,-19],[12,-21],[5,-17],[-6,-32],[7,-21],[-5,-26],[5,-7],[11,4],[17,28],[18,71],[25,31],[11,33],[19,-1],[40,9],[13,-3],[30,4],[15,-8],[10,0],[143,117],[103,2],[124,-238],[124,-72],[123,0],[123,121],[141,70],[106,-120],[246,-95],[141,-71],[88,-72],[159,0],[105,-71],[123,-48],[106,-24],[113,-34],[36,-16],[9,2],[10,40],[4,6],[42,19],[12,27],[21,28],[23,8],[37,3],[11,-3],[47,-28],[20,-4],[26,-1],[22,15],[29,7],[18,0],[30,-12],[13,-10],[41,-55],[28,-7],[23,-46],[28,-44],[9,-3],[16,4],[11,-48],[-4,-157],[14,-76],[17,-34],[9,-64],[6,-10],[51,-25],[5,-12],[2,-36],[23,-38],[40,-42],[25,-12],[27,-6],[56,-43],[26,-31],[38,-22],[93,-9],[80,5],[21,-2],[32,-11],[14,-25],[5,-13],[2,-18],[6,-10],[12,-11],[35,-3],[25,-11],[23,-36],[46,-52],[32,-43],[28,-24],[55,-87],[17,-42],[6,-7],[29,-15],[36,-4],[16,3],[2,-31],[8,-24],[14,-22],[29,-21],[8,-36],[16,-37],[5,-61],[14,-24],[20,-9],[23,-2],[35,9],[22,17],[14,1],[16,-11],[7,0],[25,4],[24,12],[15,-12],[36,-5],[22,-14],[19,-3],[37,-18],[12,0],[25,19],[92,6],[62,11],[24,27],[31,4],[32,41],[17,-7],[60,-2],[50,-12],[22,-14],[16,-46],[21,-24],[53,-40],[36,-12],[26,-61],[23,-33],[4,-4],[36,-2],[12,-4],[14,-19],[8,-38],[4,-7],[24,-8],[21,1],[84,44],[24,5],[26,-15],[14,-37],[26,-26],[23,-15],[33,5],[21,-34],[19,-17],[7,-15],[30,-8],[5,-4],[19,-46],[41,-55],[2,-31],[-3,-27],[15,-45],[-3,-12],[-18,-27],[-11,-49],[5,-32],[34,-54],[21,-71],[20,-22],[44,-35],[219,-54],[49,-19],[16,-9],[19,-18],[14,-29],[-14,-29],[-17,-22],[-48,-46],[-4,-20],[-5,-79],[3,-8],[-14,-14],[-18,-11],[-17,-27],[-15,-16],[-32,-7],[-43,-29],[-14,-17],[-7,-20],[-9,-15],[-24,-7],[-17,-12],[-4,-48],[-9,-32],[-26,-15],[-17,-19],[-29,-14],[-21,0],[-12,-51],[-10,-17],[7,-14],[2,-17],[-5,-76],[15,-42],[-7,-7],[-31,7],[-15,8],[-12,15],[-6,-6],[-5,-21],[-31,-10],[-26,-17],[-6,-26],[-5,-8],[-32,-21],[-23,-8],[-5,-20],[17,-47],[13,-24],[16,-15],[5,-10],[1,-37],[14,-50],[1,-29],[-25,-18],[-14,-23],[-62,-21],[-19,-23],[-19,-2],[-31,-32],[-14,-4],[-18,-18],[-14,5],[-22,-1],[-33,-14],[18,-28],[2,-12],[-10,-37],[-10,-79],[20,-35],[23,-16],[9,-11],[14,-31],[3,-28],[24,-11],[14,-28],[-3,-16],[0,-62],[-17,-47],[-3,-27],[3,-6],[-6,-20],[-6,-14],[-7,-5],[-11,-47],[-8,-15],[2,-9],[-4,-14],[-9,-5],[-18,3],[20,-78],[-19,-74],[-5,-53],[-15,-60],[-2,-43],[4,-38],[33,-34],[-2,-43],[-5,-51],[-33,-18],[12,-77],[-2,-40],[2,-16],[-3,-8],[-9,-2],[-2,-4],[-1,-43],[-14,-40],[14,-13],[6,-24],[21,-29],[5,-15],[-10,-26],[-20,-24],[-28,-28],[-24,-8],[-12,-18],[7,-43],[5,-12],[-9,-8],[-9,-1],[-2,-6],[-4,-48],[-3,-9],[9,-13],[-2,-17],[-9,-14],[0,-24],[-19,10],[-24,2],[-14,12],[-14,20],[-1,8],[-17,6],[-6,-2],[-5,-11],[-24,-7],[-17,-16],[-1,-15],[-10,-33],[7,-31],[2,-48],[-8,-18],[-4,-32],[-18,-27],[1,-24],[-8,-6],[-15,-24],[-6,-26],[12,-19],[0,-42],[5,-23],[-21,-36],[12,-17],[23,-6],[11,-13],[14,-6],[-1,-11],[-3,-9],[-9,-12],[-9,-28],[-21,-11],[-13,-36],[-36,-31],[2,-34],[-6,-41],[3,-45],[-16,-61],[0,-55],[-6,-13],[-9,-5],[-1,-4],[4,-38],[7,-4],[12,4],[16,-24],[3,-37],[-2,-22],[4,-6],[7,0],[16,13],[7,0],[7,-21],[15,-1],[14,-9],[22,28],[4,1],[42,-45],[25,-9],[15,-12],[8,5],[3,14],[3,2],[38,-6],[10,-7],[1,-13],[-16,-27],[0,-14],[28,-13],[13,-28],[25,-36],[21,-11],[16,-26],[10,-1],[-3,-10],[-8,-4],[0,-17],[-6,-23],[-17,-6],[-4,-11],[-26,-40],[29,-22],[30,8],[15,11],[23,-19],[8,-20],[-3,-23],[-10,-15],[-9,0],[-2,-7],[9,-15],[1,-22],[6,-13],[21,-5],[10,-14],[8,-20],[14,-8],[28,-32],[16,0],[9,-6],[14,-30],[30,-20],[20,-29],[21,-7],[26,-38],[33,-24],[10,-12],[6,-16],[-10,-26],[5,-30],[-4,-21],[10,-15],[17,-11],[27,-33],[25,-41],[5,-16],[11,-8],[3,-11],[11,-6],[8,-13],[7,-31],[-8,-26],[5,-10],[34,-15],[60,-39],[19,-30],[-1,-14],[9,-11],[1,-16],[12,-12],[2,-15],[-10,-1],[2,-5],[36,-20],[16,-3],[24,-24],[12,-3],[4,-9],[10,-7],[9,-12],[7,-20],[2,-21],[23,-14],[15,-19],[13,-4],[26,-19],[17,-1],[32,-29],[62,-114],[19,-17],[17,-30],[18,-21],[10,-50],[21,-80],[22,-38],[22,-29],[114,-104],[32,-24],[45,-10],[21,1],[58,14],[48,-17],[51,9],[27,28],[35,24],[39,-2],[19,5],[6,-2],[35,-51],[15,-9],[22,0],[36,19],[26,30],[14,2],[10,6],[9,12],[5,20],[17,6],[19,-5],[11,2],[22,12],[22,21],[33,-26],[32,10],[44,-4],[39,24],[47,19],[34,37],[36,73],[14,20],[13,12],[18,27],[15,33],[13,20],[93,78],[10,3],[36,-17],[11,0],[5,4],[19,42],[2,40],[22,18],[10,34],[8,16],[22,13],[13,13],[5,9],[-1,14],[-11,18],[-3,16],[15,24],[10,24],[16,-1],[5,5],[0,12],[-17,20],[0,13],[11,13],[6,16],[12,8],[3,39],[12,19],[-2,23],[5,13],[29,3],[11,21],[18,-4],[23,20],[28,6],[4,5],[2,18],[5,8],[30,-1],[11,4],[13,25],[19,24],[3,27],[15,11],[11,24],[26,-6],[13,16],[15,-4],[13,7],[13,-8],[-1,19],[6,18],[0,10],[-11,27],[0,8],[5,6],[16,9],[4,19],[6,6],[-1,15],[3,8],[28,5],[3,25],[6,19],[15,0],[6,5],[1,15],[-7,-2],[3,25],[-6,29],[36,3],[5,-6],[-7,-8],[12,-22],[25,20],[17,5],[15,12],[9,0],[5,-13],[-5,-45],[5,-4],[13,-1],[9,-18],[18,8],[10,10],[14,45],[7,-3],[15,48],[13,-6],[32,-31],[20,14],[39,3],[13,9],[13,-2],[21,-11],[5,2],[17,21],[14,10],[7,15],[13,3],[215,-188],[27,-3],[22,5],[14,17],[15,-6],[28,12],[19,-4],[15,-9],[21,1],[28,-33],[28,9],[15,0],[8,11],[25,-24],[21,-6],[10,-30],[28,-17],[-10,-37],[8,-25],[18,-6],[6,-16],[6,-8],[30,9],[7,-2],[3,-6],[7,-31],[-1,-25],[-13,-14],[-3,-18],[14,-25],[7,-22],[0,-39],[-5,-13],[15,-15],[5,-8],[-5,-36],[2,-29],[14,-9],[11,-22],[17,6],[5,-4],[7,-18],[11,-3],[-4,-18],[2,-44],[3,-16],[7,-10],[-10,-12],[-3,-12],[0,-22],[-7,-11],[5,-27],[13,-22],[1,-18],[-10,-5],[-16,8],[-33,-12],[-36,-22],[-53,-167],[-22,-61],[-3,-26],[-11,-34],[-22,-1],[-21,-10],[-6,-11],[-2,-9],[8,-35],[-18,-13],[-22,-49],[-6,-6],[-21,-6],[-8,-33],[-46,-50],[-12,-40],[-39,-6],[7,-61],[-4,-23],[-7,-17],[-18,-21],[-28,-53],[-15,-19],[-19,-14],[-32,-13],[-56,-34],[-9,-11],[-15,-28],[-3,-25],[2,-18],[35,-40],[19,-43],[16,7],[30,-10],[18,11],[12,0],[22,-27],[10,-2],[20,5],[15,-16],[10,13],[20,13],[7,12],[13,2],[25,-4],[17,-9],[6,-7],[13,-29],[17,4],[12,16],[24,7],[11,13],[7,3],[39,-1],[30,32],[13,-6],[8,22],[14,13],[63,-10],[16,-15],[1,-41],[37,-27],[48,-13],[86,8],[18,-11],[24,-23],[32,-24],[21,-3],[13,-14],[19,-11],[27,-2],[44,-44],[10,-16],[18,-42],[19,-5],[16,-15],[20,-9],[9,-25],[11,-9],[9,-18],[12,-8],[11,-17],[4,-11],[11,2],[21,-3],[24,-14],[20,17],[14,1],[26,-15],[47,-69],[38,-34],[24,-28],[-2,-28],[8,-53],[12,-29],[17,-20],[-15,-30],[-1,-32],[-6,-28],[9,-39],[0,-24],[17,-7],[35,0],[6,-5],[9,-19],[23,-5],[16,-19],[22,14],[18,24],[11,4],[16,-4],[12,-14],[7,-20],[8,-34],[1,-25],[12,-13],[6,-1],[14,0],[24,10],[19,-4],[8,-9],[-9,-29],[2,-17],[6,-13],[11,-10],[39,-8],[16,-8],[8,-21],[-3,-54],[19,-23],[2,-31],[12,-29],[0,-30],[-5,-17],[-15,-13],[-13,-1],[-11,6],[0,-32],[-9,-31],[0,-9],[6,-6],[34,-13],[5,-5],[4,-21],[6,-10],[38,-12],[2,-38],[9,-18],[6,-7],[38,-3],[14,-7],[16,-31],[23,-23],[9,-21],[10,-7],[0,-28],[3,-11],[-25,-26],[-8,-37],[-5,-9],[38,-64],[25,-14],[10,-16],[13,2],[30,-21],[11,-13],[7,-21],[0,-18],[-10,-39],[-37,-25],[-6,-11],[14,-38],[15,-13],[11,-25],[7,-8],[15,-4],[9,-12],[9,-35],[-15,-31],[-2,-17],[-10,-25],[6,-37],[-4,-36],[-11,-18],[-22,-15],[-8,-9],[3,-74],[16,-74],[5,-11],[24,-19],[4,-9],[-5,-39],[6,-35],[6,-11],[17,-12],[29,3],[8,-52],[23,-53],[6,-25],[-4,-10],[-25,-11],[-8,-14],[-5,-31],[-12,-35],[-1,-29],[-8,-36],[4,-31],[-13,-11],[-14,-2],[-29,11],[-9,-4],[-14,-14],[-15,0],[-307,-244],[-2,-8],[-18,-5],[-20,-30],[-9,-2],[-9,10],[-5,1],[-10,-10],[-7,-13],[-15,-2],[-10,-14],[-11,-5],[-4,-6],[-1,-23],[-5,-15],[-19,-5],[-6,-14],[-14,-9],[-4,-9],[2,-28],[-11,-29],[3,-24],[-6,-16],[8,-21],[0,-15],[-17,-1],[-21,-8],[-9,-29],[-11,-3],[-7,-6],[-12,0],[-40,-34],[3,-5],[24,-35],[9,-27],[14,-21],[11,22],[19,7],[11,11],[9,26],[31,12],[21,18],[11,-5],[26,5],[15,-8],[11,-12],[28,17],[26,-5],[16,-14],[14,4],[15,-2],[18,7],[34,-2],[8,10],[24,5],[30,30],[22,6],[19,35],[13,13],[15,2],[13,-7],[8,1],[-6,43],[18,29],[11,1],[22,-11],[18,-28],[8,-5],[25,14],[-2,16],[15,3],[37,-23],[14,-3],[6,-24],[5,-53],[27,-2],[27,-18],[26,4],[22,-11],[19,-3],[14,-9],[52,21],[20,-52],[10,-4],[17,5],[11,-2],[20,-20],[28,-8],[38,-56],[16,-31],[17,-7],[23,4],[33,-18],[19,-23],[19,-4],[16,2],[17,-12],[15,3],[11,-29],[12,-75],[28,-26],[5,-9],[5,-42],[17,-15],[20,-5],[25,4],[15,-21],[9,-6],[17,21],[56,15],[40,36],[11,4],[14,-4],[10,-14],[5,-2],[21,4],[21,-20],[15,-21],[13,-2],[19,4],[29,-17],[15,27],[19,4],[17,-10],[20,-6],[34,-3],[17,3],[42,57],[29,-7],[10,-12],[7,-16],[-2,-17],[-11,-28],[33,-30],[22,-40],[11,0],[30,-16],[37,6],[7,-10],[4,-15],[0,-12],[-10,-15],[7,-8],[4,-21],[34,21],[10,-11],[6,-29],[1,-30],[-5,-58],[29,-51],[11,7],[10,-1],[11,-9],[5,-14],[1,-21],[-10,-53],[48,-17],[46,-46],[56,-82],[23,-100],[27,-42],[13,-70],[33,-58],[19,-47]],[[22933,18042],[8,-10],[2,-17],[-7,-65],[5,-27],[18,-49],[-2,-12],[-18,-10],[-56,-4],[-15,-6],[-26,-22],[-13,-17],[-10,-27],[-6,-6],[-37,-8],[-12,3],[-12,12],[-28,37],[-30,20],[-24,27],[-19,44],[-25,122],[-1,15],[8,20],[24,20],[18,33],[30,22],[6,15],[10,12],[48,33],[11,-3],[9,-20],[14,-5],[36,-3],[15,-11],[3,-10],[-2,-13],[-6,-9],[-21,-16],[-1,-9],[5,-9],[25,-8],[12,-10],[31,-2],[21,-24],[12,-3]],[[21811,22570],[84,-63],[55,-25],[59,-11],[4,-6],[5,-27],[60,-40],[45,-18],[17,-16],[58,-37],[8,-5],[9,-15],[41,-36],[27,-12],[17,-18],[51,-18],[46,-23],[43,-27],[32,-24],[26,-28],[16,-24],[17,-9],[6,-20],[28,-21],[16,-26],[37,-25],[40,-42],[21,-30],[35,-30],[19,-11],[14,-14],[25,-15],[19,-5],[47,1],[19,-8],[32,6],[39,15],[22,25],[37,15],[15,4],[53,-2],[91,-42],[44,-40],[20,-26],[41,-35],[50,-11],[46,-31],[82,-82],[23,-32],[13,-28],[10,-13],[67,-64],[49,-53],[26,-46],[55,-57],[20,-38],[28,-35],[20,-14],[33,-41],[33,-22],[35,-29],[10,-21],[-1,-12],[15,-49],[4,-64],[16,-8],[15,-22],[17,-14],[29,-18],[12,0],[10,-6],[8,-18],[15,-12],[22,-13],[59,-4],[18,-4],[8,-6],[9,7],[53,6],[43,16],[8,-1],[20,-15],[29,-4],[8,-11],[7,-34],[10,-17],[8,2],[37,-40],[36,-32],[28,-12],[32,-8],[21,-3],[39,2],[20,5],[43,24],[18,-4],[17,3],[23,13],[19,27],[14,4],[17,-9],[16,-20],[3,-13],[22,-22],[14,-23],[11,-7],[9,1],[18,17],[13,23],[13,15],[12,4],[15,-4],[17,-15],[24,-32],[13,-5],[14,-25],[13,-12],[50,-7],[5,-9],[31,3],[21,-4],[40,-37],[17,0],[15,-10],[27,-46],[8,-27],[10,-19],[37,-29],[8,-2],[25,26],[19,40],[20,5],[15,-7],[12,-10],[14,-19],[14,-42],[5,8],[1,8],[5,1],[-1,-16],[-5,-2],[4,-11],[-4,-6],[7,-3],[9,-23],[-5,-32],[-7,-5],[2,-15],[-3,-8],[32,-25],[14,-1],[3,6],[11,2],[10,-7],[4,5],[-3,22],[7,13],[33,-1],[2,9],[6,2],[4,-15],[6,-3],[21,5],[28,-42],[10,-3],[18,-13],[36,-13],[16,-13],[-3,-22],[7,1],[4,-8],[0,-6],[-4,-3],[1,-14],[5,2],[2,-8],[-3,-4],[-4,1],[-1,-4],[7,-10],[0,-5],[-12,-2],[-7,-7],[-18,3],[18,-15],[21,1],[3,-3],[5,10],[6,-1],[7,16],[21,13],[19,-12],[14,-2],[3,-4],[9,3],[17,-10],[2,11],[5,4],[47,-3],[11,-14],[12,2],[10,-5],[8,-11],[6,-2],[1,-5],[7,1],[6,-8],[2,3],[14,-3],[11,-17],[15,-9],[5,1],[7,-15],[19,-6],[8,-18],[25,-38],[-1,-8],[5,-10],[-3,-5],[28,-49],[-4,-15],[8,-16],[1,-9],[7,-5],[0,-10],[19,-27],[-2,-20],[12,-19],[19,-56],[-2,-9],[-8,-5],[2,-12],[10,-14],[3,-16],[9,-3],[-1,-21],[3,-6],[6,-7],[10,0],[-13,-18],[3,-15],[-4,-15],[1,-7],[-5,-44],[6,-21],[1,-20],[-21,-62],[2,-14],[-10,-63],[4,-34],[-12,-12],[3,-20],[6,-4],[-1,-12],[-2,-2],[-7,12],[-4,1],[-1,-15],[-6,-1],[-3,-10],[-5,1],[-4,-6],[-9,7],[-6,-14],[-10,0],[-6,-30],[-17,-24],[-6,-3],[7,-13],[-16,-21],[2,-18],[-8,-25],[-8,4],[-6,-4],[-8,2],[-8,-9],[-29,-16],[-9,-20],[-17,-16],[-7,-16],[-26,-22],[36,-43],[9,-6],[5,4],[13,-15],[-4,-10],[7,-10],[-9,8],[-4,-8],[-15,16],[1,5],[-5,10],[-37,47],[-15,-16],[-15,-7],[-2,-16],[-4,-7],[1,-14],[-12,-17],[0,-27],[-4,-16],[3,-5],[-4,-14],[-4,-2],[4,-7],[-3,-6],[2,-9],[-4,-6],[2,-6],[0,-13],[-11,-7],[-1,-8],[-6,-7],[4,-22],[0,-12],[-5,-10],[2,-10],[-3,-21],[-19,-34],[-20,-7],[-11,-58],[-13,-40],[1,-23],[4,-20],[-6,-22],[-1,-43],[12,-44],[-5,-17],[-1,-28],[-4,-22],[9,-21],[-4,-17],[6,-17],[-8,-15],[-1,-16],[-1,-1],[-4,15],[-3,-19],[-12,-24],[-5,-29],[4,-2],[3,5],[5,-8],[0,-7],[-10,-14],[-18,5],[-2,4],[-3,-10],[-10,-6],[-14,5],[-51,-2],[-15,3],[-22,-6],[-23,3],[-13,7],[-17,-15],[-10,0],[-14,9],[-12,16],[-14,12],[-18,51],[-2,22],[-8,10],[-15,-4],[-24,27],[-10,7],[-24,8],[-10,10],[-17,5],[-19,-7],[-17,13],[-25,-23],[-4,1],[-3,11],[-22,-8],[-28,-25],[-29,-40],[-10,-25],[-10,-39],[-3,-28],[5,-31],[5,-6],[9,1],[14,-22],[30,-20],[11,-16],[14,-28],[7,-2],[20,-25],[8,-18],[32,-43],[11,-47],[8,-8],[2,-9],[2,0],[0,13],[9,4],[37,1],[23,-24],[35,-6],[35,-30],[52,-30],[21,-27],[34,-34],[21,-19],[11,-3],[40,-58],[22,-44],[8,-2],[8,-6],[36,-48],[8,-4],[1,-7],[39,-52],[28,-31],[31,-19],[14,-26],[-7,-21],[-4,-53],[-5,-22],[-10,-15],[-26,-17],[-10,-29],[-39,0],[-16,-5],[-5,6],[-2,12],[-8,2],[3,-23],[-14,-17],[-4,-18],[3,-29],[15,-54],[0,-15],[-19,-5],[-88,-128],[-31,-19],[-23,-35],[3,-14],[-3,-8],[-19,-13],[-63,2],[-132,172],[-2,27],[-8,39],[-4,-3],[-38,10],[-7,-9],[-9,8],[-6,-8],[-12,-2],[-7,3],[-11,13],[-11,-3],[-11,9],[-16,-3],[-23,18],[-8,-5],[-8,4],[-2,-6],[-8,-3],[-1,-10],[-10,5],[2,-10],[-3,-5],[-19,13],[-8,15],[-2,-7],[7,-13],[-11,4],[-9,8],[-15,-2],[-6,-7],[3,-12],[-6,1],[1,-9],[-8,5],[-6,-5],[-9,2],[-13,9],[-7,-8],[-10,1],[-32,17],[-16,14],[-4,-6],[7,-8],[-12,-1],[-27,29],[-19,11],[-5,12],[-3,-2],[-1,12],[-12,20],[-7,-4],[-30,-39],[-7,-5],[-12,0],[-14,24],[-29,34],[-11,19],[-25,24],[-5,44],[-10,53],[0,49],[5,18],[-3,37],[-8,9],[4,13],[-6,13],[-20,24],[-20,11],[-4,28],[-46,87],[-21,4],[-35,-8],[-10,-5],[-10,-11],[-23,-61],[-10,-19],[0,-25],[-23,-70],[0,-20],[-17,-27],[-14,-49],[-12,-13],[-10,-4],[-8,2],[-32,35],[-16,10],[-2,24],[-6,23],[3,12],[7,-7],[-3,24],[-11,-7],[-42,23],[-33,3],[-32,11],[-35,30],[-17,34],[-13,15],[-29,18],[-55,12],[-32,-2],[-61,17],[-16,-5],[-16,-12],[-38,-35],[-81,-92],[-34,-62],[-26,-77],[2,-48],[20,-40],[19,-55],[18,-39],[3,-27],[8,-18],[-55,-42],[-8,-18],[-1,-12],[8,-23],[49,-84],[10,-25],[21,-24],[10,-18],[6,-44],[-3,-47],[-5,-17],[3,-6],[-2,-34],[-4,-20],[8,-44],[-62,7],[0,-5],[-6,-4],[-7,27],[-5,3],[2,13],[-14,9],[-11,-2],[-5,11],[6,6],[-1,6],[-9,12],[-33,-3],[-21,-7],[-20,9],[-12,18],[-20,50],[-7,4],[0,9],[-7,10],[2,5],[-2,14],[-8,19],[1,9],[-13,11],[-24,38],[-11,25],[-6,4],[-15,22],[-57,47],[-54,28],[-20,2],[-38,25],[-37,29],[-7,12],[0,60],[9,86],[8,48],[11,20],[8,46],[42,113],[4,26],[-5,37],[-6,18],[-67,89],[-8,17],[-26,21],[-11,23],[-39,131],[1,12],[-7,12],[-2,34],[6,37],[-17,30],[-6,-1],[-25,18],[-23,10],[-30,48],[-20,11],[-21,5],[-22,-1],[-14,-8],[-22,-29],[-45,-36],[-21,-27],[-17,13],[-1,41],[-4,21],[-34,41],[-7,39],[-10,11],[-15,32],[-22,89],[-8,7],[-11,2],[-5,6],[-16,54],[-20,35],[-6,16],[-31,41],[-29,57],[-23,67],[-15,61],[-28,57],[2,15],[-6,18],[-17,31],[-12,12],[-13,23],[-4,11],[-9,9],[-35,68],[-20,28],[-33,56],[-6,46],[-30,68],[-4,23],[0,51],[-18,59],[-23,13],[-19,21],[-24,-2],[-22,-10],[-9,-1],[-18,17],[-9,31],[-35,13],[-27,0],[-13,-5],[-16,-15],[-32,-103],[-20,-24],[-17,-13],[-6,-1],[-29,32],[-38,31],[-16,23],[-8,21],[-11,11],[-37,3],[-29,-4],[-9,10],[-3,22],[-3,5],[-13,15],[-16,10],[-49,20],[-28,3],[-16,9],[-16,17],[-28,7],[-29,16],[3,22],[-26,29],[-8,18],[-17,42],[-4,23],[-12,23],[-35,108],[-20,71],[4,19],[-4,15],[3,14],[-2,14],[-27,17],[-23,24],[-91,61],[-53,45],[-8,10],[-14,-13],[-16,-4],[-6,2],[-33,57],[-32,45],[-7,3],[-10,-4],[-13,3],[-16,21],[-6,23],[-7,7],[-51,16],[-45,31],[-29,24],[-11,3],[-21,21],[-36,22],[-6,10],[-17,5],[-34,-5],[-27,13],[-54,18],[-18,0],[-3,-7],[-47,31],[-102,84],[-53,30],[-9,12],[-8,26],[-80,63],[-45,59],[-31,28],[-10,14],[-70,57],[-9,5],[-10,0],[-24,15],[-24,23],[-30,18],[-19,-6],[-13,-23],[-9,14],[-57,38],[-11,-4],[-17,23],[-25,45],[12,23],[5,30],[-6,45],[-18,72],[-1,70],[-6,47],[3,29],[-4,27],[0,51],[14,7],[41,74],[19,8],[25,-5],[18,2],[11,8],[9,17],[2,24],[-7,34],[2,10],[10,16],[-6,27],[1,8],[21,14],[-1,26],[-8,33],[-1,92],[11,28],[25,32],[8,7],[66,30],[70,42],[31,48],[49,41],[74,32],[51,14],[22,2],[60,24],[56,-5],[48,27],[12,-5],[24,-24],[10,-1],[33,3],[18,15],[12,-6],[45,17],[11,-9],[4,-9],[18,-7],[14,2],[12,9],[19,22],[29,54],[10,60],[13,52],[4,38],[-4,32],[-10,23],[-13,5],[-11,-14],[-6,1],[-9,6],[-18,2],[-11,18],[-2,14],[6,28],[1,23],[-8,46],[7,47],[16,34],[12,11],[25,42],[10,25],[6,2],[14,-11],[10,4],[9,12],[7,15],[0,22],[4,14],[23,22],[34,57],[27,58],[42,30],[43,19],[35,8],[33,-4],[51,-27],[22,-15],[33,-35],[37,-55],[26,-59],[21,-32],[11,-9],[50,-23],[45,-28]],[[443,55666],[-54,-50],[-41,-30],[-6,-13],[-16,-18],[-42,-66],[-15,-15],[-28,-8],[-20,2],[-15,10],[-9,20],[-10,38],[-2,34],[13,71],[28,21],[73,120],[26,82],[13,20],[47,57],[19,29],[21,14],[24,46],[11,8],[23,40],[26,20],[24,-4],[29,-17],[15,-14],[12,-40],[20,-37],[-1,-31],[-16,-80],[-2,-25],[-7,-29],[-10,-27],[-18,-33],[-12,-17],[-27,-28],[-11,4],[-17,-6],[-17,-17],[-14,-20],[-14,-11]],[[22013,60039],[-13,21],[2,11],[6,-1],[10,-11],[0,-19],[-5,-1]],[[20740,66660],[7,1],[3,-5],[-11,-10],[1,14]],[[17180,69359],[6,14],[-1,-13],[-6,-8],[1,7]],[[25896,17868],[-2,33],[5,33],[19,25],[30,7],[6,-23],[-27,-53],[-12,-45],[-7,2],[-12,21]],[[25695,18098],[-3,-10],[-10,7],[3,6],[10,-3]],[[26069,18739],[17,1],[14,-9],[10,-20],[18,-20],[-10,-17],[-42,-48],[-26,-17],[-9,3],[-10,14],[-28,19],[-46,14],[-16,29],[2,17],[15,16],[12,25],[8,-2],[14,6],[25,-6],[25,7],[27,-12]]],"transform":{"scale":[0.000052582103681037076,0.000038793480030000185],"translate":[101.02239169100005,-6.168001692999951]},"objects":{"wilayah_provinsi":{"type":"GeometryCollection","geometries":[{"arcs":[[[0]],[[1]],[[2]],[[3]],[[4]],[[5]],[[6]],[[7]],[[8]],[[9]],[[10]],[[11]],[[12]],[[13]],[[14]],[[15]],[[16]],[[17]],[[18]],[[19]],[[20]],[[21]],[[22]],[[23]],[[24]],[[25,26]],[[27]],[[28]],[[29]],[[30]],[[31]],[[32]],[[33]],[[34]],[[35]],[[36]],[[37]],[[38]],[[39]],[[40]],[[41]],[[42]],[[43]],[[44]],[[45]],[[46]],[[47]],[[48]],[[49]],[[50]],[[51]],[[52]],[[53]],[[54]],[[55]],[[56]],[[57]],[[58]],[[59]],[[60]],[[61]],[[62]],[[63]],[[64]],[[65]],[[66]],[[67]],[[68]],[[69]],[[70]],[[71]],[[72]],[[73]],[[74]],[[75]],[[76]],[[77]],[[78]],[[79]],[[80]],[[81]],[[82]],[[83]],[[84]],[[85]],[[86]],[[87]],[[88]],[[89]],[[90]],[[91]],[[92]],[[93]],[[94]],[[95]],[[96]],[[97]],[[98]],[[99]],[[100]],[[101]],[[102]],[[103]],[[104]],[[105]],[[106]],[[107]],[[108]],[[109]],[[110]],[[111]],[[112]],[[113]],[[114]],[[115]],[[116]],[[117]],[[118]],[[119]],[[120]],[[121]],[[122]],[[123]],[[124]],[[125]],[[126]],[[127]],[[128]],[[129]],[[130]],[[131]],[[132]],[[133]],[[134]],[[135]],[[136]],[[137]],[[138]],[[139]],[[140]],[[141]],[[142]],[[143]],[[144]],[[145]],[[146]],[[147]],[[148]],[[149]],[[150]],[[151]],[[152]],[[153]],[[154]],[[155]],[[156]],[[157]],[[158]],[[159]],[[160]],[[161]],[[162]],[[163]],[[164]],[[165]],[[166]],[[167]],[[168]],[[169]],[[170]],[[171]],[[172]],[[173]],[[174]],[[175]],[[176]],[[177]],[[178]],[[179]],[[180]],[[181]],[[182]],[[183]],[[184]],[[185]],[[186]],[[187]],[[188]],[[189]],[[190]],[[191]],[[192]],[[193]],[[194]],[[195]],[[196]],[[197]],[[198]],[[199]],[[200]],[[201]],[[202]],[[203]],[[204]],[[205]],[[206]],[[207]],[[208]],[[209]],[[210]],[[211]],[[212]],[[213]],[[214]],[[215]],[[216]],[[217]],[[218]],[[219]],[[220]],[[221]],[[222]],[[223]],[[224]],[[225]],[[226]],[[227]],[[228]],[[229]],[[230]],[[231]],[[232]],[[233]],[[234]],[[235]],[[236]],[[237]],[[238]],[[239]],[[240]],[[241]],[[242]],[[243]]],"type":"MultiPolygon","properties":{"WADMPR":"Lampung"}},{"arcs":[[[-26,244]],[[245]],[[246]],[[247]],[[248]],[[249]],[[250]],[[251]],[[252]],[[253]]],"type":"MultiPolygon","properties":{"WADMPR":"Bengkulu"}}]}}}